tree
version=v4
num_class=1
num_tree_per_iteration=1
label_index=0
max_feature_idx=27
objective=binary sigmoid:1
feature_names=loan_amount term_months interest_rate loan_to_income_ratio is_debt_consolidation is_small_business credit_score annual_income dti open_accounts delinq_2yrs employment_length_yrs age is_renter owns_home credit_score_pctrank income_pctrank dti_decile latest_roll3_avg_days_late max_days_late_ever total_late_payments latest_balance pct_balance_paid_down avg_days_late_momentum n_payments_observed pctrank_avg_lateness n_inquiries_24mo n_inquiries_6mo
feature_infos=[1136:40000] [36:60] [5:20.649999999999999] [0.014072447337334402:2.0053130769975049] [0:1] [0:1] [431:850] [18000:450000] [0:60] [1:23] [0:6] [0:40] [21:75] [0:1] [0:1] [0:0.99580753105888686] [0:1] [1:10] [0:52.966666666666669] [0:59.5] [0:11] [783.90999999999997:34727.339999999997] [0.095262678113353302:0.41841323407600833] [-4.3999999999999995:7.1333333333333329] [4:12] [0:0.99992307396438329] [0:7] [0:5]
tree_sizes=2894 2994 3269 3278 3300 2981 3123 3397 3398 3292 2872 3193 3375 3063 2862 2975 3401 3282 2903 3115 2870 3097 3270 3060 2815 3166 3199 3288 3152 3182 2917 3212 3201 3315 3155 3092 3007 2855 3015 3183 2874 2884 2900 2961 2986 2867 2979 2985 2773 2776 2747 2684 2783 2785 2687 3215 2965 2675 2873 2895 2163 2686 2909 2787 2863 3292 2763 3075 3118 2700 2868 3121 2884 2667 2861 3116 3090 3097 2864 3333 2776 2583 2581 2714 2672 2588 2743 2789 2681 2692 2558 2791 1784 2588 2388 2913 2581 2374 2138 2349 3014 2346 2461 2576 2465 2897 2582 2156 2668 2365 1902 2019 2355 1900 2027 2968 2796 3001 2811 3034 1726 1853 2900 1730 2982 2405 2454 2467 2451 2178 2715 2484 3024 2516 2495 2827 2660 2504 3019

Tree=0
num_leaves=27
num_cat=0
split_feature=6 6 6 8 18 18 18 6 8 8 8 12 3 3 6 22 19 8 8 0 2 8 3 12 8 8
split_gain=7734.34 1339.33 832.128 376.049 304.625 279.411 241.894 180.333 149.755 132.877 103.635 79.165 70.5929 53.7103 45.8543 43.2141 41.0242 36.4964 25.7664 19.1647 16.4261 16.3293 7.84382 12.2232 7.00257 2.18985
threshold=654.50000000000011 711.50000000000011 609.50000000000011 11.615 8.4166666666666696 9.9166666666666696 4.3500000000000005 778.50000000000011 24.455000000000002 7.0250000000000012 24.135000000000002 35.500000000000007 0.074155901691649553 0.12359664891566936 586.50000000000011 0.39070355124962691 21.350000000000005 7.2750000000000012 9.5850000000000026 10328.500000000002 12.895000000000001 13.995000000000003 0.39353722217934539 40.500000000000007 13.235000000000001 32.795000000000009
decision_type=2 2 2 2 2 2 2 2 2 2 2 2 2 2 2 2 2 2 2 2 2 2 2 2 2 2
left_child=2 3 6 15 9 8 14 10 -5 19 17 -12 -11 -7 18 20 21 -3 -1 -4 -2 -6 25 -24 -16 -9
right_child=1 7 4 5 16 13 -8 22 -10 12 11 -13 -14 -15 24 -17 -18 -19 -20 -21 -22 -23 23 -25 -26 -27
leaf_value=-1.5538814462088801 -1.6152997344874573 -1.6464954817830117 -1.6186953578650958 -1.5811565639933998 -1.5418469365263898 -1.5703952118198212 -1.4700984400348285 -1.651580933711583 -1.5544223968448108 -1.5762673246446335 -1.6166088892655599 -1.5846536652808383 -1.5279475089085257 -1.520905033119631 -1.5556447424970326 -1.5710652798641458 -1.4776990141553679 -1.6166088892655599 -1.4882551219814284 -1.5764151565174362 -1.6466896361674797 -1.503490884438887 -1.6461807225154697 -1.6091214426936717 -1.5200938205320802 -1.6328860046343947
leaf_weight=13.734064295887945 100.47606761753559 39.675695449113846 14.390374734997748 392.10333579778671 33.856345325708389 31.604946166276932 668.89354407787323 101.45752486586571 401.7424594014883 36.171361893415451 109.3274741768837 189.93492831289768 551.16158936917782 176.17912349104881 26.490602269768715 17.051476553082466 114.01141783595085 315.2507539242506 126.06190663576126 20.373862683773041 15.343031689524649 184.75512197613716 13.960776582360269 12.874867990612982 89.553364291787148 18.532166182994843
leaf_count=59 626 283 92 2086 140 156 1570 734 1849 185 686 1027 2147 649 119 83 284 1978 351 103 111 594 101 77 325 126
internal_value=-1.5441 -1.58626 -1.50078 -1.56532 -1.52098 -1.55904 -1.4802 -1.61601 -1.56747 -1.53412 -1.60922 -1.59626 -1.53073 -1.52778 -1.50768 -1.61305 -1.49713 -1.62011 -1.49352 -1.59389 -1.61964 -1.50856 -1.64579 -1.62807 -1.52678 -1.64925
internal_weight=3814.97 1935.51 1879.45 1134.5 954.72 1001.63 924.733 801.014 793.846 622.097 654.189 299.262 587.333 207.784 255.84 132.871 332.623 354.926 139.796 34.7642 115.819 218.611 146.825 26.8356 116.044 119.99
internal_count=16541 10572 5969 5560 3545 4740 2424 5012 3935 2527 3974 1713 2332 805 854 820 1018 2261 410 195 737 734 1038 178 444 860
is_linear=0
shrinkage=1


Tree=1
num_leaves=27
num_cat=0
split_feature=15 15 15 17 18 23 18 15 17 17 17 12 11 0 15 21 15 22 23 19 17 18 17 3 12 0
split_gain=6295.38 1193.83 632.292 303.109 230.196 213.96 203.003 172.397 147.504 114.673 84.872 62.1212 49.16 40.2108 39.4314 37.7342 36.8782 35.2389 32.5433 21.0235 18.9996 18.1953 15.7971 7.7716 11.8402 5.50837
threshold=0.35435978306857957 0.69371898919189212 0.16939113042809342 2.5000000000000004 12.616666666666669 0.89545454545454584 4.3500000000000005 0.93478595330589653 9.5000000000000018 1.5000000000000002 6.5000000000000009 37.500000000000007 12.350000000000003 8174.0000000000009 0.063521673910535037 12382.015000000001 0.63812069694988283 0.18221409015879084 1.3825757575757576 21.350000000000005 5.5000000000000009 12.616666666666669 2.5000000000000004 0.39353722217934539 40.500000000000007 11538.500000000002
decision_type=2 2 2 2 2 2 2 2 2 2 2 2 2 2 2 2 2 2 2 2 2 2 2 2 2 2
left_child=2 3 6 16 8 9 14 10 -5 13 15 -12 -11 -4 -1 -3 17 -2 -6 22 -16 -8 -7 -9 -25 -18
right_child=1 7 5 4 18 19 21 23 -10 12 11 -13 -14 -15 20 -17 25 -19 -20 -21 -22 -23 -24 24 -26 -27
leaf_value=0.11400597726899617 -0.0050854911583337638 -0.0074853661911998288 0.053935385611637451 0.042901454494470678 0.052902037668263707 0.065822581598191432 0.11878895266884588 -0.032389046866209192 0.078884121750502273 0.077852333727333425 0.0031722219260114969 0.031516831042219084 0.026986934216509193 -0.0032587066677495918 0.072481198420958085 0.015385636928760528 -0.029735223763259749 0.026551740019400014 0.098513826377488276 0.12098612727349527 0.09895757898629956 0.13524785366651432 0.099870179036397791 -0.029308443046644032 0.0072610419535985172 -0.0012994152193492817
leaf_weight=117.5552941262722 40.406593695282936 288.26236729323864 16.909731104969978 719.8596016317606 28.901295736432076 36.840247184038162 414.70744025707245 117.42681211233139 125.5400955080986 468.66762857139111 126.38301372528076 161.61063435673714 22.470085144042969 23.998883903026581 109.3084025233984 81.217484146356583 14.211370140314104 116.89251537621021 113.56066815555096 97.828046649694443 97.524166598916054 413.41012041270733 206.45142684876919 13.68579337000847 12.939387112855909 13.979060664772986
leaf_count=305 259 1871 75 3510 125 149 1009 860 479 1762 778 850 113 148 425 475 102 638 359 227 302 815 639 101 77 88
internal_value=0.0670122 0.0288329 0.104154 0.0480853 0.0546933 0.0843389 0.118969 0.000562534 0.0484538 0.0716569 0.00712899 0.0192892 0.0757049 0.0210956 0.0968371 -0.00232143 0.0125251 0.0182747 0.0903287 0.103499 0.085937 0.127348 0.0954156 -0.0288895 -0.0112227 -0.0176484
internal_weight=4000.55 1974.88 2025.67 1173.35 987.862 873.166 1152.51 801.525 845.4 532.046 657.473 287.994 491.138 40.9086 324.388 369.48 185.49 157.299 142.462 341.12 206.833 828.118 243.292 144.052 26.6252 28.1904
internal_count=16541 10572 5969 5560 4473 3113 2856 5012 3989 2098 3974 1628 1875 223 1032 2346 1087 897 484 1015 727 1824 788 1038 178 190
is_linear=0
shrinkage=0.03


Tree=2
num_leaves=30
num_cat=0
split_feature=6 6 6 8 23 3 18 3 8 6 8 25 6 8 3 8 6 25 8 25 6 25 6 23 17 19 3 7 8
split_gain=5234.3 1059.6 513.343 337.576 176.567 174.682 151.355 123.426 118.293 117.51 101.485 99.2742 70.3939 60.9524 42.64 37.8686 39.0071 37.776 30.6626 29.4506 29.1121 24.1568 15.5922 18.9868 13.9166 10.2355 7.69501 8.72126 2.38199
threshold=655.50000000000011 722.50000000000011 616.50000000000011 24.455000000000002 0.89545454545454584 0.31735209659772595 4.3500000000000005 0.12359664891566936 9.3950000000000014 778.50000000000011 12.125000000000002 0.60075387514904433 706.50000000000011 28.745000000000001 0.074155901691649553 13.995000000000003 637.50000000000011 0.4648448017231433 39.790000000000006 0.7266817954536714 578.50000000000011 0.29843455517519907 564.50000000000011 1.343650793650794 5.5000000000000009 17.750000000000004 0.39353722217934539 42177.000000000007 32.795000000000009
decision_type=2 2 2 2 2 2 2 2 2 2 2 2 2 2 2 2 2 2 2 2 2 2 2 2 2 2 2 2 2
left_child=2 3 6 5 8 12 20 18 17 13 -7 -9 -2 19 -10 16 -6 -4 -5 -3 -1 -15 -8 -24 -22 -17 28 -28 -11
right_child=1 9 4 7 15 10 22 11 14 26 -12 -13 -14 21 -16 25 -18 -19 -20 -21 24 -23 23 -25 -26 -27 27 -29 -30
leaf_value=0.10314449390557026 0.023570996701622337 -0.0086487327464167905 -0.0082559861708709371 0.023223307729650686 0.082153346817363262 0.0086149226123723045 0.12430476021594752 0.051748226514088294 0.031594164420777872 -0.034546737652137033 0.061613657805240182 0.080308157925516224 -0.0048788988257638813 0 0.072247771323650414 0.088502000201289441 0.023272295025420605 0.044631987180013585 0.06675481169253461 0.012653688154919917 0.06719475978701113 0.027041258006585779 0.098432163024308558 0.11624677336022342 0.090306627274201218 0.10930203147565688 -0.022898993159596103 0.0097158940281767709 -0.01543099111746285
leaf_weight=126.10541373491287 419.27235943078995 289.1461129784584 23.213654369115829 107.29458606243134 36.370979562401772 42.891254156827927 292.72038154304028 270.34448792040348 31.802772790193558 96.92923367023468 166.24088394641876 227.92487463355064 93.33990104496479 45.234830513596535 496.12189003825188 176.16445454955101 18.795528560876846 20.885306656360626 17.400050118565559 70.294954806566238 114.44521400332451 96.605872571468353 261.31299690902233 340.5283924639225 103.75002281367779 141.26962533593178 17.552279889583591 8.8652577698230726 17.933011651039124
leaf_count=305 2217 1877 146 552 114 254 507 1186 152 734 695 791 592 275 1774 527 91 95 64 414 425 515 649 668 302 316 125 53 126
internal_value=0.0623094 0.0270197 0.09436 0.0421463 0.0772041 0.0279758 0.107272 0.0583736 0.0660241 -0.00462202 0.0510707 0.0651413 0.0183335 0.00216231 0.0699838 0.0938435 0.0641331 0.0169907 0.0304924 -0.00435271 0.0885006 0.0187117 0.114249 0.108913 0.0790409 0.0984791 -0.0285974 -0.0109848 -0.0321341
internal_weight=4170.76 1987.27 2183.49 1344.71 944.624 721.744 1238.86 622.964 572.024 642.562 209.132 498.269 512.612 501.282 527.925 372.601 55.1665 44.099 124.695 359.441 344.301 141.841 894.562 601.841 218.195 317.434 141.28 26.4175 114.862
internal_count=16541 10470 6071 6351 3215 3758 2856 2593 2167 4119 949 1977 2809 3081 1926 1048 205 241 616 2291 1032 790 1824 1317 727 843 1038 178 860
is_linear=0
shrinkage=0.03


Tree=3
num_leaves=30
num_cat=0
split_feature=6 6 6 8 25 17 18 6 21 8 6 19 8 3 7 6 8 25 6 7 21 23 19 3 8 6 3 7 8
split_gain=4470.08 789.407 589.238 220.039 219.601 179.868 139.394 113.209 100.258 112.806 78.5209 71.2269 56.8037 41.7001 30.0605 29.6757 28.1601 27.7602 26.9839 24.8879 23.6069 23.5479 18.8485 18.7588 16.4947 16.0253 7.64014 8.40918 2.39775
threshold=675.50000000000011 620.50000000000011 722.50000000000011 24.655000000000005 0.81153121273895168 1.5000000000000002 4.3500000000000005 778.50000000000011 6537.8500000000013 11.085000000000003 657.50000000000011 13.250000000000002 28.745000000000001 0.49928643819825796 69417.175000000003 586.50000000000011 13.995000000000003 0.7266817954536714 644.50000000000011 71565.610000000015 5897.4600000000009 1.226136363636364 17.750000000000004 0.12020378636386468 9.5850000000000026 590.50000000000011 0.39353722217934539 42177.000000000007 32.795000000000009
decision_type=2 2 2 2 2 2 2 2 2 2 2 2 2 2 2 2 2 2 2 2 2 2 2 2 2 2 2 2 2
left_child=1 6 3 8 5 18 15 12 14 -10 -7 13 17 -5 -2 24 21 -4 -3 -13 -14 -6 -18 -17 -1 -8 28 -28 -9
right_child=2 4 7 11 16 10 25 26 9 -11 -12 19 20 -15 -16 23 22 -19 -20 -21 -22 -23 -24 -25 -26 -27 27 -29 -30
leaf_value=0.047967014510434391 0.0077187693371041565 0.032669924907225492 -0.0084401356708113488 0.036614909446551581 0.077372917850728432 0.066996737773069887 0.1083771944121283 -0.034337340119211364 -0.0089040336287248001 0.036680651107040628 0.046975163699833011 0.079674218494737423 0.034442345034864444 0.070343759212843873 -0.02079361265807201 0.047472086415103941 0.073398701792134619 0.012182870911826196 -0.0022412371992377002 0.03029482139288181 0.0083253633319036006 0.025226971704076864 0.096147389812673595 0.075965235717108892 0.095639002546393209 0.095260386248571666 -0.022599586099814811 0.0094268212495210568 -0.015159883795477816
leaf_weight=16.161791548132896 122.18305933475494 31.336208075284958 287.47866259515285 284.09679798781872 19.50464229285717 634.30772550404072 602.89803332090378 94.6415014564991 57.379069417715073 272.53850781917572 297.69042062759399 79.652717739343643 49.840592980384827 42.037757486104965 43.459820657968521 46.507250681519508 111.2785999327898 70.889254942536354 45.391310334205627 16.562083899974823 93.721923127770424 20.36716502904892 205.347322255373 176.60584326088428 155.09894210100174 405.98624460399151 17.28188514709473 8.923428460955618 17.744742333889008
leaf_count=59 698 152 1877 1303 62 2179 1059 734 370 1299 1299 247 250 149 286 181 351 414 277 74 540 91 483 552 351 900 125 53 126
internal_value=0.058232 0.0811009 0.0175353 0.0329227 0.064598 0.0571089 0.0970203 -0.00450309 0.019143 0.0286563 0.060748 0.0488539 0.00209789 0.0414561 0 0.0803699 0.0852684 -0.00423245 0.0121035 0.0722697 0.0179471 0.0539297 0.0887574 0.0706337 0.091919 0.103327 -0.0283127 -0.0107352 -0.0318897
internal_weight=4326.91 2768.48 1558.43 917.91 1365.22 1008.73 1403.26 640.522 495.56 329.918 931.998 422.349 501.93 326.135 165.643 394.374 356.498 358.368 76.7275 96.2148 143.563 39.8718 316.626 223.113 171.261 1008.88 138.592 26.2053 112.386
internal_count=16541 7996 8545 4426 4894 3907 3102 4119 2653 1669 3478 1773 3081 1452 984 1143 987 2291 429 321 790 153 834 733 410 1959 1038 178 860
is_linear=0
shrinkage=0.03


Tree=4
num_leaves=30
num_cat=0
split_feature=15 15 15 8 8 19 18 15 21 8 8 19 8 18 7 15 12 3 8 22 19 0 15 3 3 3 12 15 8
split_gain=3852.69 657.384 539.316 195.299 192.135 143.876 114.418 109.089 91.7079 112.893 77.0663 60.9833 53.0136 49.7892 50.4913 41.1074 38.2374 35.8622 33.0778 27.6054 25.5232 22.7792 19.0931 16.1809 12.019 7.58584 11.6039 4.15916 2.41496
threshold=0.47988384168621873 0.18450709642678567 0.74737489903457843 24.655000000000005 13.995000000000003 17.750000000000004 7.8833333333333337 0.93478595330589653 6717.755000000001 11.085000000000003 31.435000000000006 13.250000000000002 28.745000000000001 4.2166666666666677 76118.545000000013 0.38345705604061703 37.500000000000007 0.49928643819825796 10.755000000000001 0.20606894802270917 5.9500000000000011 16665.500000000004 0.62642793953613618 0.47564399593812595 0.10532380463183845 0.39353722217934539 40.500000000000007 0.088272625870225788 32.795000000000009
decision_type=2 2 2 2 2 2 2 2 2 2 2 2 2 2 2 2 2 2 2 2 2 2 2 2 2 2 2 2 2
left_child=1 6 3 8 13 10 18 12 19 -10 -6 17 20 14 -3 -15 -14 -5 23 -2 -4 -20 -13 -1 -7 28 -27 -8 -9
right_child=2 4 7 11 5 24 27 25 9 -11 -12 22 16 15 -16 -17 -18 -19 21 -21 -22 -23 -24 -25 -26 26 -28 -29 -30
leaf_value=0.047595192777911854 0.019886589341934723 0.029226016187300505 -0.015640844770975323 0.034721653532273078 0.054520615656983608 0.051206080495886631 0.10202279737538753 -0.034134756097523436 -0.010591683295573922 0.035623293513956024 0.075774603882979158 0.078521314623701655 0 0.05719258365413063 -0.019593740099856611 0.0091048265689668579 0.030506414354500459 0.065540058319143224 0.077204353332017486 -0.0065035542404069321 0.0013177709222107477 0.095905372961596166 0.043252063079714298 0.086471754274722784 0.090567073423161601 -0.028841474379925059 0.0077358279535697533 0.089762865133576161 -0.01489214182129512
leaf_weight=70.574049904942513 47.118473991751671 94.328068539500237 115.03796261548996 290.60617379844189 728.17157858610153 20.347841754555702 492.43805147707462 92.392958134412766 55.501173734664917 271.42312656342983 232.14032831788063 64.466466948390007 63.235115244984627 94.080966338515282 21.507229074835777 22.067902356386185 81.959764719009399 43.882238537073135 443.15227870643139 127.58483874797821 242.28023391962051 146.20007619261742 35.888575568795204 18.867896243929863 204.81183901429176 13.193683490157129 12.803093820810316 307.00193707644939 17.560628414154053
leaf_count=250 255 445 780 1303 2652 64 773 734 363 1257 690 180 384 343 135 121 406 149 1127 778 1511 294 141 39 444 101 77 619 126
internal_value=0.0546472 0.075179 0.0168308 0.0313062 0.0603365 0.0652782 0.0892902 -0.00438567 0.0183374 0.0276696 0.0598364 0.0460455 0.00203803 0.0346132 0.0197283 0.0486188 0.0172348 0.0392195 0.0792156 0.000588766 -0.0041152 0.0822029 0.0672932 0.0578363 0.0876242 -0.0280324 -0.0104903 0.0975879 -0.0316504
internal_weight=4470.62 2895.69 1574.93 936.471 1417.46 1185.47 1478.23 638.463 501.628 326.924 960.312 434.843 502.513 231.984 115.835 116.149 145.195 334.488 678.794 174.703 357.318 589.352 100.355 89.4419 225.16 135.95 25.9968 799.44 109.954
internal_count=16541 7996 8545 4426 4894 3850 3102 4119 2653 1620 3342 1773 3081 1044 580 464 790 1452 1710 1033 2291 1421 321 289 508 1038 178 1392 860
is_linear=0
shrinkage=0.03


Tree=5
num_leaves=27
num_cat=0
split_feature=6 6 6 18 6 0 25 25 0 10 7 0 7 7 19 11 11 11 23 6 23 6 0 23 9 11
split_gain=3545.24 615.93 518.739 221.424 113.385 103.343 86.7034 69.2163 64.069 62.2537 60.0054 58.6199 58.6068 44.954 48.4448 43.0957 34.4635 33.2084 32.9642 25.5987 24.2629 22.631 20.8928 19.0602 18.144 14.0917
threshold=675.50000000000011 621.50000000000011 710.50000000000011 4.5500000000000016 743.50000000000011 9209.0000000000018 0.79022270087311053 0.8410900419246895 16555.500000000004 1.0000000180025095e-35 29355.180000000004 7770.5000000000009 30312.625000000004 117693.13500000002 18.050000000000004 6.3500000000000005 11.850000000000003 2.4500000000000006 -0.10909090909090904 788.50000000000011 0.018181818181818205 554.50000000000011 9253.5000000000018 0.3348484848484849 8.5000000000000018 8.3500000000000032
decision_type=2 2 2 2 2 2 2 2 2 2 2 2 2 2 2 2 2 2 2 2 2 2 2 2 2 2
left_child=1 6 5 11 8 7 21 20 18 12 19 17 -7 14 -5 -10 -13 -3 -4 -6 -2 -1 -23 -12 -9 -11
right_child=2 3 4 13 10 9 -8 24 15 25 23 16 -14 -15 -16 -17 -18 -19 -20 -21 -22 22 -24 -25 -26 -27
leaf_value=0.090177717357864673 -0.002560171959424993 0.042140080496801187 0.015511594472761174 0.0616799405206215 0.034700518364728268 0.063197199754408157 0.091258749035816683 0.023908221811951319 0.038127214148917898 0.059898089731248876 -0.02378169943323304 0.049814815016459527 0.0267353496516207 0.023401119255025863 0.080198140670854345 -0.0072070753941676563 0.011855792858644 0.014463442610249696 -0.005085544774286725 -0.015525418094887666 0.017515937600880743 0.063188711541974946 0.077472632131118047 -0.0089510908916537683 0.071836094877689799 0.02706359891471672
leaf_weight=136.11224333941936 89.011896744370461 72.087174817919731 100.91724723577499 492.11874957382679 28.483623832464218 47.891521453857422 735.67704039812088 18.299204468727112 83.583149880170822 137.99639992415905 209.16194368153811 474.84801848232746 293.25049334764481 25.657083347439766 248.03123086690903 22.133117854595184 26.273414269089699 99.88400211930275 214.21905754506588 10.71900227665901 126.2328384667635 258.89754292368889 444.78527830541134 142.40810873359442 20.468475833535194 22.110249847173691
leaf_count=234 507 278 567 1574 148 165 1199 80 404 501 1502 1746 1357 107 554 136 124 468 1323 80 640 710 1030 954 62 99
internal_value=0.0509428 0.0699632 0.0142898 0.0555496 -0.00233293 0.0321516 0.0830211 0.0161808 0.0084094 0.0400888 -0.0139625 0.0426237 0.03228 0.0667309 0.0681254 0.0283998 0.0479393 0.0265885 0.00147198 0.0201523 0.00912847 0.0755695 0.0724538 -0.0179438 0.0522317 0.0559386
internal_weight=4581.26 3014.37 1566.89 1438.9 811.625 755.261 1575.47 254.012 420.853 501.249 390.773 673.093 341.142 765.807 740.15 105.716 501.121 171.971 315.136 39.2026 215.245 839.795 703.683 351.57 38.7677 160.107
internal_count=16549 8024 8525 4851 5114 3411 3173 1289 2430 2122 2684 2616 1522 2235 2128 540 1870 746 1890 228 1147 1974 1740 2456 142 600
is_linear=0
shrinkage=0.03


Tree=6
num_leaves=29
num_cat=0
split_feature=6 6 6 18 8 6 8 18 8 3 3 3 7 3 0 8 8 2 10 8 7 8 3 6 23 18 8 6
split_gain=3117 532.547 476.279 191.347 145.859 107.361 96.086 72.1654 70.1964 67.7196 59.9924 57.567 56.97 56.3547 51.0124 46.8745 45.742 42.1288 42.1111 37.6242 34.3173 31.135 24.75 23.6959 21.113 14.0756 11.441 1.43284
threshold=675.50000000000011 621.50000000000011 710.50000000000011 4.5500000000000016 17.825000000000003 743.50000000000011 22.715000000000003 7.8833333333333337 29.585000000000004 0.36312258994921026 0.5999350847008279 0.12704046857495771 29355.180000000004 0.555814153305487 11293.500000000002 36.82500000000001 11.615 14.015000000000002 1.0000000180025095e-35 31.985000000000003 82821.135000000009 31.985000000000003 0.18749219806542769 788.50000000000011 0.69545454545454577 3.7333333333333338 25.575000000000003 597.50000000000011
decision_type=2 2 2 2 2 2 2 2 2 2 2 2 2 2 2 2 2 2 2 2 2 2 2 2 2 2 2 2
left_child=1 7 6 4 17 10 14 21 9 -5 19 -6 23 18 20 -14 -16 -3 -8 -4 -2 22 -1 -7 -10 -15 -12 -9
right_child=2 3 5 8 11 12 13 27 24 -11 26 -13 15 25 16 -17 -18 -19 -20 -21 -22 -23 -24 -25 -26 -27 -28 -29
leaf_value=0.057188898766503307 0.012896254221627518 0.022822506529424264 0 0.048622722706611651 0.029582371660617428 0.033003243468008321 0.028048458129212018 0.086778443427955404 0.053283596112749736 0.073719923127012074 0.021554120153106031 0.05534571407690006 -0.021081303336044695 0.03943915117359785 0 0.016654364735085025 0.037219317090729724 -0.023989576945731367 0.051055697177281062 0.02361601589878385 -0.022573126047813353 0.085607145837115345 0.072245690476981358 -0.015274372560288459 0.082471037937057817 0.085625763397127658 0.064019044951661261 0.076451144989121075
leaf_weight=268.6424328237772 147.84038063883781 187.99387453496456 316.16001932322979 399.57998266816139 116.57745236158371 29.142489045858383 239.30396199226379 610.21578727662563 50.881715685129166 153.20239199697971 16.977227225899696 368.16525806486607 317.04900158196688 18.006859242916107 37.30379644036293 30.286818169057369 150.01945324242115 16.802136689424515 118.8568143248558 73.653842449188232 26.991192102432251 130.06186673045158 355.24605520069599 10.602963775396345 189.67684791982174 31.164248391985893 16.331250816583633 274.48074984550476
leaf_count=729 787 847 1919 1309 473 148 1034 901 157 377 89 1195 2284 65 224 172 628 101 428 366 176 231 793 80 392 69 56 519
internal_value=0.0481405 0.0655125 0.0137545 0.0522755 0.0403592 -0.00226986 0.0306277 0.0773945 0.0624675 0.0558731 0.00811381 0.0493584 -0.0136808 0.0406941 0.0190619 -0.0176285 0.0299145 0.018642 0.0360079 0.00461131 0.00705732 0.069651 0.0660137 0.0192907 0.0769114 0.0715007 0.0456714 0.0837879
internal_weight=4701.22 3121.53 1579.69 1482.88 689.539 810.204 769.487 1638.65 793.341 552.782 423.122 484.743 387.081 407.332 362.155 347.336 187.323 204.796 358.161 389.814 174.832 753.95 623.888 39.7455 240.559 49.1711 33.3085 884.697
internal_count=16549 8024 8525 4851 2616 5114 3411 3173 2235 1686 2430 1668 2684 1596 1815 2456 852 948 1462 2285 963 1753 1522 228 549 134 145 1420
is_linear=0
shrinkage=0.03


Tree=7
num_leaves=31
num_cat=0
split_feature=15 15 15 8 3 25 15 0 8 23 25 0 3 7 8 3 8 2 15 21 8 8 8 15 15 9 9 8 8 15
split_gain=2761.24 472.082 437.557 193.733 122.108 102.23 101.79 86.2857 83.2677 68.0159 62.0729 56.7563 54.7381 54.0845 44.8921 44.7607 42.7706 34.4283 32.967 37.8814 32.9531 31.9028 28.4588 25.0172 21.9728 17.2739 12.2673 11.5778 5.90535 5.32527
threshold=0.47988384168621873 0.2432785876379861 0.68843032424324024 23.295000000000005 0.30654098665170293 0.79022270087311053 0.83797453748221096 9209.0000000000018 11.085000000000003 0.59545454545454568 0.81153121273895168 16555.500000000004 0.12359664891566936 29355.180000000004 36.82500000000001 0.53394386319484788 32.285000000000004 12.545000000000002 0.078887649524981743 4840.4250000000011 28.625000000000004 9.3950000000000014 24.135000000000002 0.65002500096157556 0.95220970037309138 7.5000000000000009 8.5000000000000018 9.5850000000000026 12.275 0.10679256894495943
decision_type=2 2 2 2 2 2 2 2 2 2 2 2 2 2 2 2 2 2 2 2 2 2 2 2 2 2 2 2 2 2
left_child=1 5 7 4 9 18 11 10 25 -3 23 20 17 24 -15 -10 -14 -5 27 -20 -4 -6 -13 -2 -8 -9 -12 -1 -7 -30
right_child=2 3 6 12 21 28 13 8 15 -11 26 22 16 14 -16 -17 -18 -19 19 -21 -22 -23 -24 -25 -26 -27 -28 -29 29 -31
leaf_value=0.048294421969712197 0.011848527746694431 0.011939099230302827 -0.0050298540945117962 0.046814539841680616 0.017092344879995804 0.062133423982988836 0.031429602169079279 0.01494301657162056 0.035210818943249338 0.038000673051891073 0.023892305203197926 0.009778390193933742 0.054072145502330596 -0.020754469659119472 0.016017314030745411 0.060580633910673393 0.074283676007600136 0.0071270718434869283 0.042231402140183054 0.062697796855597329 0.015806475663027054 0.058122489421632152 0.041598803105306101 -0.016052255110671033 -0.015026319365520933 -0.019691476175353242 0.060843278954044164 0.074363086535254266 0.083534086508057687 0.072881409496701632
leaf_weight=39.181815579533577 180.5514325350523 218.59730252623558 220.12022125720978 89.924540549516678 23.753915533423424 76.722396776080132 29.773775145411491 25.373250603675842 390.264608040452 161.01180277764797 23.097612053155899 54.568837359547615 301.70851345360279 312.48167806118727 30.621002331376076 85.091581955552101 203.13703441619873 28.442556321620941 127.26349456608295 606.49809430539608 96.288596481084824 162.64752392470837 54.11320872604847 31.760468676686287 10.48940473794937 22.421043321490288 24.332818776369095 350.43777106702328 516.70957241952419 313.20298933982849
leaf_count=104 923 1007 1392 295 114 158 148 141 1576 571 99 310 893 2284 172 256 457 124 402 1515 498 473 230 192 80 149 75 628 700 583
internal_value=0.0456282 0.0616038 0.0132547 0.0463633 0.0333237 0.0704627 -0.00219589 0.0292129 0.036268 0.023213 0.01472 0.00785256 0.0580137 -0.0133988 -0.0173119 0.0400498 0.062525 0.0378041 0.0638874 0.0593133 0.00127623 0.05329 0.0263583 0.00742392 0.0184787 -0.000840407 0.0451506 0.0720781 0.0784184 0.0797348
internal_weight=4810.59 3219.24 1591.35 1189.22 566.011 2030.02 808.457 782.893 523.15 379.609 259.742 425.091 623.213 383.366 343.103 475.356 504.846 118.367 1123.38 733.762 316.409 186.401 108.682 212.312 40.2632 47.7943 47.4304 389.62 906.635 829.913
internal_count=16549 8024 8525 3934 2165 4090 5114 3411 2122 1578 1289 2430 1769 2684 2456 1832 1350 419 2649 1917 1890 587 540 1115 228 290 174 732 1441 1283
is_linear=0
shrinkage=0.03


Tree=8
num_leaves=31
num_cat=0
split_feature=6 6 6 8 18 8 18 6 8 7 7 21 6 8 21 13 8 21 23 21 8 23 23 19 6 8 21 21 21 8
split_gain=2464.03 423.747 405.022 155.845 121.983 109.476 77.9406 76.729 68.8984 58.8301 54.1521 50.8267 50.3716 49.8642 47.3801 42.272 41.9961 34.0073 31.7756 31.3879 30.1429 31.0369 28.5902 27.3304 24.5039 22.006 19.9704 16.1546 11.3294 0.6217
threshold=675.50000000000011 640.50000000000011 735.50000000000011 23.295000000000005 3.8000000000000003 25.475000000000005 8.6833333333333353 703.50000000000011 7.5750000000000011 78150.895000000004 29355.180000000004 7786.3950000000013 615.50000000000011 16.355000000000004 12382.015000000001 1.0000000180025095e-35 33.265000000000008 6749.1650000000009 1.3045454545454549 3627.2800000000002 36.82500000000001 0.24772727272727282 0.69545454545454577 10.250000000000002 743.50000000000011 8.3850000000000033 11888.150000000001 9684.3450000000012 4376.3400000000011 26.235000000000003
decision_type=2 2 2 2 2 2 2 2 2 2 2 2 2 2 2 2 2 2 2 2 2 2 2 2 2 2 2 2 2 2
left_child=1 4 5 6 12 7 8 11 -3 14 23 -2 26 -14 -7 -8 19 -9 25 -5 24 -22 -11 27 -12 -6 -1 -4 -18 -20
right_child=2 3 10 16 18 9 15 17 -10 22 20 -13 13 -15 -16 -17 28 -19 29 -21 21 -23 -24 -25 -26 -27 -28 -29 -30 -31
leaf_value=0.055218277154998469 0.01006943810790375 -0.015871098357212274 -0.016051494263232824 0.0080332832743613709 0.038761006411278394 0.03143971321162644 0.02504200720918549 -0.01214171170929291 0.025620416831684902 -0.0052905938758429777 -0.00069511035601649296 0.032514809898056218 0.016890529357160018 0.04958614920461904 0.056426351321307355 0.062432609373019254 0.033828743495440107 0.0098917059913689927 0.070153210903599897 0.048129059856071875 -0.01599614884024474 0.035552431423870344 0.030220854934152282 0.047752815342204713 -0.020430426338367072 0.065465218984323156 0.074462103076862227 0.02446657865071316 0.06843744622494817 0.078460406508593303
leaf_weight=295.71378557384014 168.68462620675564 38.582275092601776 18.261143103241924 21.431778281927109 45.681835860013962 304.62896053493023 52.257198229432106 96.762042462825775 301.51206627488136 47.733324632048607 73.3431795835495 215.10337886214256 61.175835475325584 190.78548304736614 99.950645610690117 79.413606837391853 19.205910220742226 170.71504923701286 504.84503950178623 324.49965438246727 17.941592946648598 19.547874167561531 31.747076764702797 16.420368045568466 308.01462062448263 681.07736384868622 103.80903993546963 13.601983606815336 164.69307146966457 423.66253858804703
leaf_count=722 882 231 125 92 130 1260 190 631 1217 253 453 899 258 559 315 201 64 941 855 980 118 93 128 72 2284 1358 189 71 372 606
internal_value=0.0433521 0.0581378 0.0127732 0.0416018 0.0652626 0.0224446 0.0287138 0.0142623 0.0207604 0.0332876 -0.0106642 0.0228306 0.053612 0.0419614 0.0379336 0.0484143 0.0528698 0.00177865 0.0697597 0.0457917 -0.0141833 0.0105621 0.00891928 0.018617 -0.0167366 0.0639388 0.0606392 0.000782726 0.0653872 0.0741364
internal_weight=4910.8 3308.35 1602.46 1001.6 2306.75 1135.33 471.765 651.265 340.094 484.06 467.131 383.788 651.484 251.961 404.58 131.671 529.83 267.477 1655.27 345.931 418.847 37.4895 79.4804 48.2835 381.358 726.759 399.523 31.8631 183.899 928.508
internal_count=16549 8024 8525 3347 4677 5309 1839 3353 1448 1956 3216 1781 1728 817 1575 391 1508 1572 2949 1072 2948 211 381 268 2737 1488 911 196 436 1461
is_linear=0
shrinkage=0.03


Tree=9
num_leaves=30
num_cat=0
split_feature=6 6 6 8 8 18 18 0 21 8 7 7 6 0 8 8 7 8 8 23 18 23 19 7 6 12 7 2 21
split_gain=2217.79 439.798 328.058 134.6 124.833 109.04 83.651 65.5148 58.8287 55.1247 52.331 51.4322 44.5867 44.5607 44.3154 42.8499 32.8472 30.5424 28.8026 28.8822 27.3566 25.1545 24.8706 24.4123 23.6717 23.0517 22.7023 20.0243 17.0852
threshold=680.50000000000011 640.50000000000011 735.50000000000011 21.645000000000003 25.475000000000005 3.8000000000000003 8.6833333333333353 9253.5000000000018 3519.9850000000001 7.5750000000000011 78150.895000000004 29355.180000000004 615.50000000000011 13906.500000000002 16.355000000000004 6.7250000000000005 81743.24500000001 5.3050000000000006 36.82500000000001 0.24772727272727282 5.7500000000000009 2.3527777777777787 10.250000000000002 44718.965000000004 743.50000000000011 37.500000000000007 60771.240000000013 11.645000000000001 11888.150000000001
decision_type=2 2 2 2 2 2 2 2 2 2 2 2 2 2 2 2 2 2 2 2 2 2 2 2 2 2 2 2 2
left_child=1 5 4 6 7 12 9 23 20 -3 13 22 28 -6 -14 -9 -10 -7 24 -20 -5 -19 25 -2 -13 -4 -8 -12 -1
right_child=2 3 11 8 10 17 26 15 16 -11 27 18 14 -15 -16 -17 -18 21 19 -21 -22 -23 -24 -25 -26 -27 -28 -29 -30
leaf_value=0.052276157694531429 -0.019718627345928438 -0.011965589671047914 -0.028631730325170565 -0.013237464323528819 0.027413733995553059 0.033784149506422952 0.056312021832135246 -0.017117156997027268 0.052561687414921128 0.022910120208250805 -0.002043813331157242 -0.00067511723862305635 0.016252851316322106 0.049797009371526042 0.046951705584787153 0.020491210411670242 0.031008661058280471 0.063655549460317262 -0.015714232616292005 0.033870962658872857 0.035802911111205135 0.074131894302443227 0.045219811256392003 0.0032632778193367284 -0.020109102774397845 0.020639867027342586 0.025751764098977153 0.032960601324145834 0.070028902832441051
leaf_weight=302.98284262418747 57.544017195701599 44.627545535564423 11.912076361477377 20.000333532691002 228.60359168052673 36.314037621021271 86.008175417780876 27.141498848795891 550.22100833058357 302.56086586415768 51.47758561372757 73.309515297412872 61.73847284913063 144.62773415446281 195.48330409824848 357.81097081303596 92.36201348900795 1227.6075933873653 17.754306152462959 19.995001554489136 16.602335125207901 436.22913613915443 16.924019798636436 132.00802206993103 303.64689458906651 19.972790531814098 42.383395358920097 17.776774391531944 107.14237132668495
leaf_count=722 366 267 87 103 958 101 230 180 1512 1245 266 453 258 470 559 1698 320 2250 118 93 53 598 72 766 2284 109 152 70 189
internal_value=0.0412754 0.0542218 0.0104226 0.0388453 0.0199543 0.0616701 0.0262751 0.0105937 0.0475003 0.0182984 0.0319378 -0.0104221 0.0507727 0.0363864 0.0398813 0.0176873 0.0496161 0.0658652 -0.0139008 0.010178 0.00893174 0.066506 0.0179285 -0.00368997 -0.0164323 0.00074336 0.0470036 0.00719333 0.0573041
internal_weight=5002.77 3522.26 1480.5 1154.77 1016.99 2367.5 475.58 574.505 679.186 347.188 442.486 463.515 667.347 373.231 257.222 384.952 642.583 1700.15 414.706 37.7493 36.6027 1663.84 48.8089 189.552 376.956 31.8849 128.392 69.2544 410.125
internal_count=16549 8559 7990 3882 4774 4677 1894 3010 1988 1512 1764 3216 1728 1428 817 1878 1832 2949 2948 211 156 2848 268 1132 2737 196 382 336 911
is_linear=0
shrinkage=0.03


Tree=10
num_leaves=26
num_cat=0
split_feature=6 6 8 6 3 23 3 6 8 10 8 8 12 3 6 18 11 8 11 19 11 8 19 6 8
split_gain=2023.22 539.489 177.356 161.463 92.7636 90.2382 84.2033 72.695 59.944 59.2131 53.3514 51.0023 48.6221 68.0557 33.6544 31.3835 26.1544 20.2701 25.7972 19.7274 16.6716 16.2382 13.5765 7.36875 3.15544
threshold=655.50000000000011 722.50000000000011 24.455000000000002 597.50000000000011 0.26684660705078017 0.88333333333333364 0.10863960115974738 790.50000000000011 10.395000000000001 1.0000000180025095e-35 14.135000000000003 37.725000000000001 36.500000000000007 0.51349099926317432 681.50000000000011 2.2500000000000004 1.6500000000000001 26.825000000000003 8.3500000000000032 3.9500000000000006 9.8500000000000032 7.8450000000000006 6.6500000000000012 572.50000000000011 32.795000000000009
decision_type=2 2 2 2 2 2 2 2 2 2 2 2 2 2 2 2 2 2 2 2 2 2 2 2 2
left_child=3 2 4 15 9 10 14 12 -6 -2 20 -8 19 -14 -4 22 -12 18 -7 -3 -5 -17 23 -1 -9
right_child=1 7 6 5 8 17 11 24 -10 -11 16 -13 13 -15 -16 21 -18 -19 -20 -21 -22 -23 -24 -25 -26
leaf_value=0.065831661052150284 0.0024012156537644418 -0.032704195682642483 -0.0068574114497736453 0.030816773115760261 -0.0015554495879534181 0.055663655542312195 0.037669685715940759 -0.033341842588069895 0.035491860904064823 0.024568432008081873 0.055928233979708447 0.060883360221632085 0.001489365979432448 0.045999393312884627 0.025929802851076409 0.044901974548044905 0.042800307738069844 0.065283164452951986 0.029029458412606974 -0.0075402092828739291 0 0.068353352083729182 0.027653266217451827 0.042191227202256723 -0.011960544647469458
leaf_weight=53.5586938560009 346.34113010764122 32.595444232225418 43.357995167374611 160.72510577738285 43.834267243742943 392.94478611648083 546.57880452275276 72.668570876121521 274.63210169970989 158.70102739334106 265.2107856720686 114.85387779772282 272.8927094489336 33.144473128020763 69.571265086531639 51.097743511199951 539.24529488384724 320.86668109893799 48.846053063869476 199.20539362728596 15.570070773363112 965.39494037628174 32.978617176413536 55.681744322180748 15.254191756248472
leaf_count=86 1807 247 206 566 254 831 1842 625 1022 721 636 293 1709 144 298 109 1483 549 134 1328 67 1360 92 139 112
internal_value=0.039803 0.0182272 0.0274682 0.0563004 0.0176394 0.0502952 0.0378097 -0.00533398 0.0303211 0.00949549 0.0439153 0.0419172 -0.00109756 0.00667465 0.0131802 0.0652077 0.0472935 0.058324 0.0529306 -0.0114565 0.0279747 0.0672944 0.0493586 0.0550266 -0.0303144
internal_weight=5125.75 2223.63 1597.87 2902.12 823.509 1743.41 774.362 625.761 318.466 505.042 980.751 661.433 537.838 306.037 112.929 1158.71 804.456 762.658 441.791 231.801 176.295 1016.49 142.219 109.24 87.9228
internal_count=16660 10608 6443 6052 3804 4266 2639 4165 1276 2528 2752 2135 3428 1853 504 1786 2119 1514 965 1575 633 1469 317 225 737
is_linear=0
shrinkage=0.03


Tree=11
num_leaves=29
num_cat=0
split_feature=6 6 6 8 8 6 21 23 23 7 8 8 21 8 11 7 12 7 16 22 6 6 7 6 8 0 8 6
split_gain=1850.62 352.122 277.583 109.313 106.645 70.5586 68.157 67.6618 52.9482 49.3467 49.0411 47.2898 39.9959 39.6199 39.1616 34.8246 32.9987 32.3621 26.1502 24.7703 16.6705 7.18473 9.79843 6.99117 19.5821 5.22444 5.14293 0.424567
threshold=672.50000000000011 722.50000000000011 633.50000000000011 32.285000000000004 25.045000000000005 778.50000000000011 9562.7350000000024 0.93693181818181825 0.59545454545454568 78150.895000000004 4.8750000000000009 28.505000000000006 6277.6350000000011 12.605000000000002 1.6500000000000001 80682.945000000022 34.500000000000007 34157.62000000001 0.49884610946574875 0.33264771310030489 576.50000000000011 790.50000000000011 43004.590000000004 586.50000000000011 27.145000000000003 6135.0000000000009 1.0000000180025095e-35 849.50000000000011
decision_type=2 2 2 2 2 2 2 2 2 2 2 2 2 2 2 2 2 2 2 2 2 2 2 2 2 2 2 2
left_child=2 4 7 6 10 11 8 13 -4 14 26 17 -12 18 -6 -8 -13 -3 -1 -11 -15 22 -7 -9 -25 -5 -2 -23
right_child=1 5 3 25 9 21 15 23 -10 19 12 16 -14 20 -16 -17 -18 -19 -20 -21 -22 27 -24 24 -26 -27 -28 -29
leaf_value=0.04714629304986831 -0.00082746507684042529 0.014192806780299109 0.018538898980270793 0.036064687513151943 0.049117549668734488 0.0063440184976925667 0.047778822655945623 0.066542595923036504 0.037707002845529407 0.00096650773593325099 0.0035690405944124146 -0.0053944643461447343 0.021158882988386352 0.062234660560229242 0.029315556927519682 0.021304984022527663 0.023681969513872733 -0.010282355690917037 0.021047538461698222 0.034813712530204335 0.050650439671819404 -0.031490434176096829 -0.022013823450933587 0.052867455079710426 0.066568949291430313 0.058746864541183288 -0.031344229107621135 -0.011046621224886505
leaf_weight=90.982992917299271 9.4158969074487704 55.731559932231903 317.44461990892887 29.874134659767151 163.31882834434509 13.504615433514116 331.58572301268578 535.39140203595161 241.04552879929543 64.014374077320099 170.24690873920918 50.156010136008263 405.76395218074322 238.99147163331509 267.7948219627142 62.277322813868523 100.7812936604023 287.37865353375673 72.861030086874962 27.329713463783264 691.11942031979561 77.441723421216011 29.774769619107246 365.58245864510536 248.86252602934837 229.00977073609829 18.891516134142876 8.5956790745258314
leaf_count=219 58 318 1239 87 496 92 912 685 711 302 933 311 1788 364 964 223 497 1961 236 100 1526 667 249 690 357 472 133 70
internal_value=0.038017 0.012841 0.0507463 0.0389578 0.0228411 -0.00520214 0.0340382 0.0570563 0.0269704 0.0328036 0.0140987 0 0.0160422 0.0512378 0.0370786 0.0437974 0.0138796 -0.0061607 0.0361149 0.0119438 0.0537863 -0.024748 -0.0126133 0.0624674 0.0586635 0.056541 -0.0229078 -0.0300861
internal_weight=5205.17 1750.14 3455.03 1211.24 1126.78 623.364 952.353 2243.79 558.49 522.458 604.318 494.048 576.011 1093.95 431.114 393.863 150.937 343.11 163.844 91.3441 930.111 129.317 43.2794 1149.84 614.445 258.884 28.3074 86.0374
internal_count=16660 8939 7721 3644 4774 4165 3085 4077 1950 1862 2912 3087 2721 2345 1460 1135 808 2279 455 402 1890 1078 341 1732 1047 559 191 737
is_linear=0
shrinkage=0.03


Tree=12
num_leaves=31
num_cat=0
split_feature=6 6 6 17 3 17 18 6 25 12 3 16 17 11 14 6 11 0 6 22 3 19 17 19 22 11 19 25 25 17
split_gain=1685.15 326.273 255.071 89.8727 86.1833 86.3813 74.7042 68.1984 45.6995 45.0313 60.8077 43.7072 36.9361 35.4203 33.9306 29.4663 28.7585 28.4003 23.353 23.0067 21.725 21.6024 45.8389 19.3517 12.5567 11.0705 4.65716 3.19572 1.66595 3.55828
threshold=672.50000000000011 722.50000000000011 633.50000000000011 6.5000000000000009 0.26887461703604854 9.5000000000000018 3.7333333333333338 790.50000000000011 0.77627985691757384 36.500000000000007 0.51349099926317432 0.78076079849224989 2.5000000000000004 2.0500000000000003 1.0000000180025095e-35 701.50000000000011 1.6500000000000001 15536.500000000002 597.50000000000011 0.31676120335103319 0.25157722338871397 6.5500000000000007 4.5000000000000009 3.9500000000000006 0.28651109971451488 4.2500000000000009 15.15 0.79393438209161904 0.15273664371706605 6.5000000000000009
decision_type=2 2 2 2 2 2 2 2 2 2 2 2 2 2 2 2 2 2 2 2 2 2 2 2 2 2 2 2 2 2
left_child=2 3 6 8 5 12 14 9 15 23 -11 13 -4 -5 17 -2 -16 -1 27 -13 -10 22 -6 -3 -23 -20 -7 -8 29 -9
right_child=1 7 4 11 21 26 18 28 20 10 -12 19 -14 -15 16 -17 -18 -19 25 -21 -22 24 -24 -25 -26 -27 -28 -29 -30 -31
leaf_value=0.042065870644998615 0.014637330463279931 -0.032428067167968214 0.0095004510272327716 0.044611311888542192 0.0057522592440362114 0.046219356467839763 0.056141355949085488 -0.026124423690467982 0.016195344100261078 0.0014170788592277274 0.042881611340679131 0 0.029222273299804757 0.026592596397295141 0.044184378413899675 -0.00096403145273587392 0.0060167456323111813 0.059205913482517171 0.056301901340984513 0.029548013783522772 0.04451791611158603 0.05616156395969598 0.047111020819825392 -0.0072279389687713545 0.041622359380763557 0.04573169124620783 0.069179595177389586 0.064148101325533419 -0.033039233586876972 0
leaf_weight=370.51781868934631 317.20359967648983 31.718684211373329 111.15914370119572 196.17290526628494 38.939426749944687 75.309899464249611 340.30410733819008 9.9688404351472872 57.324960485100746 273.19487655907869 34.336065739393234 61.732670322060585 515.27577185630798 255.14392805099487 33.011842265725136 159.78025962412357 41.942545801401138 157.99416540563107 472.77152618765831 38.341581583023071 54.562675714492798 232.39611834287643 73.514535039663315 197.47914651781321 149.63791194558144 255.91436302661896 35.705127745866776 611.85400050878525 65.216314323246479 9.0091477930545789
leaf_count=912 1476 247 494 595 165 184 539 90 265 1709 144 291 1657 918 74 897 142 293 839 145 187 510 189 1328 395 526 50 752 577 70
internal_value=0.0363707 0.0123757 0.0483667 0.0218963 0.0371585 0.0303775 0.0543604 -0.00507394 0.0135819 -0.00103416 0.00639071 0.0306404 0.0258118 0.0346532 0.0446668 0.00936634 0.023928 0.0474502 0.0577655 0.011925 0.0308097 0.0470477 0.0334026 -0.0110955 0.0507913 0.052766 0.0549629 0.0614416 -0.0298575 -0.015386
internal_weight=5277.43 1761.19 3516.25 1140.26 1231.94 737.45 2284.31 620.923 588.871 536.729 307.531 551.391 626.435 451.317 603.466 476.984 74.9544 528.512 1680.84 100.074 111.888 494.488 112.454 229.198 382.034 728.686 111.015 952.158 84.1943 18.978
internal_count=16660 8939 7721 4774 3644 2385 4077 4165 2825 3428 1853 1949 2151 1513 1421 2373 216 1205 2656 436 452 1259 354 1575 905 1365 234 1291 737 160
is_linear=0
shrinkage=0.03


Tree=13
num_leaves=28
num_cat=0
split_feature=6 6 8 6 3 3 6 25 10 3 6 8 10 6 7 8 18 16 8 18 8 8 19 3 6 3 6
split_gain=1543.08 421.552 136.588 131.39 76.9109 69.5784 66.2152 59.6491 54.3132 53.9259 45.9857 44.1161 40.5567 31.085 29.8598 27.5268 25.3761 24.1468 16.0967 15.1221 14.2572 13.2688 12.243 7.81876 13.2807 10.9305 6.70556
threshold=655.50000000000011 722.50000000000011 24.455000000000002 597.50000000000011 0.25157722338871397 0.10863960115974738 778.50000000000011 0.77627985691757384 1.0000000180025095e-35 0.29532778572271151 698.50000000000011 28.505000000000006 1.0000000180025095e-35 681.50000000000011 34157.62000000001 14.135000000000003 2.2500000000000004 0.35064810185007117 8.3850000000000033 14.15 7.8450000000000006 20.975000000000005 6.6500000000000012 0.35390726149925333 790.50000000000011 0.08469276365577004 572.50000000000011
decision_type=2 2 2 2 2 2 2 2 2 2 2 2 2 2 2 2 2 2 2 2 2 2 2 2 2 2 2
left_child=3 2 4 16 8 13 11 -6 -2 12 -7 14 15 -4 -3 -5 22 -13 -14 21 -18 -11 26 25 -25 -8 -1
right_child=1 6 5 9 7 10 23 -9 -10 19 -12 17 18 -15 -16 -17 20 -19 -20 -21 -22 -23 -24 24 -26 -27 -28
leaf_value=0.057614925246210917 0.00059446093558975616 0.013421849769207151 -0.0082125014387913284 0.021885642726855763 0.018417687641762694 0.041474186392956421 -0.0030410019628682302 0.04695356381565248 0.022023382576729054 0.039546894882859764 0.023636533377519944 0.027026010462204177 0.021321900180468579 0.022799299805531002 -0.0099773166986259331 0.037882630871684093 0.038434550788221486 0.002558322423157598 0.0495738689186783 0.061295608322002176 0.059377438802493528 0.052416855708263647 0.02307806642991175 0.014630065130256949 -0.023230059349981878 -0.033137489186420857 0.036430228355045925
leaf_weight=56.605015650391579 332.82264982163906 56.456603661179543 44.570681497454643 136.15362617373466 267.79362443089485 494.98294128477573 15.6356263756752 91.577442109584808 156.73054066300392 192.23776115477085 203.18042679131031 64.605866573750973 27.600022599101067 72.505883753299713 284.74068430811167 676.29642322659492 53.653048381209373 87.575842797756195 370.61462806165218 149.077476978302 1016.5930687040091 288.32002502679825 34.501596480607986 10.868198975920679 19.684593170881271 79.058344081044197 58.557658284902573
leaf_count=86 1715 318 206 454 1132 1383 130 267 690 493 752 309 95 298 1961 1657 109 499 789 211 1360 567 92 68 163 717 139
internal_value=0.0348495 0.016143 0.0239986 0.0487744 0.015451 0.032803 -0.0049502 0.025992 0.00757766 0.0435118 0.0364082 0 0.0395099 0.0108016 -0.00596248 0.035299 0.0566044 0.013356 0.047807 0.0510097 0.0584292 0.0475159 0.0427592 -0.0242456 -0.0087695 -0.028644 0.0479048
internal_weight=5343 2282.79 1664.16 3060.21 848.924 815.24 618.626 359.371 489.553 1840.3 698.163 493.379 1210.66 117.077 341.197 812.45 1219.91 152.182 398.215 629.635 1070.25 480.558 149.664 125.247 30.5528 94.694 115.163
internal_count=16660 10608 6443 6052 3804 2639 4165 1399 2405 4266 2135 3087 2995 504 2279 2111 1786 808 884 1271 1469 1060 317 1078 231 847 225
is_linear=0
shrinkage=0.03


Tree=14
num_leaves=26
num_cat=0
split_feature=6 6 6 17 3 17 7 6 6 6 23 6 7 6 5 19 19 17 17 7 2 23 19 17 19
split_gain=1421.44 286.906 224.947 84.1261 81.2038 59.3014 49.8072 48.3603 45.8237 42.151 39.3077 36.6586 33.3354 28.7607 27.0063 23.6297 23.8705 22.9111 20.363 20.1819 19.8513 17.6181 12.1431 0.862781 4.75963
threshold=672.50000000000011 738.50000000000011 622.50000000000011 8.5000000000000018 0.29532778572271151 8.5000000000000018 79639.260000000009 709.50000000000011 648.50000000000011 790.50000000000011 1.9441558441558444 557.50000000000011 34952.275000000009 754.50000000000011 1.0000000180025095e-35 8.0500000000000025 2.4500000000000006 2.5000000000000004 1.5000000000000002 48534.94000000001 6.1050000000000013 0.085714285714285701 14.450000000000001 8.5000000000000018 6.3500000000000005
decision_type=2 2 2 2 2 2 2 2 2 2 2 2 2 2 2 2 2 2 2 2 2 2 2 2 2
left_child=2 3 10 6 5 8 7 -2 -4 12 11 -1 13 -3 -8 16 -5 -13 -6 -17 -14 -20 -7 -11 -25
right_child=1 9 4 15 18 22 14 -9 -10 23 -12 17 20 -15 -16 19 -18 -19 21 -21 -22 -23 -24 24 -26
leaf_value=0.058831139792293291 0.021603181334281282 0.033764211152298058 0.032934044993162416 0.053450625187697672 0.016879064881552892 0.037568541898634178 -0.0047023663166718124 0.0057628939907618569 0.017986411466204243 -0.032567028752093108 0.058510900648193302 0.034863119921499285 0.013353162185046738 -0.0046347831267221327 0.030087049024050481 0.049657426639705023 0.016659163774017265 0.047569214201221434 0.036223450746272631 0.027114075479045884 -0.012688953191697 0.050296166438096292 0.055100204044854925 0 -0.027442017355648943
leaf_weight=276.20683145523071 586.94828024506569 30.757824420928955 442.9123553186655 18.008004322648048 28.382950842380524 180.02278167009354 161.55463431030512 256.67385771870613 354.33485320210457 60.53684276342392 558.52861174941063 205.37805192172527 26.723382204771042 34.450699366629124 20.870620235800743 89.925860643386841 137.99044507741928 942.05547071993351 161.92528386414051 90.768560141324997 247.17768313735723 391.28050042688847 79.158224895596504 8.405596427619459 11.820105463266371
leaf_count=357 2369 149 1233 51 115 462 878 1415 1312 570 700 482 173 214 88 239 544 1690 444 324 1758 794 132 64 103
internal_value=0.033432 0.0114635 0.0442289 0.018146 0.0358432 0.0306701 0.0137765 0.0168442 0.0263898 -0.0101375 0.0511005 0.0480942 -0.0053096 0.0134968 -0.00027645 0.0312132 0.021719 0.0453857 0.045051 0.0389182 -0.00996102 0.0463764 0.0434188 -0.0294283 -0.016599
internal_weight=5402.8 1782.61 3620.19 1362.74 1638.02 1056.43 1026.05 843.622 797.247 419.872 1982.17 1423.64 339.11 65.2085 182.425 336.693 155.998 1147.43 581.589 180.694 273.901 553.206 259.181 80.7625 20.2257
internal_count=16660 8939 7721 5908 4492 3139 4750 3784 2545 3031 3229 2529 2294 363 966 1158 595 2172 1353 563 1931 1238 594 737 167
is_linear=0
shrinkage=0.03


Tree=15
num_leaves=27
num_cat=0
split_feature=6 6 8 23 3 6 6 25 18 21 19 25 8 8 11 5 3 8 6 8 6 6 8 6 8 11
split_gain=1387.78 385.284 135.691 114.843 107.769 86.0018 72.0816 54.4341 51.7143 56.7543 41.3268 37.6736 32.4795 32.4176 36.5361 28.6835 27.8995 22.3827 18.2934 17.5137 14.1269 12.6879 31.1063 6.6504 5.80815 9.47661
threshold=650.50000000000011 710.50000000000011 28.985000000000003 0.93693181818181825 0.32029880589340359 610.50000000000011 778.50000000000011 0.46092157390668881 5.4666666666666677 5284.9150000000009 3.8500000000000001 0.72327781837763006 21.355000000000004 17.385000000000002 1.5500000000000003 1.0000000180025095e-35 0.3283639706743558 30.185000000000006 576.50000000000011 37.725000000000001 849.50000000000011 640.50000000000011 20.445000000000004 794.50000000000011 26.825000000000003 8.6500000000000004
decision_type=2 2 2 2 2 2 2 2 2 2 2 2 2 2 2 2 2 2 2 2 2 2 2 2 2 2
left_child=3 2 4 5 11 17 7 16 9 -4 -6 -2 -9 15 -15 -7 -3 18 -1 -10 23 24 -23 -8 25 -5
right_child=1 6 8 21 10 13 20 12 19 -11 -12 -13 -14 14 -16 -17 -18 -19 -20 -21 -22 22 -24 -25 -26 -27
leaf_value=0.050829182971746663 0.0075730017576793934 -0.010941206215142144 -0.00092874490081344837 0.051766425737195518 -0.0034402807727763772 0.018004704060101621 -0.01508668835563433 0 0.039639793029670502 0.033622051112631543 0.034756401724344535 0.022538230479029156 0.018570655736900823 0.047921636155915603 0.030777832070980057 0.052000502893226004 0.0079414300339126827 0.058266201048351528 0.03845522520445744 0.060060489470242485 0.0091374256452306617 0.010691381327910702 0.048891167543267146 -0.032580332890065226 0.056833548581291582 0.037430841107745673
leaf_weight=261.41572478413582 576.0612568706274 259.19190903753042 50.876018807291985 690.13186620175838 25.758477061986923 199.73768658936024 49.4746308401227 142.79538563638926 161.20435644686222 218.58564507961273 322.54036019742489 211.14081448316574 200.9020623639226 191.74282121658325 379.55042290687561 25.694487795233727 92.934025898575783 170.53755198419094 345.74178513884544 81.008651703596115 9.3297712281346303 29.699413731694221 79.535774737596512 62.513459324836731 554.75406116247177 89.295152708888054
leaf_count=400 2584 1694 219 1040 115 670 410 896 413 640 1004 757 992 403 988 56 510 229 721 145 74 96 144 594 718 168
internal_value=0.0322094 0.0154694 0.0238169 0.0458498 0.0179304 0.0400242 -0.00133774 0.00236325 0.036701 0.0270294 0.0318424 0.0116719 0.0108562 0.0327899 0.0367312 0.0224346 -0.00585623 0.0472939 0.0439816 0.0470283 -0.0225022 0.0521193 0.0391539 -0.0255154 0.0530982 0.0502625
internal_weight=5482.15 2464.32 1647.18 3017.84 1135.5 1574.42 817.141 695.823 511.675 269.462 348.299 787.202 343.697 796.725 571.293 225.432 352.126 777.695 607.158 242.213 121.318 1443.42 109.235 111.988 1334.18 779.427
internal_count=16680 11047 5877 5633 4460 3467 5170 4092 1417 859 1119 3341 1888 2117 1391 726 2204 1350 1121 558 1078 2166 240 1004 1926 1208
is_linear=0
shrinkage=0.03


Tree=16
num_leaves=31
num_cat=0
split_feature=6 6 6 23 17 3 3 6 18 19 6 2 11 6 17 11 17 7 6 11 6 6 3 6 21 22 17 23 3 6
split_gain=1286.05 275.507 178.015 96.4212 81.9006 59.0573 58.7131 51.6501 47.5222 40.7335 39.7822 39.4341 37.8335 49.8628 35.5025 34.8433 33.6755 32.271 29.5056 24.0054 22.4638 22.1362 14.2838 13.9802 12.5446 10.4005 7.04046 14.1383 5.3978 0.943102
threshold=680.50000000000011 620.50000000000011 722.50000000000011 1.0261363636363641 6.5000000000000009 0.31735209659772595 0.12815868571877204 778.50000000000011 4.3500000000000005 5.9500000000000011 649.50000000000011 6.1050000000000013 2.3500000000000001 698.50000000000011 2.5000000000000004 1.6500000000000001 1.5000000000000002 88826.090000000011 720.50000000000011 10.350000000000003 726.50000000000011 640.50000000000011 0.35390726149925333 578.50000000000011 3926.3700000000003 0.31370337048573183 2.5000000000000004 1.4585714285714289 0.074155901691649553 552.50000000000011
decision_type=2 2 2 2 2 2 2 2 2 2 2 2 2 2 2 2 2 2 2 2 2 2 2 2 2 2 2 2 2 2
left_child=1 8 4 6 5 18 10 9 23 20 -3 -11 17 -14 -7 -8 21 -6 -2 -18 -4 -5 28 -1 -25 -24 27 -10 -9 -28
right_child=2 3 7 16 12 14 15 22 26 11 -12 -13 13 -15 -16 -17 19 -19 -20 -21 -22 -23 25 24 -26 -27 29 -29 -30 -31
leaf_value=0.047688035373655853 -0.0017997226519212049 0.025295363103564263 0.015253306816788766 0.033113979078630715 0.038578301646677547 -0.00159477568481781 0.038543189741204388 -0.0046280866309286071 0.032845325913428119 0.040960917363056411 0.0029600266167931488 0.0023667964484333373 0.02998237182714197 0.0030889558793326709 0.030872511527814582 0.026085193571420862 0.044522224763938224 -0.0023175883716553105 0.042857205284858327 0.020261553577789505 -0.017469687790039323 -0.010967367420619089 -0.015838414770298539 0.017743642723967199 0.037878841580669641 0.018824848413423082 0.057655589545118437 0.051721926728632107 -0.030937720903451885 0.050751159517063722
leaf_weight=192.08816228806973 316.45196412503719 153.8689993917942 19.33100838214159 18.285219952464104 185.77262678742409 38.462683141231537 342.85755653679371 11.567681252956389 99.867888420820236 24.028598137199879 140.39057238399982 319.50870377570391 128.05499957501888 124.89037556946278 113.9001791626215 651.65446951985359 597.96336632966995 17.381142869591713 11.896120071411131 49.29536497592926 135.57093737274408 17.8626988530159 19.214121751487259 42.518890544772148 342.16053338348866 9.9820589572191221 246.3984884172678 109.91825859248638 78.53745398670435 971.01702632009983
leaf_count=309 1674 459 108 44 546 202 901 101 199 121 608 1941 406 524 396 1991 1238 82 55 134 953 89 157 121 740 68 267 146 752 1348
internal_value=0.0309726 0.0400165 0.00779971 0.0319433 0.0160377 0.0072632 0.0269582 -0.00465635 0.0479069 -0.000321422 0.0148324 0.00537453 0.0251482 0.01695 0.0225676 0.0304789 0.0411944 0.0349447 0 0.0427888 -0.0130524 0.0111116 -0.0222164 0.039985 0.0358342 -0.00257844 0.051027 0.0432725 -0.0280596 0.0522655
internal_weight=5530.7 3976.15 1554.55 1972.18 936.81 480.711 1288.77 617.741 2003.97 498.439 294.26 343.537 456.099 252.945 152.363 994.512 683.407 203.154 328.348 647.259 154.902 36.1479 119.301 576.768 384.679 29.1962 1427.2 209.786 90.1051 1217.42
internal_count=16680 8594 8086 5464 3885 2327 3959 4201 3130 3123 1067 2062 1558 930 598 2892 1505 628 1729 1372 1061 133 1078 1170 861 225 1960 345 853 1615
is_linear=0
shrinkage=0.03


Tree=17
num_leaves=30
num_cat=0
split_feature=2 25 23 17 17 3 2 7 2 10 2 2 23 25 3 2 7 18 22 3 11 25 23 23 11 17 0 2 25
split_gain=636.588 223.505 210.496 100.204 80.2506 57.7611 51.9938 45.6926 33.5143 32.5697 31.3906 29.6651 28.8397 28.3307 24.2185 47.7304 24.1412 30.6287 23.5235 17.0145 16.5511 16.1359 14.1391 12.4277 17.0629 11.6713 36.2343 7.30904 1.25246
threshold=10.925000000000002 0.70831570445017122 0.93693181818181825 2.5000000000000004 8.5000000000000018 0.26684660705078017 13.765000000000002 104766.73500000002 12.165000000000001 1.0000000180025095e-35 8.2250000000000032 10.135000000000003 -0.59545454545454513 0.18398784568637258 0.35656531625766813 9.4250000000000025 51283.94000000001 8.3166666666666682 0.24913092299090925 0.30924540385131111 4.8500000000000005 0.88297626831801235 0.28090909090909105 1.3825757575757576 5.8500000000000005 3.5000000000000004 9581.5000000000018 11.875000000000002 0.79022270087311053
decision_type=2 2 2 2 2 2 2 2 2 2 2 2 2 2 2 2 2 2 2 2 2 2 2 2 2 2 2 2 2
left_child=1 4 3 16 5 10 9 14 23 -5 -1 12 -6 -7 15 -3 22 -18 -9 -13 -8 -16 -2 24 -4 26 -10 -25 -27
right_child=2 7 8 6 11 13 20 18 25 -11 -12 19 -14 -15 21 -17 17 -19 -20 -21 -22 -23 -24 27 -26 28 -28 -29 -30
leaf_value=-0.014014069486583184 0.029401783048636474 0.014445824218383228 0.03153313999975841 0.02630386265983703 -0.015563775744969002 -0.0015487627069381968 0.045239170997964352 0.018624560996613821 0.022345054654506522 0.037775002416455872 0.0021613877765720578 0.023633900634985425 0.019095870007520978 0.017633899278688317 0.031519004177108796 0.03653532719212603 0.0018937622743072139 0.038540823016590321 -0.033001597450477482 0.053875997224449232 0.032129717646436226 0.053682241483351503 0.0084425964493982184 0.043272039609289402 0 0.044918479408050209 0.04762806501167819 0.027221077964118441 0.051667230100476386
leaf_weight=138.54393274337053 115.09800477325916 153.04470967501402 78.923123709857464 839.07167111337185 21.733604907989502 86.072647638618946 385.4349477738142 14.247416459023954 81.598176226019859 353.29019096493721 457.54975218325853 53.669217668473721 199.45966657996178 298.00713206827641 84.591026864945889 241.38313955813646 150.9538968577981 22.225387156009674 13.134410284459589 34.285604596138 173.6950519233942 80.25771126896143 47.246134057641029 212.06341854482889 20.014493480324745 280.68094946444035 210.71666055172682 58.570282615721226 668.92824865877628
leaf_count=980 356 691 206 2495 120 455 722 57 206 929 2302 180 821 1289 273 652 627 53 79 76 384 157 160 441 75 512 352 138 892
internal_value=0.0298112 0.0155251 0.037037 0.0306406 0.0084842 0.00422284 0.033537 0.0308668 0.0452541 0.0297854 -0.00158224 0.0217847 0.015447 0.0132716 0.0327234 0.028156 0.0153233 0.00715453 -0.00567898 0.0366918 0.0413492 0.0430033 0.0236617 0.0364272 0.0253976 0.0477938 0.0408722 0.0401335 0.0498026
internal_weight=5574.49 1875.98 3698.51 2087.02 1289.32 980.173 1751.49 586.658 1611.5 1192.36 596.094 309.148 221.193 384.08 559.277 394.428 335.523 173.179 27.3818 87.9548 559.13 164.849 162.344 369.571 98.9376 1241.92 292.315 270.634 949.609
internal_count=16680 8132 8548 5726 6223 5026 4530 1909 2822 3424 3282 1197 941 1744 1773 1343 1196 680 136 256 1106 430 516 860 281 1962 558 579 1404
is_linear=0
shrinkage=0.03


Tree=18
num_leaves=26
num_cat=0
split_feature=15 15 17 18 3 15 15 17 23 19 19 3 18 19 7 15 15 11 19 11 15 15 22 22 3
split_gain=1154.71 317.052 100.25 96.7743 86.4348 64.2845 50.4885 51.2438 46.466 43.9494 38.9563 31.8012 28.4705 31.2095 27.9506 24.9859 20.5499 19.8613 17.027 16.1513 13.7594 6.7372 4.22365 3.14315 1.55018
threshold=0.33103196276779884 0.68843032424324024 9.5000000000000018 7.0166666666666666 0.26887461703604854 0.93478595330589653 0.063521673910535037 4.5000000000000009 0.58000000000000029 5.9500000000000011 6.5500000000000007 0.14779557550341313 4.7500000000000009 6.4500000000000011 38092.760000000002 0.76639486134082091 0.088272625870225788 1.6500000000000001 20.450000000000003 3.9500000000000006 0.99569214200546186 0.96005615600600025 0.31370337048573183 0.1370275648355864 0.44169923780835113
decision_type=2 2 2 2 2 2 2 2 2 2 2 2 2 2 2 2 2 2 2 2 2 2 2 2 2
left_child=3 2 4 6 8 9 24 11 -2 15 -6 -8 13 -4 -11 -3 22 -9 19 -18 21 -7 -5 -14 -1
right_child=1 5 12 16 10 20 7 17 -10 14 -12 -13 23 -15 -16 -17 18 -19 -20 -21 -22 -23 -24 -25 -26
leaf_value=0.043811027179197409 0.006188993102022684 0.0031618072542517347 0.037384283687481701 0.053158838003090257 0.013756948251871938 -0.014577595351062782 0.01073383212114298 0.044498578462283951 0.020511124778225961 0.019225487792025295 0.031727637946389976 0.029026361761405862 0.064773190326129645 0.0019675443407712223 0.0025128749978101123 -0.017289879934785361 0.043334162631460296 0.032948472357696816 0.049154898396449695 0.031446499830636278 0.0091336649313143742 -0.03233069716320297 0.044138689206147608 0.043254574314589754 0.057997642186087016
leaf_weight=261.95486558973789 532.70610718429089 84.17039729654789 68.155871659517288 491.14927099645138 161.28929357230663 48.431372247636318 131.69162805378437 260.25440120697021 340.27293066680431 120.51405135542154 423.44515936076641 304.35494135320187 25.732249602675438 35.948380723595619 364.75834701955318 134.60328567028046 363.70463405549526 491.08933615684509 314.06572806835175 226.73294402658939 9.3269856274127942 60.079745285212994 207.1455233246088 110.68795047700405 47.938262984156609
leaf_count=411 2308 441 177 551 595 410 430 488 1194 571 1211 786 34 127 2127 953 626 1104 433 470 74 594 283 231 51
internal_value=0.0286878 0.0135724 0.0209691 0.0409491 0.0179244 -0.00168857 0.0352531 0.0322299 0.0118399 0.00172455 0.0268856 0.0236445 0.038998 0.0257048 0.00678678 -0.00932811 0.0462009 0.0370966 0.0426215 0.0389414 -0.0220196 -0.0250857 0.0506596 0.0484075 0.0464596
internal_weight=5620.2 2520.12 1698.24 3100.08 1457.71 821.884 1497.28 1187.39 872.979 704.046 584.734 436.047 240.524 104.104 485.272 218.774 1602.8 751.344 904.503 590.438 117.838 108.511 698.295 136.42 309.893
internal_count=16680 11047 5877 5633 5308 5170 3270 2808 3502 4092 1806 1216 569 304 2698 1394 2363 1592 1529 1096 1078 1004 834 265 462
is_linear=0
shrinkage=0.03


Tree=19
num_leaves=28
num_cat=0
split_feature=15 15 23 10 15 25 15 25 16 21 11 11 23 11 25 16 16 25 21 15 15 19 15 0 15 16 15
split_gain=1075.24 294.589 92.5297 77.3379 74.1106 71.7258 61.6245 45.4652 35.143 27.3349 40.2685 26.4009 25.5138 24.6657 32.3313 21.9643 17.5868 15.7409 16.3878 13.395 12.6229 8.07647 6.74461 6.13954 9.92983 2.48361 1.95177
threshold=0.33103196276779884 0.68843032424324024 0.93693181818181825 1.5000000000000002 0.14648640332320476 0.72327781837763006 0.93478595330589653 0.46092157390668881 0.82424324012462036 9745.9450000000015 3.5500000000000003 10.350000000000003 -0.21339285714285713 1.5500000000000003 0.68216085234047474 0.71477749144197866 0.62908188776491414 0.4160929266510251 14196.555000000002 0.99569214200546186 0.27916458325320209 21.150000000000002 0.96005615600600025 13421.500000000002 0.04211700450017309 0.59015731374283631 0.055925227893380523
decision_type=2 2 2 2 2 2 2 2 2 2 2 2 2 2 2 2 2 2 2 2 2 2 2 2 2 2 2
left_child=2 3 4 5 17 8 7 15 -2 10 -5 -7 -9 16 -15 -3 -6 18 -1 22 23 25 -8 24 -4 -22 -19
right_child=1 6 20 9 13 11 19 12 -10 -11 -12 -13 -14 14 -16 -17 -18 26 -20 -21 21 -23 -24 -25 -26 -27 -28
leaf_value=0.030523151932312531 0.016477252526971738 -0.0013199581507219883 0.049871702158687935 0.044511620729546376 0.041404634974330064 0.030143953921450958 -0.014307469357644523 0.024075531943547664 0.0015179442801689618 0.061422470528590463 -0.0098550206252920065 0.002221686696577099 0.0047046164934879536 0.01932072893963209 0.036507606399595126 -0.018512784657455025 0.02317540982697822 0.049078451300550191 0.05124487674086925 0.0088571724274346866 0.029826686637989128 0.046766612055846077 -0.032172231279739526 0.049452634939202676 0.040386285380215436 0.013178752745777844 0.04084216504124203
leaf_weight=252.7963190227747 951.44894827902317 261.68056424707174 238.87752798199654 35.401622027158737 179.81093110144138 450.71320843696594 47.911108292639256 79.948125638067722 171.71950912475586 51.503135785460472 16.120205700397491 35.536915764212608 272.7864755615592 418.2990433126688 141.83638307452202 90.155594103038311 91.106623411178589 219.9766880273819 52.103389099240303 9.3910438641905767 55.303200900554657 34.457344606518745 58.596669301390648 561.72859352827072 573.10420246422291 24.304108783602715 278.82064923644066
leaf_count=530 3473 1581 273 96 376 1248 410 391 767 94 73 126 1497 1196 303 623 242 284 72 74 122 51 594 732 921 67 464
internal_value=0.0276598 0.0131031 0.0394423 0.0201794 0.0343244 0.0184892 -0.00164278 0.00167231 0.0142236 0.0454418 0.0272082 0.0281822 0.00929064 0.027786 0.0238405 -0.00589003 0.035599 0.0409624 0.0344729 -0.0217368 0.044992 0.0329196 -0.0248243 0.0459233 0.0433293 0.0255592 0.0447159
internal_weight=5655.44 2532.91 3122.53 1712.44 1634.75 1609.42 820.47 704.571 1123.17 103.025 51.5218 486.25 352.735 831.053 560.135 351.836 270.918 803.697 304.9 115.899 1487.77 114.065 106.508 1373.71 811.982 79.6073 498.797
internal_count=16680 11047 5633 5877 3467 5614 5170 4092 4240 263 169 1374 1888 2117 1499 2204 618 1350 602 1078 2166 240 1004 1926 1194 189 748
is_linear=0
shrinkage=0.03


Tree=20
num_leaves=26
num_cat=0
split_feature=6 6 17 6 25 11 3 17 25 23 7 17 11 6 2 24 19 17 21 7 19 6 11 6 2
split_gain=996.609 245.12 135.187 78.6013 73.246 53.5903 56.7183 49.3235 47.4072 31.693 25.7442 24.8133 23.7987 21.725 41.2778 20.8837 27.3377 16.3168 29.5823 16.2135 21.6968 10.3247 8.07733 5.45701 4.99212
threshold=698.50000000000011 620.50000000000011 9.5000000000000018 738.50000000000011 0.81153121273895168 11.950000000000001 0.51349099926317432 1.5000000000000002 0.79393438209161904 -0.21339285714285713 29036.320000000003 4.5000000000000009 4.1500000000000012 778.50000000000011 6.1050000000000013 6.5000000000000009 15.15 7.5000000000000009 7827.045000000001 26665.580000000005 10.450000000000001 720.50000000000011 12.350000000000003 597.50000000000011 12.605000000000002
decision_type=2 2 2 2 2 2 2 2 2 2 2 2 2 2 2 2 2 2 2 2 2 2 2 2 2
left_child=1 8 4 5 7 6 9 -3 17 -2 19 -8 -6 14 -12 -4 -17 18 -1 20 -5 -7 -15 -10 -19
right_child=3 2 15 10 12 21 11 -9 23 -11 13 -13 -14 22 -16 16 -18 24 -20 -21 -22 -23 -24 -25 -26
leaf_value=0.026094725003607624 0.017554523506414888 0.0028565485194912235 0.05266111693426586 -0.022777597501957871 0.038616496832763011 -0.035258498197943182 0.00352155652827245 0.021995468680388958 0.048057761859497089 0.0011147647698022695 0.027531692805802064 0.040784621469956456 0.023814277939345863 -0.026592251689451639 -0.011545727834422479 0.027103378329878164 0.050134867558655635 0.032738166081079594 0.038827067987325881 0.034153951622197198 0.028694365100192756 -0.0011532669499366799 0.001776482771054389 0.04005671550301225 0.045518651196187643
leaf_weight=342.15424525737762 142.46042930334806 136.19128555059433 152.56436912715435 16.797709032893184 334.51894836127758 27.602179035544395 24.177295535802841 1538.9765812456608 661.14970006048679 410.0328790396452 24.854674234986305 64.365398451685905 177.88054332137108 93.518498301506042 233.57980962842703 144.42101448774338 86.995282188057899 86.644722312688828 422.71593055129051 15.569160081446169 9.9943475127220136 13.701594844460486 7.5472209379076949 255.5514929741621 240.44184990227222
leaf_count=735 661 635 256 119 683 162 115 4782 768 2047 139 180 451 907 1617 369 126 161 726 73 42 82 68 384 345
internal_value=0.0266355 0.0327556 0.0265462 0.000740813 0.0235929 0.00695896 0.00915054 0.0204626 0.0406558 0.00545589 -0.00972516 0.0312435 0.0336488 -0.0123753 -0.00748974 0.0430845 0.0362454 0.0361063 0.0332535 0.0116331 -0.00187539 -0.0252134 -0.0241893 0.045952 0.0424438
internal_weight=5664.41 4580.21 2571.55 1084.2 2187.57 682.34 641.036 1675.17 2008.66 552.493 401.861 88.5427 512.399 359.5 258.434 383.981 231.416 1091.96 764.87 42.3612 26.7921 41.3038 101.066 916.701 327.087
internal_count=16633 10421 7302 6212 6551 3247 3003 5417 3119 2708 2965 295 1134 2731 1756 751 495 1967 1461 234 161 244 975 1152 506
is_linear=0
shrinkage=0.03


Tree=21
num_leaves=28
num_cat=0
split_feature=6 6 17 25 6 3 3 17 21 2 25 10 23 22 7 6 2 12 25 12 21 6 22 2 3 26 14
split_gain=926.224 236.093 110.445 79.1549 74.1077 54.9316 49.5502 34.6116 36.7483 33.6668 30.9543 28.9854 26.511 26.4004 24.5347 21.1966 38.7882 21.1555 21.1466 20.2175 14.0425 13.5763 11.246 10.655 10.4834 7.35801 3.8772
threshold=698.50000000000011 641.50000000000011 9.5000000000000018 0.79393438209161904 738.50000000000011 0.12815868571877204 0.51349099926317432 7.5000000000000009 7868.6350000000011 10.745000000000003 0.82276241393899774 1.5000000000000002 -0.19999999999999998 0.34060600079304498 29036.320000000003 778.50000000000011 6.1050000000000013 42.500000000000007 0.63850532712796648 37.500000000000007 14577.535000000002 597.50000000000011 0.1370275648355864 8.8850000000000033 0.29532778572271151 1.5000000000000002 1.0000000180025095e-35
decision_type=2 2 2 2 2 2 2 2 2 2 2 2 2 2 2 2 2 2 2 2 2 2 2 2 2 2 2
left_child=1 3 5 7 6 9 11 8 -1 -3 -7 12 -2 22 19 16 -16 -13 20 -6 -8 -5 -4 -21 -23 -17 -9
right_child=4 2 13 21 14 10 18 26 -10 -11 -12 17 -14 -15 15 25 -18 -19 -20 23 -22 24 -24 -25 -26 -27 -28
leaf_value=0.023106204490854459 0.01265544909004898 -0.0047842644853499736 0.05992783630421572 0.046577476928046112 -0.013546376874705389 0.020116891092758635 0.031187939986374032 0.041010661758899745 0.0345935756488049 0.015532518283736243 0.032227514830125176 0.0056956053928514019 -0.0021646469131612178 0.014922775101927396 0.026308139537048313 -0.030100165533346244 -0.011291583674291894 0.054616211233860179 0.045250914234608225 0.004394414060362682 0.0011003028929289079 0.034196273346192796 0.039551560675204281 0.044439612971540275 0.045172359185058054 -0.010392759485010178 0.028681800605699206
leaf_weight=509.07011197507381 144.45802331715822 108.38390424847603 48.053555056452751 661.74925175309181 15.68204792588949 966.50450757145882 23.866147726774216 428.311782553792 603.11736403405666 209.4019151777029 260.11671625077724 19.217947140336037 412.21095221489668 38.099445283412933 25.316090755164623 64.844620481133461 231.74514774978161 14.688683465123175 34.759941771626472 13.783185988664629 35.468317002058029 318.27950198948383 197.03398461639881 13.14023833721876 195.24023269116879 34.334176577627659 66.345789238810539
leaf_count=1203 687 495 71 768 104 3169 79 712 1165 776 599 89 2105 104 139 651 1617 47 89 83 151 557 405 47 267 324 130
internal_value=0.0257105 0.0315748 0.0231069 0.0371061 0.000721174 0.0198629 0.00672893 0.0325946 0.0294134 0.00852289 0.0227578 0.00340749 0.00165907 0.04043 -0.00949919 -0.0121158 -0.00729834 0.0295857 0.0267587 0.0112689 0.0143139 0.0431829 0.0441208 0.0266975 0.0385866 -0.0239146 0.0395396
internal_weight=5693.22 4609.71 1827.59 2782.11 1083.52 1544.41 684.67 1606.85 1112.19 317.786 1226.62 590.576 556.669 283.187 398.846 356.24 257.061 33.9066 94.0944 42.6055 59.3345 1175.27 245.088 26.9234 513.52 99.1788 494.658
internal_count=16633 10421 5619 4802 6212 5039 3247 3210 2368 1271 3768 2928 2792 580 2965 2731 1756 136 319 234 230 1592 476 130 824 975 842
is_linear=0
shrinkage=0.03


Tree=22
num_leaves=30
num_cat=0
split_feature=6 6 6 8 8 3 3 8 25 18 8 23 0 25 3 8 0 3 8 3 12 0 2 0 6 11 6 2 8
split_gain=864.449 173.587 122.983 104.782 66.0581 65.0379 58.0148 49.383 43.9586 41.5713 34.653 28.2743 27.8922 27.0262 24.1495 21.9967 18.403 25.0693 17.6663 26.6211 17.6082 16.7251 16.014 10.0401 9.10401 7.60662 5.30899 2.26683 1.30537
threshold=685.50000000000011 620.50000000000011 735.50000000000011 33.855000000000011 10.935 0.29973624152791467 0.35012875650292347 6.4450000000000012 0.79393438209161904 2.1166666666666671 40.210000000000008 0.64142857142857157 12048.500000000002 0.70470018077618379 0.088586227780651866 20.975000000000005 6549.5000000000009 0.264896996347259 27.485000000000003 0.1736101107605946 35.500000000000007 6262.5000000000009 8.8850000000000033 11787.500000000002 754.50000000000011 3.8500000000000001 597.50000000000011 12.605000000000002 12.275
decision_type=2 2 2 2 2 2 2 2 2 2 2 2 2 2 2 2 2 2 2 2 2 2 2 2 2 2 2 2 2
left_child=1 8 4 6 13 10 7 -3 18 -7 -6 16 15 23 -5 -13 21 -18 19 -1 -15 -4 -8 -2 -14 -16 28 -20 -10
right_child=2 3 11 14 5 9 22 -9 26 -11 -12 12 24 20 25 -17 17 -19 27 -21 -22 -23 -24 -25 -26 -27 -28 -29 -30
leaf_value=0.023013788570550593 -0.0098591842219044913 -0.0065190355834786095 -0.0057969974376466064 0.013008780949267891 0.0049520718353483067 0.006423998406006581 0.051689127111288202 0.020692130604905379 0.034687133414935178 0.030537621640496487 0.034718375822666264 -0.0053709556812070224 0.00023627122080302642 0.035290880877661239 0.046877006536264268 0.027405360687533742 -0.026147489642548274 -0.0064221775407923469 0.031901832404987951 0.035328437489310138 -0.010038393516679294 0.034475806761055446 0.029689909604828854 -0.033849275459363393 -0.022944222047829199 0.034477822959600356 0.037484476342051272 0.042803241685267474 0.046170113970898333
leaf_weight=288.92515470087528 41.635018683969975 60.303641885519028 47.602674402296543 32.529139325022697 553.81235835701227 95.084850117564201 39.218499466776848 1305.5721490234137 65.042980834841728 232.9300545156002 36.235478326678276 26.762274727225304 23.780736804008484 13.128091871738436 219.65208494663239 46.170874297618866 130.44145461916924 114.93745578080416 85.878601834177971 489.06369541585445 12.868323937058447 9.3387211486697179 457.0859028249979 33.00087321549654 30.778901256620884 134.15264213085175 257.12695114314556 238.99115039408207 596.55986520648003
leaf_count=628 261 285 359 96 2558 385 78 3817 95 710 109 201 142 54 353 261 1096 808 154 847 74 51 1075 221 250 270 384 338 673
internal_value=0.0248344 0.0316265 0.0047752 0.0258007 0.010461 0.0130076 0.0227666 0.019461 0.0380595 0.0237198 0.00694183 -0.0086171 0.00300916 -0.0122801 0.0401557 0.0151556 -0.0136062 -0.0171559 0.033717 0.0308643 0.012667 0.00124471 0.031689 -0.0214646 -0.0126591 0.0424801 0.0431553 0.0402261 0.0451944
internal_weight=5718.61 4270.1 1448.51 2248.51 1018.7 918.063 1862.18 1365.88 2021.59 328.015 590.048 429.813 127.493 100.632 386.334 72.9331 302.32 245.379 1102.86 777.989 25.9964 56.9414 496.304 74.6359 54.5596 353.805 918.73 324.87 661.603
internal_count=16633 9093 7540 5974 4372 3762 5255 4102 3119 1095 2667 3168 854 610 719 462 2314 1904 1967 1475 128 410 1153 482 392 623 1152 492 768
is_linear=0
shrinkage=0.03


Tree=23
num_leaves=28
num_cat=0
split_feature=6 6 8 6 23 8 11 21 25 8 8 0 8 19 8 8 8 25 22 19 22 11 6 6 6 8 8
split_gain=808.264 217.185 124.579 65.4757 58.0994 54.384 50.1212 44.6305 42.9214 42.189 32.9865 29.587 25.3838 32.1241 28.8533 20.6282 16.6909 16.2704 15.5019 19.8942 14.9377 25.7181 14.0816 9.94727 5.31002 1.19925 0.130396
threshold=698.50000000000011 620.50000000000011 33.855000000000011 738.50000000000011 -0.33333333333333309 10.755000000000001 11.950000000000001 8763.510000000002 0.79393438209161904 13.075000000000001 32.955000000000005 21478.500000000004 25.045000000000005 7.4500000000000011 25.805000000000003 39.365000000000002 4.4350000000000014 0.3354167467979538 0.13492628976287099 15.15 0.11764632720695004 6.4500000000000011 770.50000000000011 720.50000000000011 597.50000000000011 12.275 15.185
decision_type=2 2 2 2 2 2 2 2 2 2 2 2 2 2 2 2 2 2 2 2 2 2 2 2 2 2 2
left_child=1 8 4 6 11 -6 7 10 16 -9 -2 -3 20 15 -15 -14 -1 -18 -4 -20 21 -5 -22 -8 25 -10 -26
right_child=3 2 18 12 5 -7 23 9 24 -11 -12 -13 13 14 -16 -17 17 -19 19 -21 22 -23 -24 -25 26 -27 -28
leaf_value=0.010751316574015939 -0.003998192071123347 0.0041868874621603094 0.053148729214186362 -0.014508192167154911 0.0072890793890608603 0.024352994529412673 -0.035037700003212442 -0.010724345357472104 0.033667389020501107 0.020717316699434662 0.019536850733291675 0.031365306055674815 -0.020730875438193123 0.055672434903735031 0.0048280056129384923 0.017977543545936215 0.026676009746938296 0.035887238506783048 0.029646809719360161 0.045984431209152396 -0.011499992542002839 0.044021562582492617 -0.028913028424221242 -0.001452828235270471 0.025940433651896248 0.044855650592358222 0.037783025470796677
leaf_weight=36.959781840443611 269.2816463932395 259.65878710150719 67.713974788784981 17.816199183464054 194.79293023049831 1687.0392323881388 27.198638089001179 42.044442616403103 65.062832072377205 272.65062654018402 64.695338025689125 40.9364273250103 67.375970289111137 9.9344521984457952 79.949527360498905 12.644068233668802 311.79314304888248 758.54091322422028 260.38095666468143 121.85410507023335 122.37868919223547 8.0880292207002622 75.222841121256351 13.800051808357237 39.431757882237434 595.69078285992146 218.17938476800919
leaf_count=97 1471 960 99 149 782 4584 162 249 95 1037 246 110 532 44 506 70 639 1231 593 174 886 50 728 82 70 673 314
internal_value=0.0239996 0.0294255 0.0236751 0.000625442 0.0206461 0.0226122 0.0062169 0.00830842 0.0368527 0.0163807 0.000560695 0.00817016 -0.00908271 -0.000144775 0.0118636 -0.0139595 0.0325823 0.0332867 0.0381444 0.0351455 -0.0156826 0.00453672 -0.0185024 -0.0250242 0.0418871 0.0439042 0.0362997
internal_weight=5741.12 4658.04 2632.38 1083.08 2182.43 1881.83 689.671 648.672 2025.66 314.695 333.977 300.595 393.41 169.904 89.884 80.02 1107.29 1070.33 449.949 382.235 223.506 25.9042 197.602 40.9987 918.365 660.754 257.611
internal_count=16633 10421 7302 6212 6436 5366 3247 3003 3119 1286 1717 1070 2965 1152 550 602 1967 1870 866 767 1813 199 1614 244 1152 768 384
is_linear=0
shrinkage=0.03


Tree=24
num_leaves=26
num_cat=0
split_feature=25 25 19 10 0 18 7 11 23 7 25 0 9 10 7 9 22 21 7 0 22 22 21 7 10
split_gain=320.986 70.853 49.4194 47.6869 31.1968 30.013 29.8814 29.8623 27.727 24.0599 22.6867 20.92 18.2202 23.7067 17.8762 14.369 13.1935 10.5773 12.0326 11.2683 8.05714 3.93924 2.52084 1.58427 1.35105
threshold=0.79739605369437294 0.30237701450055776 20.550000000000004 1.5000000000000002 18827.000000000004 7.2833333333333341 77182.255000000019 4.7500000000000009 3.2261350877906344e-17 104766.73500000002 0.25931766606407941 13906.500000000002 11.500000000000002 1.0000000180025095e-35 97376.075000000012 10.500000000000002 0.34060600079304498 4453.9500000000016 71565.610000000015 4069.5000000000005 0.25032572516959778 0.35072557862177461 8383.2800000000025 58289.610000000008 1.0000000180025095e-35
decision_type=2 2 2 2 2 2 2 2 2 2 2 2 2 2 2 2 2 2 2 2 2 2 2 2 2
left_child=1 4 5 8 12 -2 10 22 9 -3 -6 -10 15 -14 -8 -1 24 19 -19 -7 -9 -18 -5 -23 -4
right_child=2 3 16 7 6 17 14 20 11 -11 -12 -13 13 -15 -16 -17 21 18 -20 -21 -22 23 -24 -25 -26
leaf_value=0.010519762155491538 0 0.016688733928038522 0.039517312998829636 0.036100874950300621 0.032403861183827959 0.033929336436536499 -0.020905322071850748 0.026128742717664705 0.019741335660098117 -0.0065768176581817873 0 0.027003049344514429 -0.01149350320260583 0.017930998859241248 0.015766628358053664 0.022856430466811899 0.020849052294756296 0.0334750799547738 0.023425020817480189 0.012250254543230565 0 0.038952877718980428 0.054928446754783672 0.027237686804018932 0.046983000413795509
leaf_weight=902.33892773836851 29.305373631417751 770.4067730307579 335.40211795270443 48.236845925450325 158.15040285885334 36.326949305832386 17.818436980247498 27.337893724441528 1068.0721496120095 39.267114259302616 23.134351842105389 641.4383335635066 69.027825154364109 35.550109095871449 27.942992210388184 99.736737102270126 47.112686663866043 658.74313269555569 184.1721481308341 76.342157773673534 19.354644127190113 105.36448001116514 54.384605973958969 69.420499302446842 216.47616875916719
leaf_count=3547 110 2642 521 129 450 73 89 74 3312 182 90 1700 327 127 89 335 99 1312 445 205 74 174 98 142 287
internal_value=0.0232043 0.0184769 0.033912 0.0213211 0.0127403 0.0291911 0.0229714 0.0380632 0.0202875 0.01551 0.0283915 0.022512 0.0105765 -0.0010607 0.000581834 0.0118206 0.0397916 0.0301066 0.0313754 0.0199715 0.0161994 0.0322086 0.0472247 0.0348304 0.042659
internal_weight=5760.86 4002.2 1758.67 2668.5 1333.7 984.89 227.046 149.314 2519.18 809.674 181.285 1709.51 1106.65 104.578 45.7614 1002.08 773.776 955.584 842.915 112.669 46.6925 221.898 102.621 174.785 551.878
internal_count=16633 13265 3368 8211 5054 2145 718 375 7836 2824 540 5012 4336 454 178 3882 1223 2035 1757 278 148 415 227 316 808
is_linear=0
shrinkage=0.03


Tree=25
num_leaves=29
num_cat=0
split_feature=6 6 6 8 3 8 8 18 8 0 8 11 6 7 25 23 8 12 23 14 8 18 3 23 0 6 7 23
split_gain=750.986 157.642 88.2822 87.0811 70.1783 54.5441 53.8998 50.4031 37.2631 37.1304 45.9124 38.0891 33.8153 32.1017 32.0467 27.3886 22.2872 22.2644 18.6996 13.169 11.1716 10.94 10.6167 8.93363 4.92544 4.54667 3.32521 3.20044
threshold=655.50000000000011 735.50000000000011 590.50000000000011 18.605000000000004 0.26292188567557268 33.675000000000004 26.935000000000006 2.2166666666666672 15.565000000000003 14614.500000000002 9.3950000000000014 2.1500000000000008 790.50000000000011 31736.665000000005 0.36528328012615879 0.56833333333333347 8.3850000000000033 37.500000000000007 2.3894444444444445 1.0000000180025095e-35 32.795000000000009 1.4166666666666672 0.28203823935458167 0.86666666666666703 12544.500000000002 552.50000000000011 48534.94000000001 1.6261363636363639
decision_type=2 2 2 2 2 2 2 2 2 2 2 2 2 2 2 2 2 2 2 2 2 2 2 2 2 2 2 2
left_child=2 3 16 9 5 -5 7 8 -4 11 -11 -2 13 17 -6 -15 22 -3 -9 23 27 26 -1 -8 -21 -23 -18 -14
right_child=1 12 6 4 14 -7 19 18 -10 10 -12 -13 20 15 -16 -17 21 -19 -20 24 -22 25 -24 -25 -26 -27 -28 -29
leaf_value=0.0074531229290546357 0.010300370304932869 -0.0020048823782051525 0 0.0075390587312965584 0.01432731348615412 0.025451515471187503 0.031883892716356915 0.026226699722482545 0.021247781086922872 -0.013524272768735817 0.021891441208083257 -0.0086573628345535617 -0.031760166924852236 -0.012032581754868007 0.030438684684732487 0.0064379011410011745 0.034964927113973844 0.035656695740687354 0.038741237871322151 0.028181323955484078 0 0.045223392343778493 0.033069359858211758 0.040266746911707611 0.011171231530868214 0.038659421004371197 0.017973355871816261 -0.0012476317417414254
leaf_weight=36.06021386384964 154.93941185623407 22.745368055999279 109.108089402318 614.80379550904036 170.51007613539696 207.12332051992416 355.44027012586594 923.32055680453777 226.08279037475586 38.896482430398464 158.35068680346012 239.97004046291113 54.685258202254772 209.84454922378063 417.13881611824036 105.77315177768469 35.787227287888527 29.373191878199577 146.81713733077049 59.27133946120739 12.722326748073099 353.60340577363968 30.600433304905891 371.87259595096111 35.538795068860054 651.17163775861263 43.162099480628967 5.6439166814088813
leaf_count=88 701 136 384 2436 574 584 691 1984 556 213 552 1214 595 1548 1065 660 56 123 216 118 106 390 47 519 81 869 91 54
internal_value=0.0229837 0.0102812 0.0321486 0.0138597 0.0179177 0.0121402 0.0285494 0.0248216 0.01435 0.00412168 0.0146914 -0.00112945 -0.00589141 -0.00204511 0.0258792 -0.00574654 0.0390299 0.0191996 0.0280407 0.0348095 -0.0242832 0.0401168 0.0202699 0.0363098 0.0224776 0.0410845 0.0267197 -0.0295186
internal_weight=5820.36 2442.52 3377.84 2001.73 1409.58 821.927 2227.45 1405.33 335.191 592.157 197.247 394.909 440.788 367.736 587.649 315.618 1150.39 52.1186 1070.14 822.123 73.0515 1083.72 66.6606 727.313 94.8101 1004.78 78.9493 60.3292
internal_count=16651 10561 6090 7339 4659 3020 4549 3140 940 2680 765 1915 3222 2467 1639 2208 1541 259 2200 1409 755 1406 135 1210 199 1259 147 649
is_linear=0
shrinkage=0.03


Tree=26
num_leaves=29
num_cat=0
split_feature=6 6 6 10 3 17 21 19 25 14 6 7 23 17 23 3 12 23 17 11 17 23 12 25 22 6 22 25
split_gain=707.029 147.397 87.082 74.3706 67.4578 64.7444 42.4055 42.0471 36.9893 33.9 32.7307 30.0638 29.972 27.0822 26.0085 20.6405 20.4806 19.3858 44.1032 18.763 12.8078 15.1521 10.3401 10.1909 8.80912 8.29706 7.29831 3.51594
threshold=655.50000000000011 735.50000000000011 611.50000000000011 1.5000000000000002 0.26292188567557268 8.5000000000000018 8862.3000000000011 8.3500000000000032 0.4160929266510251 1.0000000180025095e-35 790.50000000000011 31736.665000000005 0.83484848484848506 2.5000000000000004 0.56833333333333347 0.094687759805641106 37.500000000000007 0.12928571428571431 4.5000000000000009 1.9500000000000002 1.5000000000000002 1.4585714285714289 37.500000000000007 0.28079926151005813 0.29299738829312311 584.50000000000011 0.37586556152256073 0.15273664371706605
decision_type=2 2 2 2 2 2 2 2 2 2 2 2 2 2 2 2 2 2 2 2 2 2 2 2 2 2 2 2
left_child=2 3 8 4 5 -2 24 -6 15 12 11 16 13 -4 -13 -1 -3 18 -11 -19 21 -10 -14 -17 -5 -22 27 -12
right_child=1 10 9 6 7 -7 -8 -9 20 17 26 14 22 -15 -16 23 -18 19 -20 -21 25 -23 -24 -25 -26 -27 -28 -29
leaf_value=0.0057517444199433792 0.0026170494785681992 -0.0019519211102603119 0.0099188621212014244 0.0013734994044538509 0.011062404393443179 0.018914247515890503 0.05205119212326919 0.025354861034886943 0.011007374452897917 -0.032751069809139909 -0.0092894809328360507 -0.011774495170512732 0.037057842223066871 0.025921335854264243 0.0062216551052337674 0.033149821055285605 0.033984925234731497 0.00052543023958724741 0.016715682517765271 0.026943820338211688 0.041244564441820071 0.037505900033680234 0.027618233605416258 0.019173769860949763 0.026439689727066815 0.035018274257958802 0 -0.031632238119660393
leaf_weight=43.577737286686897 813.61858536303043 22.716354489326477 122.58593207597733 27.346945211291313 366.24502815306187 301.81839576363564 66.844387143850327 408.57381644845009 45.659974694252014 21.489335581660271 14.461602114140986 208.08171317726374 326.30899012088776 664.72840240597725 106.22847033292055 204.11962422728539 29.982357628643513 34.533628150820732 50.138983756303787 103.58585876226425 796.54584610462189 43.146529093384743 276.50170010328293 91.687651038169861 27.262582123279572 559.99724638462067 8.378123387694357 48.841376677155495
leaf_count=112 3619 136 407 114 1322 925 136 1136 106 97 148 1548 533 1497 660 358 123 97 126 219 953 56 518 186 87 825 81 526
internal_value=0.0222439 0.00994119 0.0311308 0.0133794 0.0118666 0.0070796 0.0361061 0.0186835 0.0357664 0.0259026 -0.00574644 -0.00198253 0.0276314 0.0234992 -0.00559655 0.0262206 0.0184405 0.0141504 0.000981115 0.0206544 0.0379478 0.0247545 0.0328833 0.0290764 0.0149092 0.0387517 -0.0240337 -0.0274282
internal_weight=5835.01 2450.4 3384.61 2011.71 1890.26 1115.44 121.454 774.819 1784.73 1599.87 438.69 367.009 1390.13 787.314 314.31 339.385 52.6987 209.748 71.6283 138.119 1445.35 88.8065 602.811 295.807 54.6095 1356.54 71.6811 63.303
internal_count=16651 10561 6090 7339 7002 4544 337 2458 2596 3494 3222 2467 2955 1904 2208 656 259 539 223 316 1940 162 1051 544 201 1778 755 674
is_linear=0
shrinkage=0.03


Tree=27
num_leaves=30
num_cat=0
split_feature=6 6 6 8 3 8 25 8 6 6 3 25 2 6 22 16 23 3 12 12 22 25 8 8 25 6 23 23 16
split_gain=666.339 137.913 84.656 79.0858 76.2244 58.1926 35.7551 33.3102 35.1348 31.6752 30.7318 30.2396 29.315 35.2817 28.9863 28.1654 24.6956 19.2547 19.2486 18.8737 16.2639 16.1338 15.0985 11.1785 9.38465 7.97431 3.29519 2.89106 2.67033
threshold=655.50000000000011 735.50000000000011 611.50000000000011 11.615 0.26292188567557268 33.675000000000004 0.4160929266510251 9.5850000000000026 644.50000000000011 790.50000000000011 0.35012875650292347 0.19758452248163391 10.255000000000001 681.50000000000011 0.39070355124962691 0.11929304973268204 0.56833333333333347 0.094687759805641106 37.500000000000007 37.500000000000007 0.18794407686169104 0.4369206507942614 7.8450000000000006 32.795000000000009 0.28079926151005813 580.50000000000011 1.6261363636363639 0.76666666666666694 0.49884610946574875
decision_type=2 2 2 2 2 2 2 2 2 2 2 2 2 2 2 2 2 2 2 2 2 2 2 2 2 2 2 2 2
left_child=2 3 6 12 5 -5 17 8 21 15 18 -6 13 -2 -14 19 -17 -1 -9 -3 -12 -4 27 26 -19 -24 -11 -8 -10
right_child=1 9 7 4 11 -7 22 10 28 23 20 -13 14 -15 -16 16 -18 24 -20 -21 -22 -23 25 -25 -26 -27 -28 -29 -30
leaf_value=0.0055819189225110779 0.032670700936272244 -0.0019003062562812972 -0.001003311661066578 0.006055154029578627 0.0078228161471159754 0.023756773459367175 0.0097286471319260864 0.027464737980624591 -0.0072549815704762675 -0.031508808657314778 0.042784493626675565 0.024874654616470177 -0.020010190737191624 -0.0048237918586160203 0.020479669533965683 -0.011520274189099408 0.0060135857616053154 0.032042819037974422 0.018969016607925888 0.032431193141305083 0.028329794987047983 0.025309511996630375 0.040340085953848276 0 0.018584227844380144 0.034368049616836718 -0.00064092257388539552 0.026314213449835765 -0.031643906835389986
leaf_weight=43.616691932082176 32.190925106406212 22.688117027282715 26.619803532958031 840.9492144882679 118.78001716732979 210.28709374368191 25.852098345756531 579.09413039684296 14.270515680313112 52.344364479184151 140.29693861305714 636.8981437087059 103.57984045892954 62.40634573996067 16.358829662203789 206.36379254609346 106.66920833289623 204.89313860237598 519.40102790296078 30.562897481024265 247.45117920637131 68.35126119852066 730.89047503471375 12.502454526722429 91.819702103734016 644.99274136126041 5.5197580754756919 40.79596109688282 11.040664136409758
leaf_count=112 115 136 106 3442 429 584 62 1207 60 595 214 1757 584 364 64 1548 660 358 1216 123 468 163 872 106 186 939 54 67 60
internal_value=0.0215365 0.00961566 0.0301622 0.0129207 0.0149673 0.00966302 0.0347397 0.0250268 0.00925025 -0.00560541 0.0262693 0.0222617 -0.00415788 0.00803707 -0.0139963 -0.00192183 -0.00544996 0.025378 0.0235167 0.0177216 0.0338295 0.0177562 0.0368894 -0.0237822 0.0281307 0.0376162 -0.0291852 0.0207887 -0.02053
internal_weight=5847.49 2458.1 3389.39 2021.45 1806.91 1051.24 1782.86 1606.53 120.282 436.651 1486.24 755.678 214.536 94.5973 119.939 366.284 313.033 340.33 1098.5 53.251 387.748 94.9711 1442.53 70.3666 296.713 1375.88 57.8641 66.6481 25.3112
internal_count=16651 10561 6090 7339 6212 4026 2596 3494 389 3222 3105 2186 1127 479 648 2467 2208 656 2423 259 682 269 1940 755 544 1811 649 129 120
is_linear=0
shrinkage=0.03


Tree=28
num_leaves=29
num_cat=0
split_feature=6 6 6 8 3 8 8 18 19 14 0 8 11 6 7 23 8 23 12 19 21 8 18 3 6 2 3 7
split_gain=628.406 129.047 82.6779 74.9015 56.8064 50.1747 45.7424 45.4539 38.6717 34.2242 31.9396 42.8485 37.8176 30.6411 26.3955 23.4469 19.7709 17.9407 17.4219 16.9364 15.0088 11.0059 10.5734 10.0401 5.02596 3.60333 3.37557 3.2229
threshold=655.50000000000011 735.50000000000011 590.50000000000011 18.605000000000004 0.26292188567557268 26.935000000000006 40.210000000000008 2.2166666666666672 8.3500000000000032 1.0000000180025095e-35 14332.500000000002 11.615 2.1500000000000008 790.50000000000011 31736.665000000005 0.56833333333333347 8.3850000000000033 2.5683333333333338 37.500000000000007 15.850000000000003 18192.365000000002 32.795000000000009 1.4166666666666672 0.28203823935458167 552.50000000000011 13.285000000000002 0.62728996904472167 48534.94000000001
decision_type=2 2 2 2 2 2 2 2 2 2 2 2 2 2 2 2 2 2 2 2 2 2 2 2 2 2 2 2
left_child=2 3 16 10 6 7 -5 9 -6 -4 12 -12 -2 14 18 -16 23 -9 -3 20 -7 26 27 -1 -24 -21 -15 -18
right_child=1 13 5 4 8 19 -8 17 -10 -11 11 -13 -14 21 15 -17 22 -19 -20 25 -22 -23 24 -25 -26 -27 -28 -29
leaf_value=0.0059805243286406894 0.0097566739438920379 -0.0018500065043613437 0.015815790329836245 0.0088082437809180406 0.014277999498083473 0.026422547928549499 0.034399085079200024 0.02368149289366844 0.03009838222610884 -0.013410998658078132 -0.0070884312447159342 0.021965856200688784 -0.0091807914397386663 -0.031341754858269476 -0.011269910637083993 0.0058133202521453188 0.031931322441832534 0.036680551351193774 0.030983261153431776 0.042464676416982941 0.04420316480581403 0 0.042017957366041234 0.030679814457902656 0.035510213384982205 0.030557389710270732 0 0.015740289894508673
leaf_weight=36.21033450961113 156.00848793238401 22.660635925829411 301.82518704235554 764.26325557380915 263.51753997802734 509.18863825500011 68.115390777587891 956.74127508699894 337.18351468443871 38.258463770151138 63.42075028270483 143.82073928415775 234.1026324480772 51.234531953930855 204.68987939506769 107.09586179256439 36.02436026930809 124.88707359135151 31.116224363446236 171.45529294013977 57.367792382836342 12.502454526722429 349.70282155275345 30.655050978064537 646.94286434352398 90.040674075484276 5.3148317188024512 43.452101156115532
leaf_count=88 698 136 801 2858 844 991 162 2022 795 139 325 466 1191 601 1548 660 56 178 123 210 75 106 390 47 869 133 48 91
internal_value=0.0208579 0.00930174 0.0292349 0.0124799 0.0162021 0.0257946 0.0110158 0.0222335 0.0232784 0.012381 0.00347604 0.0129484 -0.00151991 -0.00546665 -0.00186292 -0.0053067 0.0359234 0.025275 0.0170398 0.0318045 0.0284249 -0.0235332 0.0369546 0.0183019 0.0379033 0.0387416 -0.0290043 0.0240511
internal_weight=5857.8 2465.05 3392.75 2030.43 1433.08 2249.76 832.379 1421.71 600.701 340.084 597.353 207.241 390.111 434.614 365.563 311.786 1142.99 1081.63 53.7769 828.052 566.556 69.0518 1076.12 66.8654 996.646 261.496 56.5494 79.4765
internal_count=16651 10561 6090 7339 4659 4549 3020 3140 1639 940 2680 791 1889 3222 2467 2208 1541 2200 259 1409 1066 755 1406 135 1259 343 649 147
is_linear=0
shrinkage=0.03


Tree=29
num_leaves=29
num_cat=0
split_feature=6 6 6 10 17 3 21 25 23 6 18 17 2 7 7 6 3 3 7 2 0 17 23 21 6 12 22 25
split_gain=593.367 120.81 81.7096 68.5307 57.546 41.8164 37.1744 34.304 29.948 29.6364 27.0997 26.2054 24.9039 24.7443 22.5011 20.3471 20.018 17.9681 16.8279 13.1114 18.1727 11.0152 14.1041 9.40061 7.9657 7.71454 7.36562 3.80581
threshold=655.50000000000011 735.50000000000011 611.50000000000011 1.5000000000000002 5.5000000000000009 0.33108423235751455 8862.3000000000011 0.4160929266510251 0.88333333333333364 790.50000000000011 19.583333333333336 1.5000000000000002 10.355000000000002 31736.665000000005 41973.200000000004 644.50000000000011 0.071112840999698487 0.094687759805641106 26665.580000000005 13.285000000000002 13340.500000000002 1.5000000000000002 1.4585714285714289 13562.310000000001 584.50000000000011 37.500000000000007 0.37586556152256073 0.15273664371706605
decision_type=2 2 2 2 2 2 2 2 2 2 2 2 2 2 2 2 2 2 2 2 2 2 2 2 2 2 2 2
left_child=2 3 7 4 5 -2 12 17 11 13 -6 15 -5 18 -15 -4 -13 -1 -3 25 -21 22 -9 -19 -23 -10 27 -11
right_child=1 9 8 6 10 -7 -8 21 19 26 -12 16 -14 14 -16 -17 -18 23 -20 20 -22 24 -24 -25 -26 -27 -28 -29
leaf_value=0.0046962911029941523 0 -0.0026381849718009071 0.010962066543729566 0.033602890955259992 0.013795846266411012 0.01512587146644938 0.048363284097287566 0.0095586677840766906 0.035229650841371661 -0.0081276582578124115 0.034615410035116013 0.00070604875920712883 -0.0049142396752060117 -0.021581044217860494 -0.0010780529064147869 -0.025587612020596631 0.02216866794161276 0.022748066620223138 0.029631412110897152 0.010922840756637886 0.030900636208649801 0.038160139199330263 0.035019520840537714 0.037322572018997351 0.032144345294533555 0.025668405365756212 0.00014773185507814751 -0.031276809489846132
leaf_weight=43.779379636049271 568.63329993933439 21.995691671967506 51.868544086813927 26.9146359115839 1055.3685054630041 230.13853015750647 68.540682524442673 45.857502371072769 269.90957133471966 13.804191961884497 60.913722664117813 44.169178605079651 28.344933956861496 58.76335845887661 251.80461785197258 16.271043226122856 849.12745100259781 229.9602240473032 32.281883008778095 97.134430080652237 84.297679111361504 787.0213348120451 42.946100518107414 67.947409272193909 558.52521328628063 205.52778443694115 8.0785102993249875 45.880455113947392
leaf_count=112 2658 113 174 89 3433 791 136 106 432 148 120 139 112 433 1775 85 1931 448 146 217 135 953 56 96 825 381 81 526
internal_value=0.0202108 0.00900059 0.0283541 0.0120585 0.0106129 0.00439628 0.0336571 0.032868 0.0233472 -0.00533111 0.0150186 0.0197771 0.0138404 -0.00180576 -0.00516672 0.0013259 0.0211449 0.0237491 0.0163922 0.0284513 0.0206043 0.0349833 0.0227022 0.026399 0.0357367 0.0312841 -0.0232861 -0.0268462
internal_weight=5865.81 2471.46 3394.34 2038.85 1915.05 798.772 123.8 1776.04 1618.31 432.609 1116.28 961.436 55.2596 364.846 310.568 68.1396 893.297 341.687 54.2776 656.869 181.432 1434.35 88.8036 297.908 1345.55 475.437 67.7632 59.6846
internal_count=16651 10561 6090 7339 7002 3449 337 2596 3494 3222 3553 2329 201 2467 2208 259 2070 656 259 1165 352 1940 162 544 1778 813 755 674
is_linear=0
shrinkage=0.03


Tree=30
num_leaves=27
num_cat=0
split_feature=6 6 6 8 6 18 8 18 8 2 0 25 7 3 8 2 10 8 25 7 7 2 8 2 2 8
split_gain=546.921 119.182 87.2643 74.3602 57.1009 47.2195 46.6646 45.2776 49.5374 35.242 34.7864 34.574 28.1657 25.0566 20.2865 16.9727 13.4272 13.1282 12.4313 11.0894 51.7873 8.48864 7.76823 7.0099 4.51392 3.1542
threshold=650.50000000000011 706.50000000000011 586.50000000000011 37.995000000000012 770.50000000000011 5.4000000000000012 7.2750000000000012 2.4833333333333338 16.485000000000003 11.925000000000002 25371.500000000004 0.42420862340859272 106047.23500000002 0.29973624152791467 25.045000000000005 10.745000000000003 1.0000000180025095e-35 39.790000000000006 0.68216085234047474 45106.365000000005 42177.000000000007 5.5950000000000006 11.615 7.9050000000000011 12.685 31.435000000000006
decision_type=2 2 2 2 2 2 2 2 2 2 2 2 2 2 2 2 2 2 2 2 2 2 2 2 2 2
left_child=2 3 18 5 6 10 23 8 9 -4 -2 -8 -7 14 -9 -10 17 -5 24 20 -6 -21 -15 -3 -1 -26
right_child=1 4 7 16 19 12 11 13 15 -11 -12 -13 -14 22 -16 -17 -18 -19 -20 21 -22 -23 -24 -25 25 -27
leaf_value=0.020130701923256 0.0059267414046930613 0 0.017631764022424674 0.00649292226120064 -0.019957776082424217 0.01987720399819326 -0.0012115792183419523 0.019902220519233609 0.0048318736984116666 -0.013135211165212357 0.026693214593142393 0.011588500851903912 -0.0070336936835997642 0.019477360318627127 0.02893621617392525 0.024347406555679244 0.046989218611782603 0.032647452217761386 0.038308889904878213 0 0.046455831051231238 -0.02675696058283868 0.033466182559242885 -0.032618568754260897 0.029384632756290122 0.041165928099006877
leaf_weight=64.332406029105186 851.36606296896935 9.2562739402055723 58.333131417632103 28.170617401599884 45.475550793111324 620.88509650528431 337.54696223139763 581.78385764360428 51.290711030364037 73.215384855866432 78.972734540700912 420.1706271469593 34.426134184002876 60.644797265529633 451.60175339877605 335.92841458320618 55.145368799567223 71.543248504400253 637.31767059862614 13.938339248299597 11.497345618903635 74.581033550202847 533.2324812412262 31.64769185334444 249.26500770449638 58.564661622047424
leaf_count=118 3152 63 164 75 409 1707 1927 1224 138 263 211 1984 136 133 763 704 81 142 748 138 76 752 820 242 396 67
internal_value=0.0195298 0.0095492 0.0280002 0.0142015 0.000928938 0.012203 0.00411691 0.0244817 0.0164968 0.000343018 0.00777518 0.00585867 0.0184007 0.0269855 0.0239274 0.0218776 0.0340567 0.0258263 0.0353872 -0.0161853 -0.00492558 -0.0228319 0.0321582 -0.0262179 0.0301256 0.0319741
internal_weight=5840.13 2684.62 3155.51 1740.51 944.114 1585.65 798.622 2146.03 518.768 131.549 930.339 757.718 655.311 1627.26 1033.39 387.219 154.859 99.7139 1009.48 145.492 56.9729 88.5194 593.877 40.904 372.162 307.83
internal_count=16633 11095 5538 5504 5591 5206 4216 4209 1269 427 3363 3911 1843 2940 1987 842 298 217 1329 1375 485 890 953 305 581 463
is_linear=0
shrinkage=0.03


Tree=31
num_leaves=29
num_cat=0
split_feature=6 6 6 8 6 18 8 18 8 25 10 7 7 22 3 11 8 11 19 25 22 6 6 22 22 8 10 22
split_gain=517.91 111.516 84.9691 70.089 54.2225 50.2445 44.5769 42.8461 46.3554 32.2597 30.6685 30.6677 29.0065 24.9123 23.7197 23.6901 19.1973 15.0238 14.8864 12.3607 11.4768 19.9686 16.3485 7.10535 3.28069 2.68499 2.48517 0.175622
threshold=650.50000000000011 706.50000000000011 586.50000000000011 33.675000000000004 770.50000000000011 4.8833333333333346 7.2750000000000012 2.4833333333333338 16.485000000000003 0.42420862340859272 1.0000000180025095e-35 78622.74500000001 98593.910000000018 0.35215815610520235 0.29973624152791467 1.1500000000000001 25.045000000000005 8.8500000000000032 4.8500000000000005 0.68216085234047474 0.14335601765545428 788.50000000000011 849.50000000000011 0.32735888854482414 0.28712395611792269 19.025000000000002 1.0000000180025095e-35 0.31370337048573183
decision_type=2 2 2 2 2 2 2 2 2 2 2 2 2 2 2 2 2 2 2 2 2 2 2 2 2 2 2 2
left_child=2 3 19 5 6 11 26 8 15 -8 13 -2 -7 -5 16 -4 -9 -16 -10 23 21 -6 -22 24 -1 -25 -3 -21
right_child=1 4 7 10 20 12 9 14 18 -11 -12 -13 -14 -15 17 -17 -18 -19 -20 27 22 -23 -24 25 -26 -27 -28 -29
leaf_value=0.028968621863498984 0.0085503455977010492 -0.031902415226546264 0.021339718500000625 0.023245183686371119 0.025206757191525601 0.018881441685555795 -0.001176316303616024 0.019271385814442148 0.027051627281225146 0.011170542020014964 0.039677065282143417 -0.006616668563022194 -0.0052763514634054853 -0.0070424353481282707 0.032841317559980994 -0.0070089046036370239 0.028060325766171196 0.014949639374958136 0.014456941148883167 0.039094608233515467 -0.02272574254522005 -0.025471429899609078 0.017546993465342109 0.008258976796214899 0.040941435822009153 0.023519224750190439 -0.0096629729754320586 0.032846434006880684
leaf_weight=239.3499321937561 653.43348729610443 26.648283310234547 34.121355995535851 167.19735687971115 13.638072468340399 601.57067175209522 337.2995922267437 582.85193066298962 201.01012527942657 422.84821103513241 111.07761092483997 143.04836376011372 45.432993024587631 25.947018817067146 535.79401545226574 97.46699421107769 451.78645369410515 58.17831751704216 187.53795118629932 446.52857849001884 111.99272806942463 10.507997795939444 7.5609441697597495 26.054915025830269 57.304846718907356 49.015382349491119 13.551979362964628 186.64735291898251
leaf_count=373 2347 209 87 381 88 1687 1927 1224 402 1984 191 633 182 83 833 340 763 120 440 505 1097 124 66 57 70 81 96 243
internal_value=0.0189319 0.00923932 0.0271843 0.0137242 0.00089342 0.0109032 0.00397886 0.0237226 0.0159643 0.00566381 0.0268524 0.00577902 0.0171278 0.0189921 0.0261594 0.000326862 0.0231848 0.0311953 0.0211546 0.0344945 -0.015904 0.00174361 -0.0196852 0.0292759 0.0316405 0.0189638 -0.0259294 0.0374092
internal_weight=5845.4 2691.76 3153.65 1747.71 944.048 1443.49 800.348 2148.75 520.136 760.148 304.222 796.482 647.004 193.144 1628.61 131.588 1034.64 593.972 388.548 1004.9 143.7 24.1461 119.554 371.725 296.655 75.0703 40.2003 633.176
internal_count=16633 11095 5538 5504 5591 4849 4216 4209 1269 3911 655 2980 1869 464 2940 427 1987 953 842 1329 1375 212 1163 581 443 138 305 748
is_linear=0
shrinkage=0.03


Tree=32
num_leaves=29
num_cat=0
split_feature=6 6 8 6 6 3 8 8 19 8 22 7 8 3 0 9 0 21 10 8 8 3 19 22 6 9 6 10
split_gain=492.703 122.73 71.9196 66.1833 51.4461 50.5234 42.6219 28.5973 26.9516 27.0066 37.127 26.1467 22.1967 20.1954 18.4845 18.2767 16.9409 16.0473 12.9396 11.189 15.6223 13.1824 7.65573 8.38111 6.60173 6.17525 4.31147 2.45842
threshold=642.50000000000011 706.50000000000011 31.555000000000003 586.50000000000011 770.50000000000011 0.33108423235751455 7.2750000000000012 39.365000000000002 7.1500000000000012 12.605000000000002 0.14679822382972055 79121.635000000024 9.3950000000000014 0.088586227780651866 13189.500000000002 7.5000000000000009 12611.500000000002 5248.6950000000006 1.0000000180025095e-35 30.185000000000006 31.115000000000006 0.35390726149925333 16.350000000000005 0.32735888854482414 634.50000000000011 7.5000000000000009 554.50000000000011 1.0000000180025095e-35
decision_type=2 2 2 2 2 2 2 2 2 2 2 2 2 2 2 2 2 2 2 2 2 2 2 2 2 2 2 2
left_child=3 2 5 22 6 11 27 -8 9 10 -5 -2 -7 15 16 -4 -10 -11 -15 21 -21 -6 23 26 -16 -25 -1 -3
right_child=1 4 13 8 19 12 7 -9 14 17 -12 -13 -14 18 24 -17 -18 -19 -20 20 -22 -23 -24 25 -26 -27 -28 -29
leaf_value=0.037345430189091748 0.0098048387641544218 -0.031671544721061422 0.021745023151703968 0.030626290180673654 -0.026684053444384719 -0.0035698455930608703 0.0037650519822436412 0.025983670888728824 0.023798004597093688 0.0084578550303229232 -0.011631948719700688 -0.00093278851023316913 0.020722377860956577 0.022028088975796035 0.032206478709027694 -0.014291580888091763 0.0015640721173383254 0.023561035886785767 0.034391346702559736 0.03270640106342413 -0.011441871109741637 -0.0015483796422713747 0.037668382961638408 0.011157350752157527 0.020998024964174328 0.02795090573182183 0.029223203784627852 -0.0094658406895269456
leaf_weight=202.00731548666954 839.49982254207134 26.060732834041119 24.564002275466919 25.369664773344994 78.017693214118481 33.771868646144867 707.3026514723897 55.184495970606804 717.857301607728 88.751000165939331 56.626479551196098 262.49946501851082 449.00746566057205 287.04349708557129 475.85589212179184 21.5620057284832 35.558493480086327 357.29011002182961 140.54192613065243 7.4534946829080573 28.160372361540794 28.279221348464489 395.19128680229187 45.198357924818993 89.299154311418533 63.454972267150879 294.05939304828644 13.462210737168787
leaf_count=247 2868 209 59 53 854 150 3713 198 1325 230 201 1043 1112 647 717 83 84 712 253 49 238 234 450 91 176 96 445 96
internal_value=0.0183578 0.00985412 0.013959 0.0273034 0.000859854 0.0108347 0.0038449 0.00547612 0.0238213 0.0177706 0.00150353 0.00722287 0.0189535 0.0242588 0.026191 0.00438217 0.0227953 0.020674 0.0263028 -0.0156207 -0.000156892 -0.0204261 0.0336439 0.030849 0.0305686 0.0215641 0.0327276 -0.0256506
internal_weight=5848.93 3002.41 2058.49 2846.52 943.921 1584.78 802.01 762.487 1846.61 528.037 81.9961 1102 482.779 473.711 1318.57 46.126 753.416 446.041 427.585 141.911 35.6139 106.297 999.911 604.72 565.155 108.653 496.067 39.5229
internal_count=16633 11806 6215 4827 5591 5173 4216 3911 3498 1196 254 3911 1262 1042 2302 142 1409 942 900 1375 287 1088 1329 879 893 187 692 305
is_linear=0
shrinkage=0.03


Tree=33
num_leaves=30
num_cat=0
split_feature=15 15 15 17 15 3 18 18 17 2 17 17 2 10 22 11 3 3 10 2 22 15 15 18 2 19 22 18 9
split_gain=467.807 114.87 64.6701 64.5842 48.89 46.4183 34.9921 34.5656 33.2704 33.5131 26.8385 25.7808 24.2581 21.9865 38.1592 21.1253 21.0885 20.5581 12.0927 11.2613 11.1791 19.0936 15.8715 10.158 17.1395 7.33292 4.37484 5.74846 0.0893942
threshold=0.28922266241009276 0.66637178353013593 0.078887649524981743 9.5000000000000018 0.91734297472979731 0.35656531625766813 2.4833333333333338 5.8833333333333337 1.5000000000000002 6.1050000000000013 3.5000000000000004 1.5000000000000002 11.955000000000002 1.0000000180025095e-35 0.34060600079304498 11.15 0.21230177102716577 0.29532778572271151 1.0000000180025095e-35 9.5350000000000019 0.14335601765545428 0.95220970037309138 0.99569214200546186 4.9500000000000011 12.605000000000002 7.9500000000000011 0.36106958802847683 16.850000000000005 7.5000000000000009
decision_type=2 2 2 2 2 2 2 2 2 2 2 2 2 2 2 2 2 2 2 2 2 2 2 2 2 2 2 2 2
left_child=2 3 23 5 8 7 10 -2 19 -10 12 -7 -4 14 -5 17 -17 -8 -12 -3 21 -6 -22 24 -1 -26 -25 -28 -15
right_child=1 4 6 13 20 11 15 -9 9 -11 18 -13 -14 28 -16 16 -18 -19 -20 -21 22 -23 -24 26 25 -27 27 -29 -30
leaf_value=0.0075526549852976211 0.0042762422293064831 -0.0037580294537877586 0.018327627927779006 0.024629431575895887 0.024750683275940377 -0.0072117274493016196 0.023238988605722245 0.014546357294568083 0.034737526585929622 0.0039956974633132509 0.01547465766792762 0.021000051717077809 -0.0087253721962223165 0.042601051456159757 -0.013090405862859773 0.022349095516181822 -0.0061224872631363003 0.031538484784182211 0.029483295772725508 -0.031880959612280227 -0.022253379833207382 -0.025123762852397903 0.017397759615125515 0.036217893553574333 0.032911616416259573 0.016618560257604546 0.015682318420432256 0.033686954391663429 0.029534934788886982
leaf_weight=41.156861647963524 798.32891997694969 29.724408194422722 49.815620467066765 170.45783123373985 13.738152876496317 28.56953264772892 837.1202208250761 480.03917632997036 31.844196408987045 715.82021839171648 217.33676229417324 449.74765647947788 67.17903470993042 57.927690491080284 25.676917269825935 53.48919789493084 37.012434303760529 493.98813039064407 91.360459640622139 26.175519019365311 108.72821170091629 10.133560359477995 7.5844923853874198 621.70004460215569 189.80672183632851 45.881694480776787 44.072242304682732 51.910539969801903 54.717757552862167
leaf_count=89 2978 207 133 356 88 130 1538 1403 140 3664 485 1077 227 85 85 101 98 749 167 205 1097 124 66 742 274 85 77 62 101
internal_value=0.0178056 0.00953691 0.0265378 0.0134967 0.000828691 0.0112189 0.0231044 0.0081729 0.00371959 0.00543424 0.0152511 0.0192295 0.00265596 0.026203 0.0194576 0.0254103 0.0105001 0.0263842 0.0198802 -0.0180913 -0.0153508 0.00211387 -0.0191639 0.032826 0.0268763 0.0300326 0.0349983 0.0262148 0.0371418
internal_weight=5851.04 3009.21 2841.83 2065.47 943.749 1756.69 1847.3 1278.37 803.564 747.664 425.692 478.317 116.995 308.78 196.135 1421.61 90.5016 1331.11 308.697 55.8999 140.184 23.8717 116.313 994.528 276.845 235.688 717.683 95.9828 112.645
internal_count=16633 11806 4827 6215 5591 5588 3498 4381 4216 3804 1012 1207 360 627 441 2486 199 2287 652 412 1375 212 1163 1329 448 359 881 139 186
is_linear=0
shrinkage=0.03


Tree=34
num_leaves=29
num_cat=0
split_feature=15 15 8 15 15 18 8 18 25 3 8 10 22 2 11 3 8 0 2 25 8 12 3 2 22 9 8 22
split_gain=444.361 103.578 69.3324 66.8454 46.4034 42.4671 39.3726 36.4106 29.914 29.7797 29.4215 25.367 25.0922 24.2015 22.8161 28.2761 21.9214 20.7435 16.7131 12.8174 11.0569 15.5631 13.0615 7.0355 6.24686 3.58266 2.61361 0.38996
threshold=0.29912688949574989 0.66637178353013593 33.675000000000004 0.078887649524981743 0.91734297472979731 5.8833333333333337 7.2750000000000012 2.4833333333333338 0.42420862340859272 0.33108423235751455 16.485000000000003 1.0000000180025095e-35 0.35215815610520235 11.925000000000002 11.450000000000001 0.21070254666506014 5.3050000000000006 31170.500000000004 10.745000000000003 0.68216085234047474 30.185000000000006 38.500000000000007 0.35390726149925333 7.9050000000000011 0.32735888854482414 5.5000000000000009 19.025000000000002 0.31370337048573183
decision_type=2 2 2 2 2 2 2 2 2 2 2 2 2 2 2 2 2 2 2 2 2 2 2 2 2 2 2 2
left_child=3 2 5 19 6 9 23 10 -8 -2 13 12 -4 -5 16 -16 -9 -7 -12 24 22 -22 -6 -3 25 -1 -26 -21
right_child=1 4 11 7 20 17 8 14 -10 -11 18 -13 -14 -15 15 -17 -18 -19 -20 27 21 -23 -24 -25 26 -27 -28 -29
leaf_value=0.018773767866054298 0.0030326901639978355 0 0.022282616452867575 0.016688611644801427 -0.026313942915419018 0.01486658446121213 -0.0014366467291154505 0.001429379603685663 0.010405524513114939 0.014453767820527305 0 0.036083352242584348 -0.006614420058964802 -0.010238426047436071 0.022590622385867214 -0.011073612616286262 0.026118549188369391 0.038801479090540492 0.0213477874464434 0.036661958372672977 -0.020583303096763237 0.017313049830860929 -0.0011233924537767566 -0.031881545191477317 0.0068518768027254571 0.030988548578222058 0.021577752726777484 0.030534197177656822
leaf_weight=52.326551720499992 720.15027084946632 8.9783917069435102 194.58023022115231 51.04849000275135 75.385512493550777 601.19405055046082 339.08886847645044 36.044620364904404 427.71368233859539 292.15301796793938 35.052730441093445 126.6732612401247 28.672982588410378 66.685585960745811 53.060100436210632 34.979866832494736 1348.9598387628794 35.410614401102066 294.66296881437302 436.25221379101276 16.343406908214092 18.801951393485069 27.946404047310352 29.397978864610195 26.051203072071075 242.36305101215839 48.73349004983902 183.04731149971485
leaf_count=92 2750 63 423 138 854 1674 1927 101 1984 839 96 211 90 231 99 98 2299 60 604 505 155 132 234 242 57 351 81 243
internal_value=0.0172752 0.00903001 0.0128952 0.0255923 0.00080121 0.0102675 0.00359902 0.0222259 0.00513964 0.00638042 0.0144518 0.0250632 0.0184123 0.00127009 0.0245442 0.00893316 0.0255006 0.0163623 0.0190322 0.0320424 -0.0150728 0 -0.0199366 -0.0251712 0.0268371 0.0290619 0.0171508 0.0350032
internal_weight=5851.76 2942.49 1998.83 2909.27 943.656 1648.91 805.179 1920.49 766.803 1012.3 447.45 349.926 223.253 117.734 1473.04 88.04 1385 636.605 329.716 988.774 138.477 35.1454 103.332 38.3764 369.474 294.69 74.7847 619.3
internal_count=16633 11638 6047 4995 5591 5323 4216 3666 3911 3589 1069 724 513 369 2597 197 2400 1734 700 1329 1375 287 1088 305 581 443 138 748
is_linear=0
shrinkage=0.03


Tree=35
num_leaves=28
num_cat=0
split_feature=6 6 6 23 10 23 17 6 18 17 9 23 17 3 26 6 11 12 12 23 3 23 3 24 11 9 18
split_gain=456.396 119.214 84.1243 38.9052 38.1067 35.5813 32.3912 31.4012 32.169 30.8807 39.7204 33.0979 29.0579 29.9731 23.9029 22.7411 22.1821 19.4897 17.6241 30.5613 17.8031 15.2485 12.7116 9.1803 6.74732 0.896059 0.52856
threshold=675.50000000000011 620.50000000000011 708.50000000000011 0.88333333333333364 1.5000000000000002 1.9707142857142859 6.5000000000000009 764.50000000000011 1.5500000000000003 5.5000000000000009 8.5000000000000018 -0.49999999999999972 3.5000000000000004 0.11083682310700181 1.5000000000000002 548.50000000000011 10.350000000000003 37.500000000000007 37.500000000000007 -0.77999999999999992 0.074155901691649553 1.7045454545454548 0.555814153305487 4.5000000000000009 2.1500000000000008 6.5000000000000009 13.416666666666668
decision_type=2 2 2 2 2 2 2 2 2 2 2 2 2 2 2 2 2 2 2 2 2 2 2 2 2 2 2
left_child=1 5 4 12 9 15 7 8 -4 10 -2 -11 13 -3 -14 25 17 -5 20 -20 -8 -18 -17 -9 -6 -1 -7
right_child=2 3 6 16 24 26 18 23 -10 11 -12 -13 14 -15 -16 22 21 -19 19 -21 -22 -23 -24 -25 -26 -27 -28
leaf_value=0.025403153920326448 0.0088597083890159523 -0.015405108751844428 -0.019903171022594767 0.02820539015697731 0.044827323218682581 0.028587254269772055 0.0245790993852695 0 0.00067079805824426543 -0.0089428247001044868 -0.011316490736506726 0.015538845316310399 0.012030361091311791 0.0092631128391784234 0.022384261000466216 0.021685951456940866 -0.013211875001709906 0.017604394226404016 0.041745542631777988 0.0048077815247823145 -0.0067228689567402442 0.016466895366437081 0.032933852227429006 -0.027377494445861385 0.019068876546783426 0.036402914567599802 0.035537631140345562
leaf_weight=55.119326710700989 244.53607361763716 50.987209185957909 87.86738383024931 384.18932977318764 28.243718177080154 130.51936674118042 15.841285765171049 13.509996071457861 275.31283669173717 52.6530422270298 133.84864994138479 468.31298218667507 589.04814948141575 254.61509610712528 333.92566686868668 1144.5924896895885 24.677570015192032 329.12964208424091 20.984344594180584 201.34170068055391 168.82557651400566 34.204914882779121 118.99481208622456 82.031889922916889 28.959035515785217 160.28783012926579 397.7851065248251
leaf_count=81 971 217 612 701 54 184 84 125 1599 200 609 1367 1523 822 769 2032 80 691 80 1011 996 72 164 859 85 191 472
internal_value=0.0161937 0.0218526 0.00372018 0.0166002 0.00985065 0.0270514 -0.00302607 -0.00849312 -0.00430644 0.00825015 0.0016218 0.0129824 0.0131814 0.00497649 0.0158491 0.0245096 0.0219525 0.0234189 0.00307389 0.00876901 -0.0036424 0.0035104 0.0228193 -0.0236856 0.0333785 0.0339858 0.0339914
internal_weight=5830.35 4008.08 1822.27 2000.78 956.554 2007.3 865.715 458.722 363.18 899.351 378.385 520.966 1228.58 305.602 922.974 1478.99 772.201 713.319 406.993 222.326 184.667 58.8825 1263.59 95.5419 57.2028 215.407 528.304
internal_count=16651 7999 8652 4875 3286 3124 5366 3195 2211 3147 1580 1567 3331 1039 2292 2468 1544 1392 2171 1091 1080 152 2196 984 139 272 656
is_linear=0
shrinkage=0.03


Tree=36
num_leaves=27
num_cat=0
split_feature=6 6 6 23 10 23 22 17 17 9 23 6 6 25 16 25 26 18 17 18 0 18 17 25 2 9
split_gain=430.54 115.205 78.9288 36.7725 35.5818 34.8785 32.7513 31.3192 28.8464 37.4182 31.0059 28.6684 22.1271 20.4256 19.6541 24.1549 19.6082 18.231 16.8161 16.3669 13.8483 10.6984 7.85155 5.72238 1.0521 0.827531
threshold=675.50000000000011 620.50000000000011 708.50000000000011 0.88333333333333364 1.5000000000000002 1.9707142857142859 0.18221409015879084 3.5000000000000004 5.5000000000000009 8.5000000000000018 -0.49999999999999972 775.50000000000011 548.50000000000011 0.19758452248163391 0.15881380053078967 0.31841609292665107 3.5000000000000004 5.8166666666666673 4.5000000000000009 3.3833333333333342 5863.5000000000009 0.25000000000000006 8.5000000000000018 0.69385360975422139 12.075000000000001 6.5000000000000009
decision_type=2 2 2 2 2 2 2 2 2 2 2 2 2 2 2 2 2 2 2 2 2 2 2 2 2 2
left_child=1 5 4 6 8 12 18 14 9 -2 -10 13 25 -9 15 -4 -8 -16 -3 -5 -21 -14 -13 -6 -7 -1
right_child=2 3 7 19 23 24 16 11 10 -11 -12 22 21 -15 17 -17 -18 -19 -20 20 -22 -23 -24 -25 -26 -27
leaf_value=0.02478659106768508 0.0085600656646565108 0.010358525206345569 0.028811789760081939 0.0008501846491607651 0.018858814930145486 0.025920664421125426 0.0085518295425602315 -0.008422298253840544 -0.0087121838235278311 -0.011040969549000398 0.015000297266468074 -0.023074869249553355 0.0045846104800210639 0.0057499511698429736 -0.022930476717931334 -0.014723949097261803 0.030785580325020483 -0.0013811843216593048 0.025278050885449297 0.0084623434203818203 0.023609098602288495 0.022651713063482376 -0.0023172392438731092 0.043022624118060945 0.034424738074566717 0.035585938687879737
leaf_weight=54.849557787179947 245.55726201832294 112.66015850007534 19.359610475599766 36.854145392775536 29.639311879873276 82.529398202896118 847.08523961901665 111.61150671541691 52.481126338243484 133.13399484008551 470.60882247984409 50.984761103987694 35.694397255778313 448.94433016330004 127.99075857549906 22.116931103169918 36.935017198324203 53.084012247622013 235.28883983194828 69.29389001429081 666.93458445370197 1225.9613162279129 29.443759016692638 28.09070411324501 441.60041619837284 159.11238038539886
leaf_count=81 971 354 102 105 88 120 2389 684 200 609 1367 584 85 2202 1045 133 81 355 507 175 1264 2111 261 51 536 191
internal_value=0.0157199 0.0212208 0.00360923 0.0160709 0.00952977 0.0263483 0.0127522 -0.00294149 0.0079795 0.00156845 0.01254 0.000389681 0.0238361 0.0028549 -0.0125874 0.00529739 0.00958203 -0.016861 0.0206199 0.0212742 0.0222509 0.0221724 -0.0160803 0.0321658 0.0332463 0.0332116
internal_weight=5827.85 4004.8 1823.05 2005.05 959.511 1999.75 1231.97 863.536 901.781 378.691 523.09 640.984 1475.62 560.556 222.551 41.4765 884.02 181.075 347.949 773.083 736.228 1261.66 80.4285 57.73 524.13 213.962
internal_count=16651 7999 8652 4875 3286 3124 3331 5366 3147 1580 1567 3731 2468 2886 1635 235 2470 1400 861 1544 1439 2196 845 139 656 272
is_linear=0
shrinkage=0.03


Tree=37
num_leaves=26
num_cat=0
split_feature=6 6 6 3 8 10 8 22 23 23 8 6 11 2 25 6 8 19 25 3 11 3 11 22 2
split_gain=406.524 111.29 74.8667 45.4131 48.3407 46.2117 36.423 36.2754 34.2011 32.1734 27.4448 31.307 25.3334 23.8849 23.5827 21.5491 21.0519 20.5244 19.2898 17.7692 15.0043 12.3927 11.2839 10.5052 1.03319
threshold=675.50000000000011 620.50000000000011 722.50000000000011 0.53394386319484788 42.475000000000001 1.5000000000000002 11.945000000000002 0.11131791527390945 1.9707142857142859 1.0261363636363641 28.745000000000001 764.50000000000011 2.9500000000000006 12.995000000000003 0.44413246663333211 548.50000000000011 32.285000000000004 7.7500000000000009 0.7266817954536714 0.35012875650292347 8.1500000000000004 0.555814153305487 1.1500000000000001 0.11014710798613812 12.075000000000001
decision_type=2 2 2 2 2 2 2 2 2 2 2 2 2 2 2 2 2 2 2 2 2 2 2 2 2
left_child=1 8 3 4 5 -2 7 -3 15 16 11 18 14 -9 -12 -1 -8 -14 -4 -11 22 -17 -5 -13 -10
right_child=2 6 10 20 -6 -7 9 13 24 19 12 23 17 -15 -16 21 -18 -19 -20 -21 -22 -23 -24 -25 -26
leaf_value=0.032467191966667981 0.0024953445988679887 0.03472430964723798 -0.0081712733518412642 0.0092507408086633987 0.036039409555279282 0.028454137574863651 0.011755917079943437 0.0053164625086746719 0.0252952098708637 0.018783965655106698 -0.025730871965383303 0.0017611824194288224 0.026692348300603186 -0.018596999122163619 0.0055480061429704543 0.020434379857640676 0.022125068999446364 0 0.010197588784980944 0.03033836377927009 0 0.031520425389689459 0.032595839534662857 -0.025757724974737922 0.033694852077184118
leaf_weight=212.44865141808987 969.45187863707542 28.770799577236176 235.24480023235083 30.500029571354389 43.173689588904381 64.390226811170578 910.39510828256607 161.84913855791092 82.089096963405609 426.56928247213364 35.576114341616631 11.60807181149721 53.438298925757408 46.765313655138016 47.373404875397682 1141.2264464795589 234.12780049443245 50.878993198275566 62.657537139952183 200.54782396554947 22.359565086662769 118.23430426418781 94.154454253613949 102.92135984450579 437.73328478634357
leaf_count=272 3809 72 1589 88 86 180 2422 543 120 870 257 104 296 192 254 2032 470 279 331 306 74 164 209 1096 536
internal_value=0.0152616 0.0206122 0.00349775 0.00775799 0.00556175 0.0041929 0.0155633 0.00431398 0.0256691 0.0170472 -0.00514475 -0.00947758 0.00423857 -2.74943e-05 -0.00780396 0.0231856 0.0139381 0.0140632 -0.00416549 0.0226114 0.0233556 0.0215472 0.027357 -0.0227288 0.0325279
internal_weight=5824.49 4000.76 1823.73 1224.03 1077.02 1033.84 2009.03 237.385 1991.73 1771.64 599.699 412.432 187.267 208.614 82.9495 1471.91 1144.52 104.317 297.902 627.117 147.014 1259.46 124.654 114.529 519.822
internal_count=16651 7999 8652 4446 4075 3989 4875 807 3124 4068 4206 3120 1086 735 511 2468 2892 575 1920 1176 371 2196 297 1200 656
is_linear=0
shrinkage=0.03


Tree=38
num_leaves=27
num_cat=0
split_feature=15 15 15 18 18 23 22 17 15 3 16 25 7 25 26 18 27 15 12 3 17 12 17 12 23 9
split_gain=383.707 107.431 70.8007 34.3743 33.3973 33.2078 30.1446 29.1628 26.4274 25.7384 23.1707 19.086 18.8162 22.7313 18.2986 17.5204 17.4445 17.0037 16.5643 19.9721 15.6504 9.64929 7.29541 6.55127 3.0085 1.80317
threshold=0.47988384168621873 0.18450709642678567 0.67744913265894857 13.416666666666668 23.516666666666669 0.88333333333333364 0.18221409015879084 3.5000000000000004 0.92853571291203518 0.53394386319484788 0.33445517135274438 0.19758452248163391 34455.890000000007 0.31841609292665107 3.5000000000000004 5.8166666666666673 1.5000000000000002 0.025308665717912231 37.500000000000007 0.35012875650292347 4.5000000000000009 27.500000000000004 8.5000000000000018 34.500000000000007 1.9707142857142859 7.5000000000000009
decision_type=2 2 2 2 2 2 2 2 2 2 2 2 2 2 2 2 2 2 2 2 2 2 2 2 2 2
left_child=1 3 4 16 9 6 20 12 11 10 -2 -9 13 -4 -8 -14 17 -1 21 -20 -3 -7 -10 -11 25 -5
right_child=2 5 7 24 -6 18 14 8 22 23 -12 -13 15 -15 -16 -17 -18 -19 19 -21 -22 -23 -24 -25 -26 -27
leaf_value=0.03145627426193888 -0.0017725066371930207 0.0095979859084622827 0.027786584486459889 0.030957412878791689 0.043894318376481598 0.016725324165398434 0.0079016090818384652 -0.0082285947851933831 -0.022578825139963066 0.0088290827604199772 0.0092550877483172853 0.0054962693725639691 -0.022520920864060854 -0.014389505935036613 0.029271584124740502 -0.0013007556038610324 0.0011877526066250063 0.021189965259490243 0.0098196380417539791 0.0254214533144498 0.02393162849764446 0.027787382412485427 -0.0023940411653891793 0.026701698023435 0.033429724699357399 0.022097911721231663
leaf_weight=195.19385293126106 233.60956440865993 113.51542331278324 19.639040246605873 113.09859664738178 22.517041087150574 136.41200059652328 850.70124380290508 110.96179696917534 49.224139347672462 35.36034007370472 596.73068421334028 450.54952672123909 125.16127928718925 21.872546754777431 37.303918465971947 52.945501960813999 37.835279196500778 1130.7409442216158 246.91864880919456 114.43425585329533 236.82329557836056 276.07062169909477 29.501931585371494 76.079698577523232 387.32276628911495 119.13250759243965
leaf_count=255 851 354 102 147 35 284 2389 684 584 96 2133 2202 1045 133 81 355 87 1981 577 193 507 490 261 171 472 182
internal_value=0.0148221 0.0200266 0.00339669 0.0250125 0.00897712 0.0150773 0.0119341 -0.00283305 0.000367184 0.00801924 0.00611972 0.00271124 -0.0122169 0.00523449 0.0088968 -0.0164639 0.0221948 0.022769 0.0200249 0.0149558 0.0194533 0.0242998 -0.0156331 0.0215508 0.0310752 0.0267681
internal_weight=5819.66 3995.5 1824.15 1983.32 964.297 2012.18 1238.34 859.856 640.237 941.78 830.34 561.511 219.618 41.5116 888.005 178.107 1363.77 1325.93 773.836 361.353 350.339 412.483 78.7261 111.44 619.554 232.231
internal_count=16651 7999 8652 3124 3286 4875 3331 5366 3731 3251 2984 2886 1635 235 2470 1400 2323 2236 1544 770 861 774 845 267 801 329
is_linear=0
shrinkage=0.03


Tree=39
num_leaves=29
num_cat=0
split_feature=6 6 8 6 21 23 23 8 6 13 18 11 10 8 8 3 11 23 21 25 8 6 7 24 24 13 8 7
split_gain=364.27 127.548 74.9535 53.8617 36.5952 36.5082 35.2559 30.9266 31.0826 27.7601 27.5595 26.6869 26.0098 25.9712 23.0833 17.3876 16.2106 16.0349 14.9839 14.5056 11.4436 9.70133 10.5819 9.34856 8.94408 5.99162 4.3856 1.36901
threshold=644.50000000000011 708.50000000000011 22.615000000000006 592.50000000000011 18192.365000000002 0.88333333333333364 -0.51547619047619031 25.045000000000005 764.50000000000011 1.0000000180025095e-35 1.5500000000000003 3.5500000000000003 1.0000000180025095e-35 19.705000000000002 32.145000000000003 0.700079757224226 8.3500000000000032 -0.44999999999999996 12237.830000000002 0.79739605369437294 26.825000000000003 548.50000000000011 59373.220000000008 5.5000000000000009 4.5000000000000009 1.0000000180025095e-35 12.275 64162.270000000011
decision_type=2 2 2 2 2 2 2 2 2 2 2 2 2 2 2 2 2 2 2 2 2 2 2 2 2 2 2 2
left_child=3 2 4 19 9 11 14 8 10 -2 -3 18 -8 -13 -4 17 25 -9 -5 21 -18 -1 -23 -6 -10 -7 -21 -28
right_child=1 7 6 5 23 16 12 15 24 -11 -12 13 -14 -15 -16 -17 20 -19 -20 26 -22 22 -24 -25 -26 -27 27 -29
leaf_value=0.03073665129041421 -0.0026897070726798248 -0.018311277248832251 -0.010005277030854916 0.01570883796081686 0.0058474770337062143 0.021636478653908178 0.014236667146714977 0.015169449333774803 0 0.0083235015406371102 0.00056183764812081768 -0.00091391830458105471 0.024614152649395725 0.014454627768908372 0.017900016708035534 0.026787066577685679 0.00053443210069961222 -0.0012010972704191943 0.027452240795884278 0.019040697653689542 0.02207962085482373 0.024630890569561883 0.013875896601532059 0.030031949943097744 -0.026993745356861984 0.028498526071538216 0.033972045582033254 0.026820146576628803
leaf_weight=148.78880539536476 438.19779666513205 89.063936695456505 72.764367207884789 428.13878236711025 25.028891682624817 344.64820355176926 724.19108793139458 62.86827377229929 13.516507524996994 381.27299071103334 283.71215323358774 154.89265140891075 340.9059239178896 254.87759065628052 39.479953482747078 24.830779425799847 50.843339994549751 303.41648929193616 147.77362710237503 47.818225622177124 42.111060708761215 260.41554357111454 160.51274025440216 56.799527123570442 80.420064236968756 344.75066491961479 352.19687923789024 140.68675531446934
leaf_count=197 1700 632 264 930 79 583 1894 306 129 1329 1650 439 756 536 88 84 118 1667 255 76 68 412 304 131 898 515 418 193
internal_value=0.0143947 0.00693853 0.010955 0.0219806 0.00438402 0.0186282 0.0159439 -0.0027619 -0.00798071 0.00240565 -0.00394095 0.0146487 0.0176262 0.00859626 0 0.00339823 0.0235536 0.00159437 0.0188586 0.0272483 0.0108704 0.0234614 0.0206856 0.0233085 -0.0232829 0.0251839 0.031082 0.0321079
internal_weight=5814.92 2936.47 2078.64 2878.45 901.299 1768.04 1177.34 857.828 466.713 819.471 372.776 985.683 1065.1 409.77 112.244 391.116 782.353 366.285 575.912 1110.42 92.9544 569.717 420.928 81.8284 93.9366 689.399 540.702 492.884
internal_count=16651 11607 6241 5044 3239 3444 3002 5366 3309 3029 2282 2160 2650 975 352 2057 1284 1973 1185 1600 186 913 716 210 1027 1098 687 611
is_linear=0
shrinkage=0.03


Tree=40
num_leaves=26
num_cat=0
split_feature=6 6 8 8 19 18 8 11 8 19 19 0 21 21 8 6 11 9 6 0 10 19 22 6 13
split_gain=384.162 108.714 87.9596 54.6232 50.1518 47.8474 24.319 21.4145 19.663 20.9852 18.9235 17.9531 24.0729 17.6075 27.814 17.113 15.8863 12.7064 11.031 8.48857 7.96662 11.8646 3.80155 1.55828 2.05526
threshold=643.50000000000011 735.50000000000011 34.695000000000007 10.585000000000003 20.550000000000004 4.3500000000000005 45.105000000000011 10.65 32.285000000000004 21.050000000000004 11.050000000000002 7925.5000000000009 3723.0150000000008 11888.150000000001 27.485000000000003 590.50000000000011 1.7500000000000002 8.5000000000000018 716.50000000000011 11925.500000000002 1.0000000180025095e-35 6.5500000000000007 0.29213189734255701 606.50000000000011 1.0000000180025095e-35
decision_type=2 2 2 2 2 2 2 2 2 2 2 2 2 2 2 2 2 2 2 2 2 2 2 2 2
left_child=5 2 3 10 -5 13 11 18 9 15 -2 12 -3 14 16 -7 -1 -13 -4 -16 21 -15 -11 -10 -25
right_child=1 6 7 4 -6 8 -8 -9 23 22 -12 17 -14 20 19 -17 -18 -19 -20 -21 -22 -23 -24 24 -26
leaf_value=0.017001403693953646 -0.013785591005931214 -0.019483185906379184 0.025211785329943059 0.0065038865025248156 0.024332683034593235 0.025777638105164567 0.036445821917649057 -0.0034188391735343626 0.034531247936022406 0.033734730203140807 0.0049763719486315911 -0.018491640983108563 0.010220498976448264 0.01212563488034472 0.026514620900704 0.017572597915238328 0.0059615831081748314 -0.0051878868710275574 0.0063477427923025386 0.0088485654175412577 0.033452435005104836 0.029055679835363304 0.02540593263234547 0.020367208092636636 0.031559589464178965
leaf_weight=194.3880762308836 148.98516426980495 33.283204436302185 339.52239924669266 1802.8534884229302 154.35916730761528 423.61120256781578 8.6705411672592145 26.063693419098854 208.37785562872887 178.40942291915417 67.075837068259716 165.030676279217 78.0485914722085 104.76218341290951 164.79810255765915 667.20449823141098 333.98655237257481 121.16833636164665 36.891190066933632 38.243408709764481 66.345269605517387 72.503709733486176 218.94108135998249 71.168125778436661 80.398473039269447
leaf_count=412 826 290 680 6170 330 611 33 82 247 218 274 1357 562 218 277 1258 831 942 139 82 98 118 318 119 109
internal_value=0.0140278 0.00649769 0.00877775 0.00636036 0.0079487 0.0219606 -0.00785899 0.0216608 0.0248447 0.0231653 -0.00783117 -0.00907802 0.000888606 0.0164235 0.0139219 0.0208278 0.0101285 -0.0130384 0.0234856 0.0234523 0.0236375 0.0194645 0.0293709 0.0315388 0.0268333
internal_weight=5805.09 2981.95 2575.75 2173.27 1957.21 2823.14 406.201 402.477 1848.11 1488.17 216.061 397.531 111.332 975.027 731.416 1090.82 528.375 286.199 376.414 203.042 243.611 177.266 397.351 359.944 151.567
internal_count=16601 11685 8501 7600 6500 4916 3184 901 2880 2405 1100 3151 852 2036 1602 1869 1243 2299 819 359 434 336 536 475 228
is_linear=0
shrinkage=0.03


Tree=41
num_leaves=26
num_cat=0
split_feature=6 6 17 3 18 19 6 21 21 21 11 6 19 6 11 25 17 6 22 16 16 17 22 22 18
split_gain=365.242 103.436 74.6101 49.5869 48.4641 39.8238 20.7267 19.1523 34.5345 18.8482 24.7547 26.6241 18.2112 22.518 17.7154 16.502 15.6068 14.1549 13.2763 12.5819 11.167 8.57868 6.78016 2.10715 3.75303
threshold=642.50000000000011 735.50000000000011 9.5000000000000018 0.46850819014078926 3.3166666666666673 20.550000000000004 775.50000000000011 4878.6150000000007 3723.0150000000008 17311.460000000003 1.9500000000000002 621.50000000000011 21.050000000000004 597.50000000000011 10.65 0.18398784568637258 7.5000000000000009 849.50000000000011 0.31370337048573183 0.054752105850225018 0.72262394707488753 3.5000000000000004 0.14164702865261486 0.33399718975623544 22.383333333333336
decision_type=2 2 2 2 2 2 2 2 2 2 2 2 2 2 2 2 2 2 2 2 2 2 2 2 2
left_child=4 2 3 5 9 -2 7 8 -3 10 19 -12 13 21 18 -5 -9 22 -4 -1 -15 -6 -8 -14 -25
right_child=1 6 14 15 12 -7 17 16 -10 -11 11 -13 23 20 -16 -17 -18 -19 -20 -21 -22 -23 -24 24 -26
leaf_value=-0.0084664612878756536 0.003238472655138176 -0.015420301226136933 0.025671488657137243 -2.3666948731803859e-05 0.019629278817422911 0.019744385983705592 -0.0020227134826411477 -0.013249089039663244 0.02822762053981127 0.030037824949684384 0.013432962402970101 -0.0027631951414882777 0.031570736387608295 0.020812939258400224 -0.0024681466990239503 0.019697846765540802 0.0023590741592023146 0.013394318234752962 0.011703964712416783 0.021729185957240067 0.012263177537245679 0.028606956304737845 -0.026372543702169668 0.016427179116974038 0.02882791556972715
leaf_weight=10.568509593605993 1751.8308341279626 24.741997100412846 275.82485337555408 40.502041943371296 176.90852251648903 141.55502355843782 15.349499825388191 152.51223449409008 38.436528488993645 69.099044024944305 292.71137419342995 127.4765909165144 319.82877792418003 632.40062439441681 25.441014036536217 286.99746305495501 86.493239089846611 8.4353471696376783 97.106570795178413 257.91814410686493 216.17051763832569 510.6827727407217 77.927649632096291 61.63867811858654 99.489748120307922
leaf_count=31 6508 174 562 143 290 335 159 1135 213 106 605 380 408 1134 79 714 483 80 248 499 444 695 940 104 132
internal_value=0.01363 0.00639558 0.00857991 0.00640418 0.0214906 0.00450786 -0.00766831 -0.00354827 0.0107253 0.0148441 0.0131936 0.0084585 0.0239554 0.0222001 0.0205418 0.0171825 -0.0075035 -0.0193151 0.0221964 0.0203759 0.0187041 0.0264042 -0.022807 0.0293846 0.0245276
internal_weight=5798.05 3023.15 2619.26 2220.89 2774.89 1893.39 403.896 302.184 63.1785 757.774 688.675 420.188 2017.12 1536.16 398.372 327.5 239.005 101.712 372.931 268.487 848.571 687.591 93.2771 480.957 161.128
internal_count=16601 11773 8589 7700 4828 6843 3184 2005 387 1621 1515 985 3207 2563 889 857 1618 1179 810 530 1578 985 1099 644 236
is_linear=0
shrinkage=0.03


Tree=42
num_leaves=26
num_cat=0
split_feature=6 6 17 18 18 21 6 17 22 2 6 6 18 11 3 22 18 6 12 2 14 22 17 22 3
split_gain=347.157 97.8495 64.0908 46.7512 45.7044 38.9648 36.9996 29.6686 38.4268 26.7564 19.3062 17.9066 22.0997 17.8822 27.5315 17.8441 17.5308 13.7189 12.0567 10.647 7.33384 6.64398 6.60601 5.88798 0.695579
threshold=642.50000000000011 706.50000000000011 9.5000000000000018 3.3166666666666673 18.383333333333336 8337.6400000000012 775.50000000000011 5.5000000000000009 0.39607502926184496 9.8750000000000018 720.50000000000011 597.50000000000011 17.350000000000005 1.9500000000000002 0.28431374457353309 0.1370275648355864 12.616666666666669 849.50000000000011 41.500000000000007 10.415000000000001 1.0000000180025095e-35 0.14164702865261486 1.5000000000000002 0.33774533574116022 0.35973008112995364
decision_type=2 2 2 2 2 2 2 2 2 2 2 2 2 2 2 2 2 2 2 2 2 2 2 2 2
left_child=3 2 4 9 5 -2 7 10 -9 -1 -3 22 18 20 -15 -4 -17 21 -13 -6 -11 -8 -5 -24 -14
right_child=1 6 15 11 19 -7 17 8 -10 13 -12 12 24 14 -16 16 -18 -19 -20 -21 -22 -23 23 -25 -26
leaf_value=-0.013109563696465982 0.0013728521132374916 -0.017306205370201975 0.037548904637945413 0.015289293288088883 0.0070691304869471491 0.010584360015388077 -0.0019718214318667302 0.0068833528018732307 -0.033774087087477582 0.023728874781353711 -0.0016421987311381954 0.020740631830076055 0.025995844469842839 0.0060190234270834199 0.022022407597548175 0.013623049084420708 0.032713311366162921 0.012957022608063124 0.012591977833619665 0.029975016532341643 0.0087409734146972739 -0.026147229365039586 0.028848448184253868 0.021395239908993453 0.035249192417493268
leaf_weight=27.985285237431526 815.25183737277985 104.04763773083687 58.020273312926292 64.609124764800072 28.94595767557621 855.64948219060898 15.325295265763996 450.68415656685829 19.769392989575863 239.72204093635082 230.12104454636574 567.1612199395895 145.58830562233925 295.55786214768887 149.68390370905399 208.1717750877142 60.333483412861824 8.5245533958077413 282.24722668528557 94.27172963321209 44.776567041873932 76.283364675939083 687.06398905813694 192.33204600214958 68.396032899618149
leaf_count=88 2929 594 84 114 73 2449 159 2067 124 444 1546 1016 213 717 273 474 85 80 566 169 99 940 923 296 79
internal_value=0.0132428 0.00619995 0.00972379 0.0209278 0.00745727 0.00611491 -0.00202967 9.20782e-05 0.00497561 0.0144039 -0.00668257 0.0233586 0.0204545 0.015533 0.0115406 0.0219648 0.0182337 -0.0190407 0.0181041 0.0250325 0.0215522 -0.0225519 0.0265481 0.0273046 0.0293914
internal_weight=5790.52 3025.4 2120.64 2765.12 1794.12 1670.9 904.755 804.622 470.454 757.726 334.169 2007.4 1063.39 729.74 445.242 326.526 268.505 100.133 849.408 123.218 284.499 91.6087 944.005 879.396 213.984
internal_count=16601 11773 6263 4828 5620 5378 5510 4331 2191 1621 2140 3207 1874 1533 990 643 559 1179 1582 242 543 1099 1333 1219 292
is_linear=0
shrinkage=0.03


Tree=43
num_leaves=27
num_cat=0
split_feature=6 6 17 23 18 17 6 17 0 0 25 0 11 17 18 9 17 9 10 22 22 22 6 10 6 7
split_gain=329.868 92.2454 66.6687 44.6611 44.0044 36.8989 35.4748 23.3905 23.1674 22.222 20.0796 19.4762 16.6702 16.0077 15.3393 14.0164 22.3807 19.3622 11.2139 5.96805 13.9642 7.49058 5.01602 2.32275 2.99008 2.51736
threshold=643.50000000000011 735.50000000000011 9.5000000000000018 2.3527777777777787 8.6833333333333353 5.5000000000000009 590.50000000000011 9.5000000000000018 32560.500000000004 7568.0000000000009 0.71558521481595461 21748.000000000004 10.65 7.5000000000000009 11.016666666666667 8.5000000000000018 7.5000000000000009 9.5000000000000018 1.0000000180025095e-35 0.32548532666610247 0.35072557862177461 0.10917124591053802 621.50000000000011 1.0000000180025095e-35 621.50000000000011 56804.375000000007
decision_type=2 2 2 2 2 2 2 2 2 2 2 2 2 2 2 2 2 2 2 2 2 2 2 2 2 2
left_child=3 2 4 6 5 -2 19 11 -6 10 13 -8 18 -3 -12 16 -11 -17 -4 21 -21 -1 -9 24 25 -5
right_child=1 9 12 23 8 -7 7 22 -10 15 14 -13 -14 -15 -16 17 -18 -19 -20 20 -22 -23 -24 -25 -26 -27
leaf_value=0.012437763072724725 -0.0010906028679090868 -0.014241328216679318 0.016658415970346376 0.031846955846392223 0.011523940197126364 0.0078694747910978604 0.01290030533288164 0.03080104329626657 0.037359613731720864 -0.025481980052790093 0.043186439735656203 0.024079700594368598 -0.0028844156166731904 0.01294327837001877 0 0.011930064474918791 -0.0024089085746020673 -0.012305097084212277 0.028719535507865102 0.0010693366816524818 0.022180912134382974 0.026624413810242921 0.018405556056607746 0.032958874601782068 0.016842083511998531 0.021311836213454446
leaf_weight=50.027051374316216 810.74662973731756 47.967601042240858 242.45725816488266 120.9000102430582 518.64394663274288 831.00285676121712 1193.094634860754 109.1807252317667 33.174053937196732 107.35460084676743 15.568464145064356 170.07459650933743 25.483782589435577 29.275841157883406 12.31279109790921 43.268770128488541 63.206865072250366 81.37219350412488 125.9825784265995 38.347477674484253 154.60814814269543 548.28938481211662 82.384855926036835 192.06173472106457 54.827998384833336 80.604325488209724
leaf_count=90 3432 450 564 149 1449 2687 2523 148 55 992 78 287 79 176 77 305 436 670 235 80 242 792 150 236 97 122
internal_value=0.0128693 0.00591939 0.00799828 0.02028 0.00592688 0.00343052 0.0185533 0.0158204 0.0132606 -0.00741578 0.00416264 0.0143503 0.0193689 -0.00349295 0.0251902 -0.0116402 -0.0172324 -0.0035995 0.0209963 0.0238318 0.0181931 0.0255336 0.0258705 0.0291247 0.0259028 0.0280311
internal_weight=5782.22 2987.82 2587.49 2794.4 2193.57 1641.75 2346.01 1554.73 551.818 400.327 105.125 1363.17 393.924 77.2434 27.8813 295.202 170.561 124.641 368.44 791.272 192.956 598.316 191.566 448.394 256.332 201.504
internal_count=16601 11685 8501 4916 7623 6119 4312 3108 1504 3184 781 2810 878 626 155 2403 1428 975 799 1204 322 882 298 604 368 271
is_linear=0
shrinkage=0.03


Tree=44
num_leaves=27
num_cat=0
split_feature=6 6 8 19 6 8 3 11 8 8 21 11 22 0 21 8 22 8 12 6 19 6 8 22 22 8
split_gain=313.62 81.5752 72.8562 51.8076 37.6409 37.4332 40.8307 29.8072 22.1182 21.7952 20.8833 18.0806 16.1786 15.8671 21.794 14.8003 12.2558 11.3808 9.93392 8.73729 6.26047 16.3301 11.7349 3.37848 1.22348 0.960803
threshold=648.50000000000011 735.50000000000011 16.605000000000004 15.850000000000003 597.50000000000011 37.725000000000001 0.46850819014078926 8.1500000000000004 45.105000000000011 32.285000000000004 12237.830000000002 7.5500000000000007 0.35072557862177461 7925.5000000000009 3723.0150000000008 25.265000000000004 0.31676120335103319 18.385000000000002 44.500000000000007 564.50000000000011 21.050000000000004 637.50000000000011 25.165000000000003 0.35361675745440907 0.34378237523392696 21.645000000000003
decision_type=2 2 2 2 2 2 2 2 2 2 2 2 2 2 2 2 2 2 2 2 2 2 2 2 2 2
left_child=3 2 7 4 15 6 -4 11 13 10 -6 -2 -7 14 -3 19 -11 -15 -9 -1 21 22 -5 -17 -22 -26
right_child=1 8 5 20 9 12 -8 18 -10 16 -12 -13 -14 17 -16 23 -18 -19 -20 -21 24 -23 -24 -25 25 -27
leaf_value=0.023937275750396021 -0.00050904116767940346 -0.018883466318941351 0.0064678275490218946 0.018059688015915652 0.0091661758533889692 0.025219079062711227 0.019642440905776919 -0.024666470814720044 0.034538557359817153 0.025436305836238616 0.01899988159443949 0.028752753101137417 0.0025364634860327163 -0.020882442022826277 0.0096304173534412629 0.029327005278870489 0.0067228010291591278 -0.0075325212898293458 -3.9109803343679164e-05 0.014621020717895299 0.029691603797356129 0.0030183705800791 0.030231723195109358 0.016647232474739749 0.015917125144585844 0.026185020905402014
leaf_weight=178.73354631662369 437.13734108954668 32.252782814204693 1382.4390152618289 186.47508817911148 829.26559250056744 189.11158290505409 253.2350110411644 61.114178664982319 8.8935521915554983 187.32691043615341 268.95897589623928 17.810056164860725 37.315007492899895 93.65083047747612 78.767903547734022 248.68885900080204 45.484797820448875 184.48032674193382 22.457837767899036 285.37164123356342 366.09054179489613 41.200646936893463 165.44458411633968 43.62745600938797 46.89126068353653 81.798021286725998
leaf_count=267 1905 290 4595 313 1939 383 599 319 33 300 510 56 104 875 562 336 99 1424 98 530 483 95 219 73 80 114
internal_value=0.012507 0.00527753 0.00736922 0.019289 0.0166322 0.0101803 0.00854734 -0.00229725 -0.00723624 0.0134975 0.0116319 0.000691665 0.0216673 -0.00843936 0.000893795 0.0220583 0.0219964 -0.0122517 -0.0185547 0.0183605 0.02545 0.0219081 0.0240053 0.0276625 0.0281043 0.022974
internal_weight=5774.02 2798.67 2400.62 2975.36 2087.46 1862.1 1635.67 538.519 398.045 1331.04 1098.22 454.947 226.427 389.152 111.021 756.422 232.812 278.131 83.572 464.105 887.9 393.12 351.92 292.316 494.78 128.689
internal_count=16601 11243 8059 5358 4054 5681 5194 2378 3184 2848 2449 1961 487 3151 852 1206 399 2299 417 797 1304 627 532 409 677 194
is_linear=0
shrinkage=0.03


Tree=45
num_leaves=26
num_cat=0
split_feature=6 6 8 8 23 8 3 3 12 2 18 9 0 18 9 3 7 8 6 18 7 8 18 19 12
split_gain=257.739 87.578 55.3507 49.536 44.8389 42.5389 38.6862 36.6152 35.5801 31.1989 28.9403 24.1157 22.7397 18.4938 16.557 16.4254 13.2221 11.0235 8.40909 6.69377 5.70515 12.4467 6.95497 5.19824 6.96371
threshold=684.50000000000011 603.50000000000011 15.185 39.365000000000002 1.3825757575757576 6.0850000000000009 0.12815868571877204 0.32029880589340359 44.500000000000007 8.5850000000000026 5.8833333333333337 9.5000000000000018 7770.5000000000009 3.3166666666666673 7.5000000000000009 0.11901944774186991 88076.22500000002 8.9050000000000029 531.50000000000011 5.616666666666668 48337.375000000007 4.0050000000000008 0.58333333333333348 9.9500000000000011 37.500000000000007
decision_type=2 2 2 2 2 2 2 2 2 2 2 2 2 2 2 2 2 2 2 2 2 2 2 2 2
left_child=1 13 10 5 6 23 -4 9 14 -7 12 -9 -3 20 -5 -12 -6 -15 -19 -16 22 -22 -1 -2 -25
right_child=3 2 4 8 16 7 -8 11 -10 -11 15 -13 -14 17 19 -17 -18 18 -20 -21 21 -23 -24 24 -26
leaf_value=0.033587644663758291 -0.032413561315538922 -0.015277626828282851 0.0041432508467357191 0.043603857911981771 0.023650812138578677 -0.010646108296987788 0.015341237072798095 0.012994847879545661 -0.010144822418631792 0.0016817752676015207 -0.0049132699071592874 -0.003517755919155232 0.0034461233612934645 0.010904393932157575 0.0016409780636344933 0.016112044900438997 0.0074652208696664082 0.033968060918605422 0.02430395931571392 0.02745893039306526 -0.031055871294907219 0.013102279622895887 0.015762689063478694 -0.026290720652464166 0.0065590666574245199
leaf_weight=33.600131422281265 34.21827008202672 74.827531337738037 365.82044798135757 43.729917578399181 600.10068401694298 247.36208655312657 1293.3221106082201 326.03969050943851 22.34683546423912 702.69838062301278 36.582071721553802 100.69326035305858 238.10600419342518 60.007991179823875 22.34724597632885 201.98347790539265 57.680003419518471 125.75791956484318 872.55609557032585 17.584885731339455 3.7101046442985526 168.88959684967995 98.660158678889275 8.4135817550122756 9.4909530691802484
leaf_count=45 297 312 1034 106 1018 1788 2910 1272 93 3389 118 472 801 113 88 453 130 147 1280 38 15 330 182 67 58
internal_value=0.0127592 0.0165786 0.0135598 0.00220203 0.0155984 0.000698581 0.0128982 0.00174209 0.0218014 -0.00151208 0.00491549 0.00903027 -0.00100436 0.0228798 0.0307223 0.0127492 0.0223039 0.024833 0.0256168 0.0144933 0.0158838 0.0116364 0.0209474 -0.0253567 -0.00846092
internal_weight=5766.53 4231.6 2868.42 1534.93 2316.92 1428.92 1659.14 1376.79 106.009 950.06 551.499 426.733 312.934 1363.18 83.662 238.566 657.781 1058.32 998.314 39.9321 304.86 172.6 132.26 52.1228 17.9045
internal_count=16556 8888 6776 7668 5092 7343 3944 6921 325 5177 1684 1744 1113 2112 232 571 1148 1540 1427 126 572 345 227 422 125
is_linear=0
shrinkage=0.03


Tree=46
num_leaves=27
num_cat=0
split_feature=25 17 21 19 18 18 10 18 5 0 9 19 12 21 22 16 17 21 19 22 16 12 12 12 21 16
split_gain=149.256 69.9532 42.1414 32.8644 26.4497 23.5131 23.3079 23.0253 25.1447 24.4414 19.644 18.7997 25.8192 21.4231 23.1499 16.3773 14.7108 12.3707 12.0502 7.55307 6.24182 12.368 4.79142 10.1476 3.4538 2.49143
threshold=0.79739605369437294 1.5000000000000002 5122.6400000000012 20.750000000000004 4.5500000000000016 7.2833333333333341 1.0000000180025095e-35 0.91666666666666674 1.0000000180025095e-35 19609.500000000004 11.500000000000002 7.4500000000000011 26.500000000000004 3771.6750000000006 0.14107004208056254 0.87478364552482801 6.5000000000000009 5085.9650000000011 17.650000000000002 0.34378237523392696 0.52527020270010405 33.500000000000007 45.500000000000007 50.500000000000007 6071.4450000000006 0.82424324012462036
decision_type=2 2 2 2 2 2 2 2 2 2 2 2 2 2 2 2 2 2 2 2 2 2 2 2 2 2
left_child=1 11 4 5 10 -2 -6 9 -9 -4 -3 13 -13 -1 -15 16 -7 -14 -17 22 24 -22 25 -24 -21 -5
right_child=3 2 7 19 6 15 -8 8 -10 -11 -12 12 17 14 -16 18 -18 -19 -20 20 21 -23 23 -25 -26 -27
leaf_value=0.015697885844087208 -0.0084939182521472159 0.0018495504043018151 0.0016427443045484548 0.030106733125383596 0.0046970288852989242 0.014236224897650761 0.023388788275565071 0.012122506180533021 0.022741362487777653 0.019364418643590047 -0.018593452492223859 -0.031083473996012585 0.022617981779621828 0.005892376835835782 -0.022968549035450776 0.011580531115350928 0.022637415128362141 0.0017618661731051103 -0.011134079003939656 0.013333212033906873 0.023326795433842317 0 0.0071694609505384465 0.027375005645168839 0.028711089431434255 0.019122682491121881
leaf_weight=19.413868900388479 30.694280449301004 452.25733524933457 340.73398810252547 358.97103548794985 172.94213085621595 430.28297070413828 95.902548834681511 2354.9704764075577 229.37350983545184 87.953803222626448 44.644046518951654 15.756832513958214 33.383924845606089 29.93915643915534 102.76033909991384 69.020685035735369 417.28865930438042 108.18740949779749 26.901934385299683 35.113034576177597 36.56290477514267 41.456576127558947 44.056191235780716 63.524131219834089 64.586974862962961 51.569891229271889
leaf_count=82 118 1710 1306 539 536 1031 241 6935 601 267 206 85 113 117 581 177 777 418 80 76 68 105 91 104 98 94
internal_value=0.0123976 0.00928903 0.0104141 0.0199692 0.00405659 0.0162557 0.011599 0.0120161 0.0130934 0.00542139 0 -0.00433256 0.00277731 -0.0118214 -0.0162435 0.0171089 0.0184513 0.00713547 0.00480646 0.0250638 0.0186654 0.0110961 0.0271206 0.0196561 0.0239589 0.0288991
internal_weight=5758.25 4088.22 3778.78 1670.03 765.746 974.189 268.845 3013.03 2584.34 428.688 496.901 309.442 157.328 152.113 132.699 943.494 847.572 141.571 95.9226 695.841 177.719 78.0195 518.121 107.58 99.7 410.541
internal_count=16556 13198 11802 3358 2693 2183 777 9109 7536 1573 1916 1396 616 780 698 2065 1808 531 257 1175 347 173 828 195 174 633
is_linear=0
shrinkage=0.03


Tree=47
num_leaves=27
num_cat=0
split_feature=6 6 8 8 8 3 3 12 26 26 18 9 3 18 8 9 6 6 22 7 18 7 22 25 11 8
split_gain=243.024 85.4677 53.1671 46.0262 39.528 38.8833 33.4488 33.1961 30.7436 26.6023 26.1796 22.3461 21.6399 17.4926 17.3346 14.9505 13.784 11.2183 10.6154 8.40624 6.15774 4.78858 6.51675 4.61605 8.37505 0.800105
threshold=684.50000000000011 603.50000000000011 29.585000000000004 39.365000000000002 6.0850000000000009 0.27755108625214614 0.32029880589340359 44.500000000000007 3.5000000000000004 1.0000000180025095e-35 7.7833333333333341 9.5000000000000018 0.086068231381954366 11.383333333333335 8.3850000000000033 7.5000000000000009 653.50000000000011 531.50000000000011 0.38318353442009762 51283.94000000001 5.616666666666668 59685.62000000001 0.33774533574116022 0.62042770875802933 2.2500000000000004 19.815000000000001
decision_type=2 2 2 2 2 2 2 2 2 2 2 2 2 2 2 2 2 2 2 2 2 2 2 2 2 2
left_child=1 13 5 4 23 8 9 15 -3 -6 -7 -8 16 14 19 -5 -4 -16 -14 -1 -17 25 -23 -2 -25 -15
right_child=3 2 12 7 6 10 11 -9 -10 -11 -12 -13 18 21 17 20 -18 -19 -20 -21 -22 22 -24 24 -26 -27
leaf_value=0.01322242492413781 -0.032068877337154932 0.0059170796679545758 0.012807780859316331 0.041279119292113572 -0.0095120808237900353 0.011011852918772779 0.012083028039178784 -0.010227512882017948 0.027148112370726438 0.0014405904406381194 0.022660224847616005 -0.0037689698604829007 0.021928565640508213 0.023622351090151244 0.032443867962759214 0.0013576558733386485 -0.014274510763128585 0.018925503270873806 0.0050243568155583871 -0.0081662130786201489 0.026083116864840002 0.024852179029149397 0.0099612856121241364 0.0086537852584229521 -0.027136350221556485 0.031287085960978081
leaf_weight=33.058605819940567 32.711454767733812 1244.6363772302866 44.634277805685997 44.48238679766655 279.50037491321564 474.196249589324 329.33391828462481 22.350682385265827 63.835389092564583 674.12275180593133 298.11884042620659 101.04448571428657 677.64106373488903 99.476931244134903 71.378113001585007 22.431070506572723 24.0090361982584 695.28570765256882 41.530706956982613 27.996314391493797 17.679462969303131 141.76341867446899 46.551464319229126 8.9533742815256137 9.3883204907178861 232.34883151948452
leaf_count=66 294 3469 91 106 1600 1169 1272 93 135 3577 514 472 1214 144 86 88 86 1166 98 74 38 201 84 54 74 291
internal_value=0.01203 0.0157565 0.0127871 0.00181365 0.000364705 0.0102259 0.00135751 0.0206178 0.00701561 -0.00175136 0.0155939 0.00829168 0.0194707 0.0220256 0.0190736 0.029162 0.00277472 0.0203043 0.0210106 0.0029911 0.0136895 0.0265746 0.0214721 -0.0250203 -0.00905772 0.0292345
internal_weight=5758.46 4216.46 2868.6 1542 1435.05 2080.79 1384 106.944 1308.47 953.623 772.315 430.378 787.815 1347.86 827.719 84.5929 68.6433 766.664 719.172 61.0549 40.1105 520.141 188.315 51.0531 18.3417 331.826
internal_count=16556 8888 6776 7668 7343 5287 6921 325 3604 5177 1683 1744 1489 2112 1392 232 177 1252 1312 140 126 720 285 422 128 435
is_linear=0
shrinkage=0.03


Tree=48
num_leaves=25
num_cat=0
split_feature=6 6 8 8 8 3 6 3 8 25 23 21 25 25 0 0 8 6 6 11 2 25 11 2
split_gain=229.836 82.8418 50.3253 43.2511 37.961 36.6704 33.0931 30.3087 25.1965 23.2723 21.7937 37.5666 15.3446 17.8514 15.0853 23.1311 10.2182 10.1043 8.94747 6.7188 5.84341 4.57624 8.1032 3.96605
threshold=684.50000000000011 603.50000000000011 29.585000000000004 39.365000000000002 6.0850000000000009 0.27755108625214614 794.50000000000011 0.32029880589340359 15.565000000000003 0.95207507981076211 1.1449494949494954 4993.1200000000008 0.34324397092195863 0.28485710988884194 16878.500000000004 11482.500000000002 7.8450000000000006 849.50000000000011 531.50000000000011 2.9500000000000006 15.515000000000002 0.62042770875802933 2.2500000000000004 11.665000000000001
decision_type=2 2 2 2 2 2 2 2 2 2 2 2 2 2 2 2 2 2 2 2 2 2 2 2
left_child=1 12 5 4 21 9 7 -6 -7 -3 11 -4 13 20 15 19 -14 -8 -18 -5 -1 -2 -23 -12
right_child=3 2 10 14 6 8 17 -9 -10 -11 23 -13 16 -15 -16 -17 18 -19 -20 -21 -22 22 -24 -25
leaf_value=0.013949993694987022 -0.031861856661890453 0.0056708443714198632 -0.0033365723130950177 0.0060440208021817089 -0.00083210817843618068 0.0057007434726771503 -0.030032652777355912 0.0088541901159296891 0.018363949631142816 0.021662630237918045 0.030053101830465428 0.01849949930893344 0.0089156819136059703 -0.0047782387060760411 0.038052445330657526 -0.014544912047116033 0.031985077968295257 0.0049965074716751458 0.022425731300156074 0.029432689222142521 0.028504215093416128 0.0084028457336586364 -0.026870719883238362 0.020841905915840366
leaf_weight=146.3674014955759 31.960630975663662 1221.9017958343029 82.40228696167469 22.644789576530457 921.73677701503038 200.97314934432507 36.416750848293304 419.50095117837191 571.31181418895721 88.019473627209663 141.71650137007236 407.00938206911087 54.141715064644814 35.851155325770378 29.654487878084183 19.425063803792 130.29449282586575 6.8112934157252303 932.47042122483253 35.746287405490875 39.718450322747231 9.0030910819768923 9.219033442437647 155.64707101881504
leaf_count=283 294 3452 232 79 4722 545 532 1599 1138 152 206 797 107 87 70 82 160 68 1419 94 56 54 74 254
internal_value=0.0116912 0.0153217 0.0124054 0.00175857 0.000349852 0.00991552 0.00131534 0.00218383 0.0151306 0.00679966 0.018915 0.0147633 0.0215209 0.013745 0.0199399 0.0118811 0.0230119 -0.023873 0.0236838 0.0213596 0.017486 -0.024741 -0.008852 0.0255034
internal_weight=5749.94 4207.83 2868.98 1542.12 1434.65 2082.21 1384.47 1341.24 772.285 1309.92 786.775 489.412 1338.84 221.937 107.471 77.8161 1116.91 43.228 1062.76 58.3911 186.086 50.1828 18.2221 297.364
internal_count=16556 8888 6776 7668 7343 5287 6921 6321 1683 3604 1489 1029 2112 426 325 255 1686 600 1579 173 339 422 128 460
is_linear=0
shrinkage=0.03


Tree=49
num_leaves=25
num_cat=0
split_feature=15 15 19 8 8 8 15 3 25 12 11 19 8 13 15 8 0 3 4 19 11 25 20 8
split_gain=217.592 77.1859 49.1073 47.4648 47.0489 40.2493 32.4711 31.6262 29.9242 24.2005 21.6352 15.0431 14.332 12.4985 9.94791 8.99242 8.5306 23.4803 5.09335 4.55869 7.52482 2.92896 1.86939 6.66883
threshold=0.51832762798569176 0.12394707488749569 20.750000000000004 39.365000000000002 15.185 6.0850000000000009 0.96005615600600025 0.27755108625214614 0.70831570445017122 44.500000000000007 4.0500000000000007 18.750000000000004 8.3850000000000033 1.0000000180025095e-35 0.99569214200546186 4.8750000000000009 17241.500000000004 0.16378784494612184 1.0000000180025095e-35 9.9500000000000011 1.9500000000000002 0.91601600061540844 4.5000000000000009 24.225000000000005
decision_type=2 2 2 2 2 2 2 2 2 2 2 2 2 2 2 2 2 2 2 2 2 2 2 2
left_child=1 11 4 5 10 19 8 -6 -7 16 -3 12 15 -14 -8 -1 17 -5 21 -2 -21 -4 -13 -24
right_child=3 2 18 9 7 6 14 -9 -10 -11 -12 22 13 -15 -16 -17 -18 -19 -20 20 -22 -23 23 -25
leaf_value=-0.0075254208644592886 -0.031918062211715219 0.0071780500897218307 0.035215226766375438 0.034132463039440716 0.0097287540508298534 -0.00018639176731457464 -0.02990253175141281 0.017719436968649568 0.0096531792664718979 -0.00415693324173649 -0.0057606789468145113 0.029073720422531618 0.016171105628718294 0.023855393521181774 0.0048654936177720629 0.01373257389509297 0.04417659106930448 -0.0013560072675348151 0.013965264934487026 0.0072317358338511353 -0.026602496904128418 0.023053387915369056 0.011905179684444926 0.027380413149356912
leaf_weight=27.271002143621445 32.951916694641113 305.30110467970371 42.403271585702896 39.385062992572784 1234.1483328193426 1050.1411252953112 35.500515755265951 737.82707464694977 373.63053699210286 25.13311917334795 183.18989196419716 227.49435199797153 473.25868971645832 421.59448474645615 6.838302142918109 40.668095022439957 24.109055824577808 25.33829902857542 65.372254729270935 9.2370967008173483 9.0819980539381486 211.14372383058071 54.739196181297302 84.872579872608185
leaf_count=72 305 897 54 95 3008 5172 532 1450 1409 96 631 299 817 636 68 78 50 92 117 53 76 339 96 114
internal_value=0.011363 0.0150428 0.0121568 0.00206848 0.0106822 0.000633428 0.00158133 0.0127486 0.00238462 0.0205761 0.00226101 0.0210245 0.0188498 0.01987 -0.0236442 0.00479941 0.0278415 0.0201654 0.0233025 -0.0249506 -0.00903313 0.0254644 0.0265137 0.0217785
internal_weight=5740.63 4109.28 2779.39 1631.35 2460.47 1517.38 1466.11 1971.98 1423.77 113.966 488.491 1329.9 962.792 894.853 42.3388 67.9391 88.8324 64.7234 318.919 51.271 18.3191 253.547 367.106 139.612
internal_count=16556 8608 6496 7948 5986 7615 7181 4458 6581 333 1528 2112 1603 1453 600 150 237 187 510 434 129 393 509 210
is_linear=0
shrinkage=0.03


Tree=50
num_leaves=25
num_cat=0
split_feature=2 10 8 8 3 20 22 2 11 3 26 11 11 22 11 12 2 8 7 8 3 11 9 2
split_gain=127.055 54.6559 51.1725 44.1974 39.2025 31.1647 31.8957 30.1409 25.2709 23.8269 21.313 20.9229 20.0113 18.998 17.3029 15.471 14.821 13.8368 24.7235 11.0582 9.83378 5.83951 5.68605 3.35273
threshold=12.165000000000001 1.5000000000000002 15.185 28.175000000000004 0.33108423235751455 1.5000000000000002 0.17811099866165545 7.785000000000001 14.350000000000003 0.13138875389239432 1.5000000000000002 1.6500000000000001 0.15000000000000005 0.39434889833813996 3.7500000000000004 38.500000000000007 12.365 4.0050000000000008 53973.365000000005 14.405000000000003 0.34378776673854505 9.8500000000000032 6.5000000000000009 14.215000000000002
decision_type=2 2 2 2 2 2 2 2 2 2 2 2 2 2 2 2 2 2 2 2 2 2 2 2
left_child=1 3 16 4 7 6 20 -1 13 10 -3 -8 -6 -5 22 -16 -2 18 -18 -19 -4 23 -11 -7
right_child=2 9 5 8 12 21 11 -9 -10 14 -12 -13 -14 -15 15 -17 17 19 -20 -21 -22 -23 -24 -25
leaf_value=-0.01395113357517975 -0.012893315090372027 -0.025155697968042817 0.01871054121090043 0.01253265350207409 0.034341745627882621 0.021912204606536562 0.018417386233641708 0.0016294781217476414 -0.01665820790895944 0.047650253550860736 0.021618546893893264 0.0092509425249230632 0.0082006267853792451 -0.0081356475370338854 -0.0015121859990708561 0.02692641612968304 0.011670646740178999 0.011904031239615831 -0.026590425217490284 -0.0025962825985038586 0.028734287025270578 0.011745804237858534 0.026967504948341756 0.029098353445835334
leaf_weight=120.52032782509923 28.445389397442341 15.370598345994951 410.37994953244925 917.65668837353587 26.929400466382504 229.6862106025219 357.45710790902376 1261.027729857713 26.700921252369881 32.631396122276783 15.570494659245012 690.5612079501152 539.98520340770483 38.754194736480713 29.785461366176605 33.039555743336678 31.725150875747204 392.21544875949621 25.091621600091457 49.32248505204916 148.11541697382927 43.335059344768524 62.029897700995207 219.7016929090023
leaf_count=952 108 79 804 2654 58 369 725 4910 112 61 47 1577 1799 156 101 91 78 941 106 129 222 80 146 294
internal_value=0.0107715 0.0066554 0.0156417 0.00562554 0.00298231 0.0177499 0.0156333 0.000230407 0.0108171 0.0222931 -0.000823317 0.0124351 0.00961147 0.0116486 0.0269763 0.0133502 0.0071486 0.00839949 -0.0050459 0.0102122 0.0215155 0.0244994 0.035246 0.0256053
internal_weight=5746.04 3120 2626.04 2931.57 1948.46 2099.24 1606.51 1381.55 983.112 188.427 30.9411 1048.02 566.915 956.411 157.486 62.825 526.8 498.355 56.8168 441.538 558.495 492.723 94.6613 449.388
internal_count=16599 11166 5433 10641 7719 4071 3328 5862 2922 525 126 2302 1857 2810 399 192 1362 1254 184 1070 1026 743 207 663
is_linear=0
shrinkage=0.03


Tree=51
num_leaves=24
num_cat=0
split_feature=15 8 15 15 11 23 15 11 10 8 15 2 18 12 23 22 8 23 8 8 23 9 18
split_gain=245.987 73.2215 50.9277 41.4842 40.7572 29.2822 28.8218 26.3302 23.9705 25.7655 20.9569 19.897 19.9679 19.0474 22.6105 18.2268 15.9602 12.5335 10.3686 9.86217 7.6918 7.47907 6.08623
threshold=0.29912688949574989 24.455000000000002 0.083407054117466059 0.73916304473248984 10.350000000000003 2.9775000000000005 0.85870610408092629 16.350000000000005 1.0000000180025095e-35 40.210000000000008 0.61471595061348527 6.3750000000000009 8.6833333333333353 33.500000000000007 -0.19545454545454541 0.11014710798613812 30.185000000000006 1.9707142857142859 12.905000000000003 9.3950000000000014 0.68090909090909113 12.500000000000002 1.5166666666666668
decision_type=2 2 2 2 2 2 2 2 2 2 2 2 2 2 2 2 2 2 2 2 2 2 2
left_child=2 6 19 4 5 -3 11 8 9 -4 -6 -2 -13 16 -15 -8 -5 -10 -17 20 -1 22 -21
right_child=1 3 7 13 10 -7 15 -9 17 -11 -12 12 -14 14 -16 18 -18 -19 -20 21 -22 -23 -24
leaf_value=0 0.029148810474942697 0.01218314042832958 0.010836143069886336 -0.02617654435190243 0.00061340967462684406 0.035235970803329478 0.017426953124591218 -0.0093776170794765377 0.016804114216822034 0.030803027995327473 -0.031818004626380327 -0.0013530856758233226 0.0073198500043555543 0.019145347275425148 -0.0021079733754852427 -0.031044213792683725 -0.00020033073777409665 0.028112219741756313 -0.010625931960915609 0.01404394552515199 0.018928848495368994 0.0095355614681091154 0.025038644109259316
leaf_weight=32.863557070493698 20.4539430513978 1021.9382609724998 1151.6936515420675 38.940536558628082 70.809616267681122 52.531056731939316 13.239614386111496 40.051321536302567 433.74875268340111 62.035852879285812 21.248171404004097 1035.1012248396873 307.59711214900017 61.527609955519438 147.38065672293305 34.176037043333054 49.374335899949074 133.50254748761654 91.502881869673729 71.327895626425743 44.496779382228851 43.483406558632851 763.17826525866985
leaf_count=77 82 2594 2374 305 199 76 107 107 826 83 99 4407 959 308 857 389 301 181 890 128 71 80 1099
internal_value=0.0104592 0.00443321 0.0168778 0.00920388 0.0117509 0.0134014 -0.000201858 0.0138623 0.0144117 0.0119304 -0.00707064 0.00111154 0.000619409 -0.000703842 0.0041315 -0.0131355 -0.0123122 0.0196076 -0.0168126 0.0225535 0.0110768 0.0235032 0.0241706
internal_weight=5742.2 2965.82 2776.38 1463.75 1166.53 1074.47 1502.07 1821.03 1780.98 1213.73 92.0578 1363.15 1342.7 297.223 208.908 138.919 88.3149 567.251 125.679 955.35 77.3603 877.99 834.506
internal_count=16599 11573 5026 4739 2968 2670 6834 3571 3464 2457 298 5448 5366 1771 1165 1386 606 1007 1279 1455 148 1307 1227
is_linear=0
shrinkage=0.03


Tree=52
num_leaves=25
num_cat=0
split_feature=6 6 8 8 22 0 23 21 3 21 3 6 8 11 10 8 3 22 11 25 23 10 7 6
split_gain=234.383 75.9444 35.0795 33.4302 35.0723 30.0662 28.0975 24.8191 31.0262 28.2534 24.5369 24.4586 24.168 22.7917 21.453 18.0046 28.3301 12.7237 12.2465 10.7437 3.69276 3.36295 10.4687 2.88882
threshold=622.50000000000011 680.50000000000011 25.045000000000005 9.3950000000000014 0.29156939162810741 3833.5000000000005 1.9707142857142859 6385.3050000000012 0.16014237287765912 5320.0300000000007 0.53394386319484788 552.50000000000011 34.285000000000004 2.9500000000000006 1.5000000000000002 15.445000000000002 0.17892936278559357 0.39434889833813996 1.9500000000000002 0.29004961729297291 0.50454545454545485 1.0000000180025095e-35 73818.825000000026 597.50000000000011
decision_type=2 2 2 2 2 2 2 2 2 2 2 2 2 2 2 2 2 2 2 2 2 2 2 2
left_child=6 3 7 4 19 20 11 9 -9 -3 14 -1 -7 -6 -4 16 -13 -17 -12 -2 -5 22 23 -8
right_child=1 2 10 5 13 12 21 8 -10 -11 18 15 -14 -15 -16 17 -18 -19 -20 -21 -22 -23 -24 -25
leaf_value=0.026077692032173135 -0.034873227249766742 -0.0040577936079620311 0.0020440087328823259 -0.025183640349582346 0.025893945178958398 0.0095477825147035102 0.027214383141703227 0.015583993134581278 -0.0027497290665218247 -0.02528854440892174 0.029743718391833693 -0.0037360055086811863 0.018795188563158628 -0.0097458111360117661 0.024721276408365307 0.017523891883801351 0.014964069037917839 0 0.0078628214372853042 -0.0092721121852879351 -0.0027389886640468157 0.029013903626803835 0.0074011398365461936 0.017204026155872739
leaf_weight=211.86364816129208 22.11677286028862 192.66415282338858 649.17627929523587 18.292043223977089 38.94627071917057 1623.4931858479977 173.20233575999737 97.453039985150099 500.80399151146412 81.229524046182632 50.055282182991505 110.74148808419704 314.60133545100689 23.749239549040794 38.338475301861763 908.45225140452385 196.42461057007313 38.159217000007629 53.436482809484005 57.877489238977432 15.57472503185272 196.39651522040367 45.458634868264198 72.766348704695702
leaf_count=297 125 1221 2738 76 111 4005 238 536 2625 558 107 281 565 97 119 1554 367 84 165 220 46 260 86 118
internal_value=0.0101678 0.0057885 0.000969923 0.00955961 -0.00426365 0.0105784 0.0186071 -0.00315433 0.000228737 -0.0106007 0.00555157 0.0164234 0.0110822 0.0120459 0.00342013 0.0147292 0.00814461 0.0168126 0.0190935 -0.0173942 -0.0164265 0.0250127 0.0220346 0.0245366
internal_weight=5731.27 3777.81 1663.16 2114.65 142.69 1971.96 1953.47 872.151 598.257 273.894 791.007 1465.64 1938.09 62.6955 687.515 1253.78 307.166 946.611 103.492 79.9943 33.8668 487.824 291.427 245.969
internal_count=16599 13314 8069 5245 553 4692 3285 4940 3161 1779 3129 2583 4570 208 2857 2286 648 1638 272 345 122 702 442 356
is_linear=0
shrinkage=0.03


Tree=53
num_leaves=25
num_cat=0
split_feature=6 6 6 17 22 0 23 17 6 22 21 25 21 17 7 7 7 23 2 12 23 10 7 6
split_gain=223.7 71.3335 31.2266 30.4412 37.4197 28.9076 27.5159 26.4639 23.7265 23.3614 22.0882 18.5957 17.0123 15.021 12.1041 10.8121 29.7813 11.3644 8.15777 5.07229 3.31418 3.24741 10.0737 2.84977
threshold=622.50000000000011 680.50000000000011 770.50000000000011 1.5000000000000002 0.29156939162810741 3833.5000000000005 1.9707142857142859 6.5000000000000009 552.50000000000011 0.17757084585874913 6385.3050000000012 0.12019693065117891 10760.510000000002 2.5000000000000004 53973.365000000005 47402.585000000006 42177.000000000007 -1.0732142857142855 10.685 54.500000000000007 0.50454545454545485 1.0000000180025095e-35 73818.825000000026 597.50000000000011
decision_type=2 2 2 2 2 2 2 2 2 2 2 2 2 2 2 2 2 2 2 2 2 2 2 2
left_child=6 3 7 4 14 20 8 10 -1 -7 -3 -9 13 -10 -2 16 -4 -17 -6 -14 -5 22 23 -8
right_child=1 2 15 5 18 9 21 11 12 -11 -12 -13 19 -15 -16 17 -18 -19 -20 -21 -22 -23 -24 -25
leaf_value=0.025561488755632713 -0.0056744956136646823 -0.0092348347573789624 -0.016886854536711463 -0.024685652401187051 0.025374271110924222 0.016061269035951533 0.026739957806821962 -0.0069898230007279438 0.0032234984374340187 0.0085950680435112961 0.0016156943192744376 0.0077570179292721564 0.018062015388982559 0.013735051202792246 -0.031035836555956858 0.014568065333535491 0.030522600586696823 -0.024901687073767317 0.0024210700845264314 0.031032664800840184 -0.0031471924570976081 0.02849914178750652 0.0072088732813299448 0.016796021660576081
leaf_weight=209.73081174492836 39.773312538862228 242.23518594354391 38.41231706738472 18.143825620412827 24.635872185230255 543.52762624621391 171.05526657402515 83.057474814355373 159.57162261009216 1400.9872923642397 536.30937147885561 679.24537043273449 350.69140103459358 698.06483982503414 35.016691520810127 4.9993751943111411 14.78248495236039 63.719712849706411 37.274993255734444 41.429626330733299 15.779545709490774 194.01793704926968 45.326301723718643 72.352868527173996
leaf_count=297 156 1439 400 76 71 1179 238 374 368 3407 2544 2349 591 1274 177 48 122 793 132 53 47 260 86 118
internal_value=0.0098848 0.00561441 0.000942725 0.0092684 -0.00421723 0.0102187 0.0181615 0.00212216 0.0160018 0.0107118 -0.0017369 0.00609692 0.0143353 0.0118262 -0.0184384 -0.0135155 -0.00253995 -0.0212752 0.0125324 0.0196591 -0.0162351 0.0245359 0.0215918 0.0240673
internal_weight=5720.14 3777.9 1662.76 2115.14 136.701 1978.44 1942.24 1540.85 1459.49 1944.51 778.545 762.303 1249.76 857.636 74.79 121.914 53.1948 68.7191 61.9109 392.121 33.9234 482.752 288.734 243.408
internal_count=16599 13314 8069 5245 536 4709 3285 6706 2583 4586 3983 2723 2286 1642 333 1363 522 841 203 644 123 702 442 356
is_linear=0
shrinkage=0.03


Tree=54
num_leaves=24
num_cat=0
split_feature=15 8 15 15 11 23 15 11 10 8 15 2 12 23 22 25 8 22 8 8 9 23 23
split_gain=213.615 63.5382 47.3232 36.825 38.015 27.7975 25.7308 24.9383 22.5419 24.5071 19.7544 18.715 18.0173 20.8154 17.455 16.091 15.2576 12.3265 10.3909 9.53182 7.46111 7.02934 5.90392
threshold=0.29912688949574989 24.455000000000002 0.083407054117466059 0.73916304473248984 10.350000000000003 2.9775000000000005 0.85870610408092629 16.350000000000005 1.0000000180025095e-35 40.210000000000008 0.61471595061348527 6.3750000000000009 33.500000000000007 -0.19545454545454541 0.11014710798613812 0.72327781837763006 30.185000000000006 0.31790700274694855 12.905000000000003 9.3950000000000014 12.500000000000002 0.68090909090909113 -0.1222222222222222
decision_type=2 2 2 2 2 2 2 2 2 2 2 2 2 2 2 2 2 2 2 2 2 2 2
left_child=2 6 19 4 5 -3 11 8 9 -4 -6 -2 16 -14 -8 -13 -5 -10 -16 21 22 -1 -21
right_child=1 3 7 12 10 -7 14 -9 17 -11 -12 15 13 -15 18 -17 -18 -19 -20 20 -22 -23 -24
leaf_value=0 0.027918655072497595 0.011256233963882822 0.0098189228734807104 -0.025927006435772854 8.406770292128145e-05 0.03374292590731065 0.017104730439997815 -0.0098861615206871246 0.020872688985149119 0.029392355425983438 -0.031470498891582051 -0.0015237252527690363 0.018080930252585937 -0.0022062676724291029 -0.030819121315962931 0.005870600351520274 -0.000411600393958982 0.0096315509223293527 -0.010147827352085317 0.014561521922695442 0.0082173132831220488 0.017535396930336435 0.023883207458449917
leaf_weight=32.765250280499458 20.75724658370018 1025.4395378679037 1146.1574871391058 38.327717371284962 70.970569610595703 52.281997710466385 13.32304998859763 39.940748885273933 430.94820676743984 61.182988435029984 21.054938733577728 983.5071187838912 62.433164961636066 147.51968573406339 33.016843281686306 359.31066880375147 49.54165206104517 131.04614648222923 89.935848779976368 99.389299765229225 42.611754447221756 43.704258680343628 713.87443597614765
leaf_count=77 82 2594 2374 305 199 76 107 107 742 83 99 4206 308 857 389 1160 301 265 890 172 80 71 1055
internal_value=0.00961013 0.0040144 0.0156484 0.0084485 0.0108448 0.0124354 -0.000309765 0.0127503 0.0132888 0.0108826 -0.00733222 0.000918895 -0.000872719 0.00379863 -0.0126562 0.000438326 -0.0122043 0.0183481 -0.0163433 0.021201 0.0221481 0.0099234 0.0228193
internal_weight=5709.04 2967.42 2741.62 1467.57 1169.75 1077.72 1499.85 1809.28 1769.33 1207.34 92.0255 1363.58 297.822 209.953 136.276 1342.82 87.8694 561.994 122.953 932.345 855.875 76.4695 813.264
internal_count=16599 11573 5026 4739 2968 2670 6834 3571 3464 2457 298 5448 1771 1165 1386 5366 606 1007 1279 1455 1307 148 1227
is_linear=0
shrinkage=0.03


Tree=55
num_leaves=29
num_cat=0
split_feature=6 8 23 10 8 11 3 11 2 7 14 25 21 22 8 6 2 22 7 11 23 23 25 8 8 12 3 7
split_gain=179.396 60.4327 38.7804 36.6088 32.8657 27.15 26.0592 30.2872 24.5477 25.987 23.3711 28.4017 19.972 18.5762 17.9417 16.8527 20.7633 11.8457 11.5156 7.67217 7.2228 6.77747 5.76367 5.65587 6.5885 4.84922 3.44253 0.706351
threshold=642.50000000000011 24.455000000000002 1.3045454545454549 1.5000000000000002 6.4450000000000012 1.6500000000000001 0.31735209659772595 1.6500000000000001 11.345000000000001 79121.635000000024 1.0000000180025095e-35 0.48446094080541563 16100.010000000002 0.1738845296015985 15.055000000000001 700.50000000000011 10.655000000000003 0.17811099866165545 27840.115000000002 0.45000000000000007 0.39545454545454567 2.6292857142857149 0.91601600061540844 26.825000000000003 23.515000000000004 36.500000000000007 0.30378634058827442 67374.965000000011
decision_type=2 2 2 2 2 2 2 2 2 2 2 2 2 2 2 2 2 2 2 2 2 2 2 2 2 2 2 2
left_child=2 4 5 8 15 18 7 -6 9 -3 12 -12 -7 -10 -8 16 -2 -5 -1 -20 -19 23 26 24 -4 -25 -23 -24
right_child=1 3 21 17 6 10 14 -9 13 -11 11 -13 -14 -15 -16 -17 -18 20 19 -21 -22 22 27 25 -26 -27 -28 -29
leaf_value=0.00097386459443876564 0.011338834366975789 0.0066967994615845308 0.016826999909026311 0.042174048652906457 0.0063200601498229472 0.0097054845447284797 -0.0018859688984203154 -0.0049244994122815368 0.022489805086153183 -0.0071232937089476967 -0.016800824787724624 0.0089536278801128581 0.023945885631393955 0.0091253271850923086 0.011086343062477206 -0.031760885549640738 -0.020011939048283543 0.025598785660559856 0.012688135983562537 0.021647652914159494 0.0013782728153900355 0.012097241407252627 0.029067003092979854 0.026038372410527588 0.00503604938002092 0.015948117661641524 0.025544855301102818 0.01918560516878319
leaf_weight=37.850304752588272 30.963397219777107 757.90476763620973 308.32994246482849 33.166502676904202 315.22744633629918 863.99904471635818 129.30556309968233 665.17387299984694 134.47722185403109 142.28074061125517 61.344955161213875 95.789505377411842 102.46853566169739 368.33015185594559 328.49942618235946 36.539533894509077 41.256327137351036 31.152231208980083 155.30941557884216 354.70793671905994 21.152956768870354 76.317661494016647 168.27829675376415 138.5605905354023 60.890481695532799 117.7746939510107 36.547460451722145 47.107624858617783
leaf_count=83 130 2695 525 50 1408 1783 551 3233 291 627 183 191 160 954 1053 367 214 91 304 596 61 137 224 195 121 199 51 74
internal_value=0.00939136 0.00440618 0.0151362 0.00871781 0.000232326 0.0123065 0.00146215 -0.001273 0.00750175 0.00446823 0.00954854 -0.000997123 0.0112926 0.0128341 0.00736484 -0.0154924 -0.0062231 0.0277082 0.0178528 0.0190381 0.0167676 0.0200276 0.0239629 0.0178451 0.0150009 0.0216778 0.0170819 0.0272402
internal_weight=5660.71 3035.43 2625.28 1488.46 1546.97 1671.47 1438.21 980.401 1402.99 900.186 1123.6 157.134 966.468 502.807 457.805 108.759 72.2197 85.4717 547.868 510.017 52.3052 953.807 328.251 625.556 369.22 256.335 112.865 215.386
internal_count=16551 11725 4826 4769 6956 3300 6245 4641 4567 3322 2317 374 1943 1245 1604 711 344 202 983 900 152 1526 486 1040 646 394 188 298
is_linear=0
shrinkage=0.03


Tree=56
num_leaves=27
num_cat=0
split_feature=15 8 20 8 11 3 11 8 15 11 0 7 8 3 11 12 25 15 22 8 11 8 15 11 3 15
split_gain=170.646 56.8379 36.1395 31.3069 26.8645 24.4669 28.508 24.1719 23.6108 26.3092 20.9091 21.2538 16.8325 16.7753 15.2579 14.0365 9.86969 9.15494 8.0365 7.96004 7.00418 5.04486 8.93088 7.05995 3.75356 3.42758
threshold=0.28922266241009276 24.455000000000002 1.5000000000000002 6.4450000000000012 10.350000000000003 0.31735209659772595 1.6500000000000001 34.515000000000008 0.063521673910535037 16.350000000000005 3833.5000000000005 79121.635000000024 15.055000000000001 0.56622431321886346 11.850000000000003 34.500000000000007 0.31841609292665107 0.57907996461402378 0.20910708741220571 9.5850000000000026 3.2500000000000004 15.055000000000001 0.12683180122312401 0.65000000000000002 0.555814153305487 0.21152736643717068
decision_type=2 2 2 2 2 2 2 2 2 2 2 2 2 2 2 2 2 2 2 2 2 2 2 2 2 2
left_child=2 3 7 13 10 6 -5 8 19 -10 20 -12 -7 18 15 -6 -9 -16 -2 -1 -3 22 -4 -23 -25 -18
right_child=1 4 21 5 14 12 -8 16 9 -11 11 -13 -14 -15 17 -17 25 -19 -20 -21 -22 23 -24 24 -26 -27
leaf_value=0.0058148542429573239 -0.033640427321775315 -0.027821820968043247 0.020533024893772695 0.0061143257776479984 0 -0.0018316109909863635 -0.0047881674081828515 0.0056762087779235384 0.010124802204757956 -0.016693170700020542 0.011840941221578166 0.0012196478704058454 0.010726104640488072 0.013975590843617982 0.0090262867440527514 -0.039921812980868894 0.026767644119321816 -0.0094167941524073515 -0.012674188280221552 0.019465510160735049 0 0.031445004354899601 0.0014128005294950319 0.018942803065377802 0.02913907243365178 0.013801930033028254
leaf_weight=52.743830442428589 27.778638642281294 14.674961224198343 64.0832559466362 316.11275181174278 12.454886924475433 129.20961043611169 663.66989384591579 35.329507559537888 1316.6599572896957 31.197682753205299 1131.8890933617949 207.50596225634217 329.39937273040414 12.906534049659966 54.6145329028368 16.261337414383888 161.43289987742901 39.794447537511587 66.959517415612936 359.37267434597015 13.322070263326166 86.425939649343491 38.737809881567955 369.13655957579613 58.95981265604496 40.948440298438072
leaf_count=107 209 74 98 1408 51 551 3233 73 2721 92 3392 777 1053 61 136 85 226 203 441 570 51 108 83 597 77 74
internal_value=0.00913017 0.00427423 0.0147498 0.000222579 0.00845078 0.00141767 -0.00123479 0.0127265 0.0114529 0.00945803 0.00966616 0.0102221 0.00713034 -0.0152077 -0.00474597 -0.0231568 0.0218571 0.000907066 -0.0197003 0.0178274 -0.0148371 0.0211864 0.0137801 0.0225493 0.0205458 0.0244518
internal_weight=5651.58 3036.55 2615.03 1546.04 1490.52 1438.39 979.783 1997.68 1759.97 1347.86 1367.39 1339.4 458.609 107.645 123.125 28.7162 237.711 94.409 94.7382 412.117 27.997 617.343 102.821 514.522 428.096 202.381
internal_count=16551 11725 4826 6956 4769 6245 4641 3863 3490 2813 4294 4169 1604 711 475 136 373 339 650 677 125 963 181 782 674 300
is_linear=0
shrinkage=0.03


Tree=57
num_leaves=24
num_cat=0
split_feature=6 10 18 19 0 7 6 19 0 7 19 19 7 11 9 6 7 12 23 11 6 12 0
split_gain=162.514 53.9872 42.5039 32.5684 30.5748 33.6451 33.1713 27.5724 27.4793 16.588 15.804 15.4226 14.7887 14.3193 14.2628 12.8007 12.0153 18.8142 10.2879 9.8136 9.80289 7.0643 1.32016
threshold=642.50000000000011 1.5000000000000002 3.8000000000000003 24.550000000000004 14893.500000000002 63170.795000000006 680.50000000000011 8.7500000000000018 21748.000000000004 63885.365000000005 20.750000000000004 26.250000000000004 82259.570000000022 1.3500000000000003 13.500000000000002 564.50000000000011 63489.575000000004 34.500000000000007 2.5683333333333338 2.9500000000000006 620.50000000000011 38.500000000000007 26280.500000000004
decision_type=2 2 2 2 2 2 2 2 2 2 2 2 2 2 2 2 2 2 2 2 2 2 2
left_child=2 3 7 4 6 -6 -2 8 13 21 14 -5 16 -1 15 -4 17 -3 20 -13 -12 -9 -10
right_child=1 12 10 11 5 -7 -8 9 22 -11 18 19 -14 -15 -16 -17 -18 -19 -20 -21 -22 -23 -24
leaf_value=0.015619961445691196 0.0047177084460665797 1.0010283759472202e-05 0.022398127481880341 0.035609925748966605 0.010835056177872067 -0.0014866409934720709 -0.0033536863878516907 -0.0095126775777560277 0.031007258112342586 -0.027924002654786749 0.020225961489883482 0.020193191370353931 -0.00043756601819896378 0.005449663708581045 -0.0012595542623064432 0.014256359282230761 0.039012022186224946 0.026236573463470317 0.027088827611136613 -0.0024455222389186599 0.0038630759324902752 0.010363797447080395 0.017927374634221227
leaf_weight=176.96078591048717 830.56928773224354 39.216403640806675 238.50469669699669 35.598649568855762 631.41132512688637 284.61598558723927 1016.0593985542655 27.828593626618385 50.19556587934494 23.024174526333809 175.48396377265453 34.356512911617756 24.206858344376087 482.33486205339432 41.892799898982048 1046.4051692485809 37.255011223256588 76.543505638837814 220.60105806589127 28.070522949099541 47.685833036899567 32.327357396483421 40.836307555437088
leaf_count=338 2400 137 360 64 2026 1160 5375 75 70 76 275 77 102 1096 94 1902 89 217 308 78 96 66 70
internal_value=0.0088741 0.00414194 0.0143757 0.00312645 0.00250321 0.00697904 0.000261582 0.00868268 0.0105156 -0.00735809 0.0170259 0.0199899 0.0201486 0.00826381 0.0152604 0.0158234 0.0235625 0.0177575 0.0221453 0.00978806 0.0169282 0.000675913 0.0259737
internal_weight=5641.98 3037.9 2604.08 2860.68 2762.66 916.027 1846.63 833.508 750.328 83.1801 1770.57 98.0257 177.222 659.296 1326.8 1284.91 153.015 115.76 443.771 62.427 223.17 60.156 91.0319
internal_count=16551 11725 4826 11180 10961 3186 7775 1791 1574 217 3035 219 545 1434 2356 2262 443 354 679 155 371 141 140
is_linear=0
shrinkage=0.03


Tree=58
num_leaves=26
num_cat=0
split_feature=6 10 18 17 0 6 7 18 2 7 2 6 14 23 11 6 7 7 2 0 18 0 9 2 7
split_gain=154.551 50.622 40.7641 40.0419 25.8876 24.6784 28.9795 26.2329 21.1598 24.1405 20.1282 18.9784 22.4148 15.1474 15.0142 17.6819 13.8711 11.092 15.3049 7.10304 7.04789 8.61115 6.99572 6.47585 0.928743
threshold=642.50000000000011 1.5000000000000002 3.8000000000000003 6.5000000000000009 21748.000000000004 698.50000000000011 68093.87000000001 0.78333333333333344 11.345000000000001 79121.635000000024 13.065000000000003 586.50000000000011 1.0000000180025095e-35 2.3527777777777787 4.0500000000000007 619.50000000000011 82259.570000000022 63489.575000000004 11.845000000000001 27355.500000000004 16.616666666666671 8265.0000000000018 12.500000000000002 12.685 72912.940000000017
decision_type=2 2 2 2 2 2 2 2 2 2 2 2 2 2 2 2 2 2 2 2 2 2 2 2 2
left_child=2 3 4 5 11 7 -7 -2 9 -5 -10 23 -13 14 22 -16 17 18 -3 -6 21 -15 -4 -1 -22
right_child=1 16 13 8 19 6 -8 -9 10 -11 -12 12 -14 20 15 -17 -18 -19 -20 -21 24 -23 -24 -25 -26
leaf_value=0.0018087553606930167 -0.011178636468373072 0.023152148391635007 0.018297027607757827 0.0060184002868677918 0.029079371594702887 -0.0011493138371794687 -0.016990791491925384 0.0042723437684843314 0.01535385676471075 -0.0074167850627202079 0.0014397936908823793 0.0059699113564879976 -0.011393161968916151 0.0022495068130821542 0.014326227073117547 0.0020110581930003922 -0.00042550484613795787 0.037586331347254552 -0.0013107509804959161 0.01031517298171155 0.026631637967554835 0.019957020798242651 0.0054135372815537234 0.017628909470364582 0.01674812611051479
leaf_weight=33.429716721177101 109.22022788226604 88.678564358502626 777.65176865458488 750.62852326408029 63.065592885017395 376.38287306204438 144.32842384651303 846.13596721738577 361.5815005004406 139.6919284388423 133.24209599196911 478.41197155416012 74.903518691658974 37.646320626139641 375.57952618598938 154.64465714991093 24.202970217913389 37.578863423317671 27.539378382265568 38.014856547117233 214.25192381441593 109.04443387687206 49.128795087337494 144.95495730638504 42.453644156455994
leaf_count=71 450 274 1308 2655 90 2395 1097 2735 873 620 355 1097 216 77 655 350 102 89 80 74 303 173 99 243 70
internal_value=0.00862717 0.00401883 0.0140093 0.00303329 0.00843504 -0.000386233 -0.00564579 0.00245493 0.0066942 0.00386489 0.0116885 0.00637397 0.00353284 0.0166167 0.0149789 0.0108118 0.0194842 0.0227752 0.0171775 0.0226505 0.0219513 0.0157058 0.0175826 0.0148834 0.0252552
internal_weight=5632.39 3039.21 2593.18 2861.21 832.781 1476.07 520.711 955.356 1385.14 890.32 494.824 731.7 553.315 1760.4 1357 530.224 178 153.797 116.218 101.08 403.396 146.691 826.781 178.385 256.706
internal_count=16551 11725 4826 11180 1791 6677 3492 3185 4503 3275 1228 1627 1313 3035 2412 1005 545 443 354 164 623 250 1407 314 373
is_linear=0
shrinkage=0.03


Tree=59
num_leaves=26
num_cat=0
split_feature=6 8 20 10 8 6 6 14 10 2 16 22 16 22 22 16 25 8 8 6 11 6 22 11 6
split_gain=147.191 49.2084 36.3512 31.9108 26.1919 23.5116 22.8285 24.4536 21.4507 20.0395 23.63 19.0447 18.6034 14.0946 11.3005 9.97103 8.47292 7.92116 5.12507 8.15872 7.37739 3.86369 3.76763 2.50906 1.41716
threshold=640.50000000000011 24.455000000000002 1.5000000000000002 1.5000000000000002 34.515000000000008 768.50000000000011 578.50000000000011 1.0000000180025095e-35 2.5000000000000004 11.345000000000001 0.80070387322589343 0.1738845296015985 0.9295165198661488 0.14164702865261486 0.17811099866165545 0.066656409861917773 0.31841609292665107 9.5850000000000026 15.055000000000001 604.50000000000011 0.65000000000000002 783.50000000000011 0.28208267473778276 8.7500000000000018 622.50000000000011
decision_type=2 2 2 2 2 2 2 2 2 2 2 2 2 2 2 2 2 2 2 2 2 2 2 2 2
left_child=2 5 4 9 6 8 17 -8 12 10 -3 -11 -2 21 -5 -15 -6 -1 19 -4 -20 -7 -16 -22 -18
right_child=1 3 18 14 16 13 7 -9 -10 11 -12 -13 -14 15 22 -17 24 -19 20 -21 23 -23 -24 -25 -26
leaf_value=0.0047446141505063247 0.0015498738380121779 0.0060718800579966075 0.019254115036349759 0.039417338086501379 0.0060841376529949436 0.022863946119924684 0.0099710648273992359 -0.0020565148206719321 0.033890749537689918 0.020954325447572544 -0.0070853890272966191 0.0077582302999146899 -0.012273602688238161 0.0072582389896066546 0.0032646864609096262 -0.027955639389138524 0.026141893046805954 0.01831851769826719 0.030877883386538834 0.00052977427835844328 0.020753903541956564 -0.0040946190889295788 0.021392135555113084 0.011410866722991844 0.016172263595133109
leaf_weight=52.301489889621735 1410.6753892153502 770.32546725869179 62.349945902824402 33.308043301105499 34.716325700283051 6.5539205297827703 1115.9358137398958 170.7576312571764 15.76679767668247 140.43261130899191 142.39590937271714 381.2441943064332 91.174459766596556 6.1001169271767131 21.840503565967083 48.666767541319132 142.92749623954296 352.18707676231861 83.28488664329052 36.244401037693024 359.10989320278168 6.4949233904480934 33.704122871160507 53.530788660049438 50.303491786122322
leaf_count=107 5689 2708 98 50 71 47 2276 414 40 301 631 982 466 49 69 678 201 570 106 78 566 83 87 97 87
internal_value=0.00838767 0.00400516 0.0137882 0.00785288 0.0117199 0.000284217 0.0103755 0.00835089 0.00108449 0.00672115 0.00397538 0.0114343 0.000675521 -0.0167131 0.0252427 -0.0233874 0.0213872 0.0166692 0.0203527 0.0128164 0.0217332 0.00869123 0.0151468 0.0196751 0.0238924
internal_weight=5622.33 3108.68 2513.65 1523.25 1919.13 1585.43 1691.18 1286.69 1517.62 1434.4 912.721 521.677 1501.85 67.8157 88.8527 54.7669 227.947 404.489 594.52 98.5943 495.926 13.0488 55.5446 412.641 193.231
internal_count=16551 11880 4671 4828 3726 7052 3367 2690 6195 4622 3339 1283 6155 857 206 727 359 677 945 176 769 130 156 663 288
is_linear=0
shrinkage=0.03


Tree=60
num_leaves=19
num_cat=0
split_feature=6 18 8 18 8 6 6 10 2 19 2 6 13 12 12 10 2 2
split_gain=136.786 72.7202 39.5042 36.0759 33.3927 36.2073 29.9714 25.8177 24.7552 21.248 12.6969 14.3832 12.051 10.8774 11.4475 8.59244 10.3625 5.78442
threshold=681.50000000000011 13.750000000000002 4.8750000000000009 1.0000000180025095e-35 39.365000000000002 735.50000000000011 597.50000000000011 2.5000000000000004 9.6950000000000021 6.5500000000000007 8.0650000000000031 716.50000000000011 1.0000000180025095e-35 43.500000000000007 35.500000000000007 1.5000000000000002 9.5350000000000019 14.175000000000002
decision_type=2 2 2 2 2 2 2 2 2 2 2 2 2 2 2 2 2 2
left_child=1 3 -2 13 5 8 12 -8 -4 -7 -6 -12 -5 14 -1 16 -3 -18
right_child=2 15 4 6 10 9 7 -9 -10 -11 11 -13 -14 -15 -16 -17 17 -19
leaf_value=-0.016941235184083438 -0.02859552146360626 0.0017456457921802802 0.0086275106363591231 0.011066228460805605 0.034613399515908791 -0.017170725733808484 0.0076269319849380747 0.037208865040264223 -0.00041872183188914139 -0.0019171186355734387 0.019422077214996485 -0.0052943783322211471 0.019241299434620267 -0.028888958593810375 0.0089693360641956935 0.029870477852649773 0.016446620463236049 0.022918218413966431
leaf_weight=27.054571628570557 37.580409899353981 37.978881791234016 445.68888314813375 379.82944741845131 28.184347897768021 133.91560585051775 2315.8678029030561 25.569852948188782 679.42386891692877 222.7457789182663 55.646639257669449 29.85472197830677 347.64062733948231 20.012399345636368 29.370676964521408 73.121774837374687 474.90111456811428 257.42882357537746
leaf_count=88 346 84 1713 701 84 1264 5649 34 2597 1665 118 131 562 76 74 99 835 398
internal_value=0.00830565 0.0112993 0.000970255 0.00917289 0.00172037 0.00048692 0.00968672 0.00799427 0.00314708 -0.00779184 0.0172515 0.0105252 0.0150561 -0.0107953 -0.00309534 0.0191533 0.0180224 0.0188186
internal_weight=5621.82 3988.78 1633.04 3145.35 1595.46 1481.77 3068.91 2341.44 1125.11 356.661 113.686 85.5014 727.47 76.4376 56.4252 843.431 770.309 732.33
internal_count=16518 8600 7918 7184 7572 7239 6946 5683 4310 2929 333 249 1263 238 162 1416 1317 1233
is_linear=0
shrinkage=0.03


Tree=61
num_leaves=24
num_cat=0
split_feature=15 19 15 8 0 8 21 13 3 19 3 8 22 3 3 11 23 19 19 8 11 0 15
split_gain=129.323 64.9749 43.49 37.9762 31.7206 35.0802 29.7497 27.6465 24.5575 21.462 21.2971 14.4307 14.1021 13.4129 12.3462 7.34105 7.24768 8.4593 13.1871 6.01019 5.19981 1.77956 1.15457
threshold=0.51832762798569176 20.750000000000004 0.10679256894495943 4.8750000000000009 14694.500000000002 40.210000000000008 13444.415000000003 1.0000000180025095e-35 0.29040466773769197 23.850000000000005 0.22759356234141795 30.185000000000006 0.10882856748725699 0.46161850964019785 0.35973008112995364 2.1500000000000008 2.3527777777777787 26.550000000000004 30.850000000000005 13.235000000000001 1.5500000000000003 6135.0000000000009 0.088272625870225788
decision_type=2 2 2 2 2 2 2 2 2 2 2 2 2 2 2 2 2 2 2 2 2 2 2
left_child=1 2 11 21 5 9 7 -4 10 -5 -6 13 -10 -1 -8 -7 19 -18 -19 -3 -21 -2 -13
right_child=3 16 6 4 8 15 14 -9 12 -11 -12 22 -14 -15 -16 -17 17 18 -20 20 -22 -23 -24
leaf_value=0.011201106951679701 -0.0051446079413841423 0.0031254211781775098 0.0024895028453634956 -0.003651427372784951 0.00760275759454411 0.0026852154125620977 0.006281275516549824 0.0094906317449272217 -0.012323568165227006 0.023595120592525342 -0.014981331521460787 0.020296784645326933 0.012408153096375213 0.024507000285784838 0.017046612465382995 0.026344996324537271 0.029824485427101966 0.0055499309581971473 0.024331586792177506 0.024753677600134427 0.013849267297320564 -0.031711583039652082 0.030452647477917764
leaf_weight=556.41299545764923 6.4389057904481879 34.602740913629532 1097.1633815020323 946.37496917694807 76.160051606595516 20.555616170167923 149.12602296471596 970.85433860123158 19.129711717367172 24.529336392879486 69.184608463197947 146.96898110210896 395.28292439505458 83.983688160777092 357.837581127882 44.112851820886135 139.47031563520432 56.357209846377373 112.07483147084713 79.508769333362579 154.40112821757793 30.369884815067053 41.007812395691872
leaf_count=1028 56 75 2865 5048 358 73 349 2319 85 77 361 231 1457 121 695 113 191 113 167 118 277 290 51
internal_value=0.00807287 0.0109888 0.00938463 0.000939627 0.00166866 -0.00141826 0.00742832 0.00579675 0.0074177 -0.00288513 -0.00300118 0.0153971 0.0111408 0.0130637 0.013976 0.0195806 0.0203433 0.02381 0.0183622 0.0161105 0.0178614 -0.0283419 0.0229675
internal_weight=5611.91 3979.77 3403.35 1632.14 1595.33 1035.57 2574.98 2068.02 559.757 970.904 145.345 828.373 414.413 640.397 506.964 64.6685 576.415 307.902 168.432 268.513 233.91 36.8088 187.977
internal_count=16518 8600 7659 7918 7572 5311 6228 5184 2261 5125 719 1431 1542 1149 1044 186 941 471 280 470 395 346 282
is_linear=0
shrinkage=0.03


Tree=62
num_leaves=26
num_cat=0
split_feature=6 18 21 13 8 8 6 2 23 23 6 19 22 22 16 2 8 23 12 9 19 19 19 6 0
split_gain=122.361 67.8026 42.6273 41.4414 36.5764 32.6358 30.56 26.1901 39.7881 25.0424 23.185 19.5571 27.7995 19.8944 16.6187 11.3316 10.7955 9.82706 12.0337 6.12503 3.67101 12.6939 6.36048 2.33126 1.75216
threshold=681.50000000000011 13.750000000000002 13444.415000000003 1.0000000180025095e-35 4.8750000000000009 23.295000000000005 735.50000000000011 9.6950000000000021 -0.19999999999999998 -0.040000000000000022 574.50000000000011 6.5500000000000007 0.28100550837203014 0.29694303700913577 0.4378245317127582 12.335000000000003 33.105000000000011 2.3527777777777787 49.500000000000007 11.500000000000002 26.550000000000004 31.750000000000004 20.750000000000004 615.50000000000011 6135.0000000000009
decision_type=2 2 2 2 2 2 2 2 2 2 2 2 2 2 2 2 2 2 2 2 2 2 2 2 2
left_child=1 2 3 5 24 -1 7 8 -6 -9 -5 13 -13 -8 15 -4 -16 18 19 -3 22 -22 -19 -20 -2
right_child=4 17 14 10 6 -7 11 9 -10 -11 -12 12 -14 -15 16 -17 -18 20 23 -21 21 -23 -24 -25 -26
leaf_value=-0.0013581723345535504 -0.0050414006013605574 0.018221842314178307 0.013389802075597973 0.021729053225406744 0.02341505967042571 0.0079865074971641973 -0.021097937745456485 -0.0085454226729846511 0.0039806064160448785 0.0038211685774213575 0.0092307658228735837 0.0084402739973449027 -0.011979260115225005 0.0031994946852056541 0.0080518770094829689 0.026415005502446291 0.023045455515295465 0.014738343814631707 0.007109378413014282 0.0052199907767923057 0.0064091977725392567 0.024450739271682835 0.029642918799086374 -0.0044662844429331165 -0.031508498214424217
leaf_weight=678.91404147446156 6.4149135276675215 375.22128666937351 125.64907404780388 159.16946521401405 130.77720554172993 655.05721762776375 104.98831528797746 202.52004642784595 354.51283086836338 523.74923082441092 1025.735335662961 136.02078424021602 103.99308298155665 38.859728112816811 272.43403434753418 166.75658676028252 54.850200802087784 51.621754348278046 31.550530225038528 45.198409646749496 63.069333881139755 103.99785777926445 136.45847301185131 24.883970946073532 29.672110810875893
leaf_count=1894 56 642 259 244 445 1426 987 856 1353 1856 2415 904 833 338 607 256 83 91 60 94 125 155 188 61 290
internal_value=0.00784929 0.0106909 0.00864443 0.00687921 0.000910763 0.00321324 0.00162017 0.00397128 0.00935403 0.000317556 0.0109687 -0.00570486 -0.000309013 -0.0143746 0.0157261 0.0210489 0.0107805 0.0183355 0.0151789 0.0169264 0.0223812 0.0179737 0.0259081 0.00151369 -0.0281031
internal_weight=5602.08 3970.57 3138.57 2518.88 1631.51 1333.97 1595.42 1211.56 485.29 726.269 1184.9 383.862 240.014 143.848 619.69 292.406 327.284 832.002 476.854 420.42 355.147 167.067 188.08 56.4345 36.087
internal_count=16518 8600 7184 5979 7918 3320 7572 4510 1798 2712 2659 3062 1737 1325 1205 515 690 1416 857 736 559 280 279 121 346
is_linear=0
shrinkage=0.03


Tree=63
num_leaves=25
num_cat=0
split_feature=6 6 18 25 10 26 21 9 22 6 19 6 6 11 11 4 12 26 12 22 18 22 16 6
split_gain=118.652 63.6142 43.0748 36.3129 30.9065 26.4777 18.3556 15.0817 13.9296 14.4927 16.5067 13.3276 12.8348 10.6382 10.5912 9.16443 9.10992 4.39319 3.88099 5.41155 2.56172 2.36562 1.66861 1.59685
threshold=620.50000000000011 722.50000000000011 19.583333333333336 0.79393438209161904 1.5000000000000002 4.5000000000000009 12164.905000000002 12.500000000000002 0.10653098587101489 778.50000000000011 6.0500000000000007 548.50000000000011 849.50000000000011 3.5500000000000003 6.0500000000000007 1.0000000180025095e-35 43.500000000000007 1.0000000180025095e-35 33.500000000000007 0.28712395611792269 12.616666666666669 0.1472528049789045 0.63312050463479375 642.50000000000011
decision_type=2 2 2 2 2 2 2 2 2 2 2 2 2 2 2 2 2 2 2 2 2 2 2 2
left_child=3 2 4 6 5 -2 11 18 -3 10 -10 22 -11 -6 -13 23 17 -8 20 -20 -5 -18 -1 -4
right_child=1 8 15 7 13 -7 16 -9 9 12 -12 14 -14 -15 -16 -17 21 -19 19 -21 -22 -23 -24 -25
leaf_value=0.012817010506102526 0.0043552856937872607 -0.030595850231609385 0.015966695139796417 0.015828744955673862 0.023439589550452493 0.033256969707127111 0.028969609149816958 0.00055906551010924941 -0.0098657725144577022 -0.019369608494353725 0.0021020697500030113 0.0038646409276003324 0.016482200488395233 0.0071576404945943176 0.012379135939893952 0.0067911844941634545 0.013986842609363044 0.016764897661913726 0.021103702607667363 0.013134715617453127 0.026319949581693324 0.0017288281551854122 0.02489882092916719 0.026402982130988829
leaf_weight=48.306588068604469 2882.0691322982311 16.053000226616859 52.148018062114716 56.299047291278839 109.68289043009281 27.207096993923187 58.455916732549667 39.583610817790031 145.80817931890488 72.312800221145153 339.18031452596188 474.20185746252537 7.7727080173790446 66.244534589350224 192.0420598089695 46.837474033236504 27.418361008167267 123.90967521071434 270.37525254487991 166.7004752010107 185.77557255327702 41.762962862849236 39.400620371103287 102.80839502066374
leaf_count=84 8450 127 86 94 225 57 77 83 1048 992 1921 998 74 180 363 99 47 207 426 296 267 87 55 175
internal_value=0.0076309 0.0046976 0.00631865 0.014181 0.00541868 0.00465854 0.0103994 0.0193861 -0.00441025 -0.00350817 -0.00146011 0.00794764 -0.0152077 0.0176267 0.00639351 0.0197429 0.0175091 0.0211116 0.0204346 0.0182063 0.0241526 0.00726495 0.019013 0.0233302
internal_weight=5592.36 3868.12 3287 1724.23 3085.2 2909.28 1005.5 718.734 581.127 565.074 484.988 753.951 80.0855 175.927 666.244 201.794 251.547 182.366 679.15 437.076 242.075 69.1813 87.7072 154.956
internal_count=16518 13434 9272 3084 8912 8507 1918 1166 4162 4035 2969 1500 1066 405 1361 360 418 284 1083 722 361 134 139 261
is_linear=0
shrinkage=0.03


Tree=64
num_leaves=26
num_cat=0
split_feature=15 15 8 18 25 10 8 21 8 8 22 8 9 8 8 12 11 25 21 21 26 12 8 22 18
split_gain=113.349 59.9275 42.3622 41.9405 35.0762 30.3201 20.959 17.5353 23.3757 16.0581 19.62 17.8985 14.4587 13.467 11.2627 8.67126 6.94272 6.92017 4.30611 8.32458 4.22752 3.78163 5.38808 2.76978 2.51426
threshold=0.18450709642678567 0.74737489903457843 41.865000000000002 19.583333333333336 0.79393438209161904 1.5000000000000002 9.5850000000000026 12164.905000000002 27.485000000000003 39.365000000000002 0.25252516136197756 12.905000000000003 12.500000000000002 25.685000000000006 21.265000000000004 43.500000000000007 5.9500000000000011 0.69762298549944235 4142.0350000000008 8236.7850000000017 1.0000000180025095e-35 33.500000000000007 14.135000000000003 0.11050900045334945 12.616666666666669
decision_type=2 2 2 2 2 2 2 2 2 2 2 2 2 2 2 2 2 2 2 2 2 2 2 2 2
left_child=4 2 3 5 7 -2 16 8 13 11 -11 -8 21 -1 -5 20 -3 -10 -4 -20 -9 24 -23 -17 -6
right_child=1 6 18 14 12 -7 9 15 17 10 -12 -13 -14 -15 -16 23 -18 -19 19 -21 -22 22 -24 -25 -26
leaf_value=0.0055602090591929309 0.0037601245168677514 -0.030988611382886042 0.03601131467236221 0.0063832393159155964 0.01546749610320673 0.016727841756729263 0.014012461482532086 0.028391618769128379 0.018373951408476755 0.02962064678350947 -0.0099771967222020488 -0.0059852802934541784 0.00054323321693354888 -0.012785033778434526 0.023691238710748672 0.016848832456469502 0 0.003081210163190194 0.002825545837815122 0.024072742967777099 0.016358641962340326 0.0078856974710203899 0.019200236817407595 0.0025312334651042753 0.025881072618596627
leaf_weight=495.28557521104813 2800.112748414278 31.465162165462971 25.447635367512703 54.22072995454073 55.937761560082436 172.3433215841651 41.52575796097517 57.905668944120407 183.20129702985287 26.796845532953739 15.733293026685713 454.4188597202301 39.573587015271187 36.072696149349213 136.56344701349735 18.15587118268013 9.2753726653754693 37.888855308294296 26.285916775465012 73.947355449199677 123.23725879192352 57.104394540190697 376.22860769927502 50.89097897708416 183.3292725533247
leaf_count=1031 8308 348 37 126 94 400 308 77 301 101 75 3238 83 92 218 29 92 76 61 122 207 108 614 105 267
internal_value=0.00742059 0.0045588 0.00612926 0.00542906 0.0138457 0.00453282 -0.00429742 0.0101301 0.00773285 -0.00261962 0.0145082 -0.00420105 0.0189918 0.00421527 0.0190452 0.0171023 -0.024611 0.0159388 0.0231562 0.0189584 0.0206371 0.0200279 0.0178212 0.00708662 0.0237192
internal_weight=5582.95 3868.14 3288.92 3163.24 1714.81 2972.46 579.215 1002.64 752.448 538.475 42.5301 495.945 712.174 531.358 190.784 250.19 40.7405 221.09 125.681 100.233 181.143 672.6 433.333 69.0469 239.267
internal_count=16518 13434 9272 9052 3084 8708 4162 1918 1500 3722 176 3546 1166 1123 344 418 440 377 220 183 284 1083 722 134 361
is_linear=0
shrinkage=0.03


Tree=65
num_leaves=30
num_cat=0
split_feature=6 6 17 18 9 3 3 17 23 7 2 2 9 2 0 21 21 7 18 12 17 10 11 18 18 24 19 18 6
split_gain=147.525 39.4982 35.3448 31.2302 28.9214 28.6285 23.8917 22.2206 30.1724 19.6966 19.1625 39.9126 17.9883 17.9526 17.7095 28.5483 19.2085 17.5367 11.399 11.2203 11.1872 8.27074 10.06 7.60892 5.8316 5.03686 3.14427 2.50201 0.832487
threshold=675.50000000000011 590.50000000000011 9.5000000000000018 3.7333333333333338 5.5000000000000009 0.62728996904472167 0.29973624152791467 3.5000000000000004 0.23484848484848492 36196.535000000011 8.2650000000000023 9.7250000000000032 8.5000000000000018 8.4050000000000029 11420.500000000002 3771.6750000000006 15365.420000000002 27449.075000000004 12.616666666666669 40.500000000000007 1.5000000000000002 1.0000000180025095e-35 6.2500000000000009 2.183333333333334 8.783333333333335 10.500000000000002 24.550000000000004 8.1166666666666689 554.50000000000011
decision_type=2 2 2 2 2 2 2 2 2 2 2 2 2 2 2 2 2 2 2 2 2 2 2 2 2 2 2 2 2
left_child=1 18 6 4 14 7 9 8 -5 -3 17 -12 -9 -8 15 -2 -16 -6 20 24 -1 22 -4 -22 -7 28 -27 -23 -20
right_child=3 2 21 5 10 19 13 12 -10 -11 11 -13 -14 -15 16 -17 -18 -19 25 -21 23 27 -24 -25 -26 26 -28 -29 -30
leaf_value=0 0.028550780730652786 -0.0055201092688804956 0.017147877459311907 0.012627523842137398 0.011489043158291877 0.014106987155933136 0.034092153692387661 0.00073090107920849995 -0.013897314333554511 0.006481911472750488 0.007199298442699795 -0.0092806517783440064 0.010937460478037243 0.010845475920825572 0.020927578561640514 -0.010884444627273561 -0.0092510426960892445 -0.01937920324194697 0.028180372496397165 0.0028873002520931031 0.0073569096292265043 0.029622353349482908 0.0022788701877699542 0.016892659847559287 0.038442248504233674 0.0063379553215530907 0.019239042609175725 0.016497276514689126 0.020307114728215715
leaf_weight=53.126817986369133 18.600898485630751 129.33923941850662 215.48621694743633 50.898161925375462 16.22840915247798 24.333904646337032 31.030648574233055 360.82144576311111 135.01373759284616 1564.377637848258 195.86277899891138 390.43584430962801 280.87150109186769 799.58779260516167 86.83960547298193 79.022348031401634 21.346565287560225 135.37241741642356 91.392861798405647 24.631562545895576 113.73787042498589 65.60629515349865 57.245194882154465 401.19259649515152 29.740893952548504 42.228116437792778 51.387482419610023 47.289923056960106 123.33857123553753
leaf_count=118 84 355 372 258 80 76 47 1444 770 3812 968 1853 1003 1650 340 460 95 1070 132 79 221 91 124 666 59 82 84 78 201
internal_value=0.00728009 0.0106714 0.00895549 0.000318942 -0.00347974 0.00430635 0.00763074 0.00259513 -0.0064187 0.00554227 -0.00627157 -0.0037185 0.00526506 0.0118298 0.0063496 -0.00264709 0.0146408 -0.015773 0.0163014 0.0214181 0.0135331 0.0174659 0.0141754 0.0148811 0.02892 0.0211845 0.0139877 0.0247685 0.0240256
internal_weight=5636.39 3786.37 2909.96 1850.02 943.709 906.311 2524.34 827.605 185.912 1693.72 737.899 586.299 641.693 830.618 205.809 97.6232 108.186 151.601 876.404 78.7064 568.057 385.628 272.731 514.93 54.0748 308.347 93.6156 112.896 214.731
internal_count=16672 8033 6529 8639 4950 3689 5864 3475 1028 4167 3971 2821 2447 1697 979 544 435 1150 1504 214 1005 665 496 887 135 499 166 169 333
is_linear=0
shrinkage=0.03


Tree=66
num_leaves=25
num_cat=0
split_feature=6 6 6 8 8 25 8 18 14 6 12 21 8 3 18 12 7 27 25 8 9 3 12 9
split_gain=139.397 38.33 29.6051 31.5571 25.775 25.5385 21.9289 20.8901 20.4122 29.2959 20.3025 18.3327 16.8377 16.4996 15.2766 23.655 20.165 9.748 8.76181 7.72094 6.80913 6.67202 6.2324 3.62767
threshold=675.50000000000011 620.50000000000011 770.50000000000011 39.365000000000002 40.210000000000008 0.8410900419246895 16.605000000000004 10.383333333333335 1.0000000180025095e-35 627.50000000000011 61.500000000000007 3185.4750000000008 27.485000000000003 0.18749219806542769 0.58333333333333348 41.500000000000007 23352.480000000003 1.0000000180025095e-35 0.73014346705642541 30.185000000000006 8.5000000000000018 0.555814153305487 40.500000000000007 7.5000000000000009
decision_type=2 2 2 2 2 2 2 2 2 2 2 2 2 2 2 2 2 2 2 2 2 2 2 2
left_child=1 7 3 5 8 10 -7 12 11 -10 -2 -3 13 -1 15 -4 -16 20 -14 -18 -5 22 -9 -6
right_child=2 4 14 17 23 6 -8 21 9 -11 -12 -13 18 -15 16 -17 19 -19 -20 -21 -22 -23 -24 -25
leaf_value=0.0034142080909833478 -0.0018238626437231107 -0.0069694025659308087 -0.022521693042726377 0.026969966048062333 0.02880448770385996 -0.0084554436352011052 0.01435801335745786 0.019241013215414788 -0.028186183255858518 0.0026336196643373558 0.024255138085198205 0.0086515421336931207 0.01940753673885233 0.012452969992022812 0.027808263766078076 0.043064315251573532 -0.02735369731792188 0 0.0052711496828752053 -0.0065447487748468997 0.0082102171051328457 0.027382744091723435 0.01182643743695001 0.014490280453418805
leaf_weight=336.53787836432457 1364.2989272363484 67.001898899674416 7.2537231706082812 58.154814869165421 50.502621918916702 44.837606161832809 178.01529318839312 364.68728746473789 29.208966627717018 245.21469694375992 25.290938995778561 1612.2878982871771 256.90621590614319 429.91760739684105 5.7411859184503546 8.1907206885516626 68.882403306663036 24.3718521296978 56.031002193689346 28.17133454233408 35.61053529381752 75.320917129516602 200.15501952171326 53.397110506892204
leaf_count=723 6154 215 103 126 70 200 496 598 94 645 86 3812 413 786 35 67 949 78 110 246 99 106 366 95
internal_value=0.0070807 0.0103833 0.000313319 0.00132781 0.00757502 0.000203558 0.00960018 0.0137135 0.00676305 -0.000718434 -0.00129348 0.00800289 0.0110553 0.00854245 -0.0140607 0.0114906 -0.0183319 0.0161641 0.0170212 -0.0218705 0.0204788 0.0181005 0.0167175 0.0221439
internal_weight=5625.99 3777.17 1848.82 1730.58 2057.61 1612.44 222.853 1719.56 1953.71 274.424 1389.59 1679.29 1079.39 766.455 118.239 15.4444 102.795 118.137 312.937 97.0537 93.7654 640.163 564.842 103.9
internal_count=16672 8033 8639 7239 4931 6936 696 3102 4766 739 6240 4027 2032 1509 1400 170 1230 303 523 1195 225 1070 964 165
is_linear=0
shrinkage=0.03


Tree=67
num_leaves=28
num_cat=0
split_feature=25 17 3 22 10 11 3 0 22 7 12 0 14 11 3 16 10 0 22 23 23 10 23 11 18 25 17
split_gain=74.7684 42.2812 26.5324 26.1063 20.745 20.5924 19.3228 15.1317 14.8337 15.3999 14.667 15.1665 14.4994 18.1558 15.7568 13.4793 11.9502 11.0421 9.59783 7.44513 6.86021 10.1957 9.67104 8.59186 5.27794 4.25136 4.19002
threshold=0.81153121273895168 9.5000000000000018 0.46850819014078926 0.35072557862177461 2.5000000000000004 1.6500000000000001 0.29532778572271151 39973.000000000007 0.34378237523392696 41973.200000000004 38.500000000000007 8543.0000000000018 1.0000000180025095e-35 2.6500000000000008 0.44756110918304076 0.41034270548867269 1.0000000180025095e-35 21748.000000000004 0.11764632720695004 0.4000000000000003 1.4348484848484853 1.0000000180025095e-35 0.98333333333333328 2.6500000000000008 15.016666666666667 0.93774760567714155 3.5000000000000004
decision_type=2 2 2 2 2 2 2 2 2 2 2 2 2 2 2 2 2 2 2 2 2 2 2 2 2 2 2
left_child=1 2 4 12 5 -1 8 17 10 -10 18 -12 14 -14 -3 -11 19 -4 -2 -5 22 26 23 -8 -24 -23 -22
right_child=6 3 7 16 -6 -7 20 -9 9 15 11 -13 13 -15 -16 -17 -18 -19 -20 -21 21 25 24 -25 -26 -27 -28
leaf_value=0.0060022921427554787 0 0.019989502001181825 0.0065379543864597127 -0.018628063630328439 0.027964079402515957 0.00076685109650358218 0.024346670338100056 -0.00991780739011398 -0.018557882837014494 0.024681653159057262 0.013741909339142438 0 0.016299564834672042 -0.018062683012496989 0.00052009308462948334 0.0017965952891125768 0.012791438750606758 0.016204106124520248 0.017208429732106498 0.0034187488190403907 0.0059998647931017541 0.032148976799514513 -0.0063300827442287636 0.0074169177565113504 0.011259086055003262 0.018039617450718193 0.017632095873553001
leaf_weight=995.18165245652199 32.433211967349052 339.29863040149212 228.33526840433478 35.554951429367065 27.17903258651495 2154.6820192225277 64.223100934177637 28.580263800919056 24.676437310874462 26.691429942846298 141.40119338408113 154.29490846395493 28.589610993862152 23.184822805225849 45.713376693427563 142.61556428670883 26.746123157441616 233.98408581316471 367.03804479911923 17.711316011846066 46.481132555752993 79.626065462827682 31.749156683683395 60.91671884059906 25.3568005412817 57.096229396760464 175.7188466489315
leaf_count=3280 81 735 656 135 60 7630 118 97 80 48 311 405 65 80 118 381 68 585 765 42 108 118 88 144 50 101 323
internal_value=0.00688531 0.00484581 0.00369808 0.0128883 0.00267854 0.00243324 0.0128163 0.0101979 0.00997476 0.00241301 0.0120288 0.00671664 0.0157728 0.000254617 0.01777 0.00582561 -0.00249333 0.0115434 0.0158332 -0.0108961 0.0173759 0.0199619 0.0119587 0.0165877 0.00108919 0.0268181 0.0154078
internal_weight=5615.06 4184.74 3667.94 516.799 3177.04 3149.86 1430.32 490.9 889.151 193.983 695.167 295.696 436.786 51.7744 385.012 169.307 80.0124 462.319 399.471 53.2663 541.168 358.922 182.246 125.14 57.106 136.722 222.2
internal_count=16672 13551 12308 1243 10970 10910 3121 1338 2071 509 1562 716 998 145 853 429 245 1241 846 177 1050 650 400 262 138 219 431
is_linear=0
shrinkage=0.03


Tree=68
num_leaves=28
num_cat=0
split_feature=15 15 10 7 15 22 26 25 11 23 23 22 14 3 10 12 25 7 11 0 22 22 23 13 23 15 22
split_gain=132.083 36.6533 40.9041 29.6538 28.2602 27.7464 27.735 26.3444 34.3114 23.3073 19.9886 19.7359 17.1753 15.4894 16.9262 15.0814 10.1858 10.9911 8.59179 8.46771 7.90772 7.75198 5.72672 5.30669 4.59367 3.47519 1.16862
threshold=0.36037924535559068 0.67744913265894857 1.0000000180025095e-35 82821.135000000009 0.027135659063810148 0.3087084972999472 2.5000000000000004 0.42420862340859272 2.2500000000000004 2.4763888888888892 2.9775000000000005 0.40187944583281437 1.0000000180025095e-35 0.46850819014078926 1.0000000180025095e-35 39.500000000000007 0.32774337474518256 75281.590000000011 5.9500000000000011 6001.5000000000009 0.32548532666610247 0.37066337746949996 0.79999999999999993 1.0000000180025095e-35 2.9775000000000005 0.23404746336397556 0.21737836560477156
decision_type=2 2 2 2 2 2 2 2 2 2 2 2 2 2 2 2 2 2 2 2 2 2 2 2 2 2 2
left_child=4 2 3 10 20 -5 7 11 -9 13 -2 -3 19 14 -6 -14 18 -18 -8 -4 22 -15 26 24 -11 -25 -1
right_child=1 6 12 5 9 -7 16 8 -10 23 -12 -13 15 21 -16 -17 17 -19 -20 -21 -22 -23 -24 25 -26 -27 -28
leaf_value=0.007439219642203683 0.0021799192975656069 -0.0093970651269616769 0.023763311398878627 -0.020555914728039405 0.0061421910204897592 0.0037399376337409907 -0.014289107945819423 0.013153593405900291 -0.0038351616596515939 0.0044298442427162573 0.025751618101444652 0.024825235764527602 -0.01696949726539709 0.012830433840219736 0.01208308104728377 0.012474639883325539 -0.033161617971219665 0 0.014730420505794256 0.011161462415006311 0.0091780029590022121 0.026847401828622063 0.026148259105655419 0.024587980938410251 0.016943469822167774 0.011463917269316046 0.018322529878878752
leaf_weight=33.809633135795593 975.19107916206121 318.05330943316221 61.185967892408371 99.318464577198029 1484.334651529789 68.604462526738644 27.849946852773428 185.07698706164956 244.48775347694755 51.099644958972931 31.866668820381165 13.595657721161841 33.377155914902687 274.41987504065037 640.73771630227566 25.329066619277 44.569573543965816 11.935470435768364 10.60941121727228 418.622035138309 62.469526067376137 48.118460819125175 157.07071378827095 126.93572649359703 86.174672424793243 39.039325386285782 37.751509860157967
leaf_count=64 3046 2302 173 433 3224 236 194 924 1406 104 55 87 123 508 1275 70 306 69 69 1113 118 71 235 190 146 71 60
internal_value=0.00668791 0.00166427 0.00420318 0.00103118 0.0109179 -0.0105262 -0.00337993 -0.00140849 0.00344193 0.00994155 0.0030051 -0.00776384 0.0110392 0.00893111 0.00795723 -0.00377906 -0.0185181 -0.0265757 -0.00520985 0.0129227 0.0199107 0.0151666 0.0226082 0.0178868 0.0126312 0.0218529 0.0139305
internal_weight=5611.63 2569.67 1713.49 1174.98 3041.96 167.923 856.178 761.214 429.565 2750.86 1007.06 331.649 538.514 2447.61 2125.07 58.7062 94.9644 56.505 38.4594 479.808 291.101 322.538 228.632 303.249 137.274 165.975 71.5611
internal_count=16672 10606 5249 3770 6066 669 5357 4719 2330 5589 3101 2389 1479 5078 4499 193 638 375 263 1286 477 579 359 511 250 261 124
is_linear=0
shrinkage=0.03


Tree=69
num_leaves=24
num_cat=0
split_feature=15 8 15 15 18 24 10 17 23 25 19 18 7 21 19 19 15 12 0 24 18 25 8
split_gain=125.131 39.3414 37.0875 27.4296 24.6174 36.3545 26.4367 24.1468 22.5995 19.9648 26.6766 18.4643 19.5977 17.6513 15.7327 29.6024 13.4745 6.84041 7.80194 4.71262 6.98361 4.52801 2.09032
threshold=0.36037924535559068 28.985000000000003 0.90345782530097318 0.027135659063810148 1.5166666666666668 11.500000000000002 1.0000000180025095e-35 9.5000000000000018 1.7894444444444446 0.79739605369437294 12.950000000000001 0.083333333333333343 23352.480000000003 7261.4100000000008 2.4500000000000006 4.1500000000000012 0.33103196276779884 48.500000000000007 18962.000000000004 10.500000000000002 4.8166666666666673 0.8940920804646334 15.445000000000002
decision_type=2 2 2 2 2 2 2 2 2 2 2 2 2 2 2 2 2 2 2 2 2 2 2
left_child=3 2 4 19 5 -2 -6 9 14 10 -5 -4 -13 -10 -3 -16 -11 18 -9 20 -1 -15 -22
right_child=1 8 11 7 6 -7 -8 17 13 16 -12 12 -14 21 15 -17 -18 -19 -20 -21 22 -23 -24
leaf_value=0.010596845267920863 -0.0098824210598704183 0.023415433071312598 0.022334648231882265 0.0078305543332387473 -0.00076532013761514562 0.01930155033884955 0.00845831877625834 0.016089547840515396 0.03126180168811804 0.013653276187047371 -0.0062710516407491496 0.019965317602636392 -0.02675998480602728 0.013306640673139327 -0.016034224463615205 0.0058158653113004818 -0.0045651035380242086 0.0053024446096989926 0.029787525084385001 0.010421119449303349 0.014087292708511678 -0.0027052586362102974 0.026807688914948516
leaf_weight=53.774632707238197 336.08315835148096 37.915304623544216 6.7916192561388007 1550.7035343199968 872.55952470377088 40.880948469042778 406.1002679541707 219.99678592383862 56.294051818549633 708.76126731932163 127.0630250275135 6.7345499135553828 83.41614156588912 34.875745706260204 58.939693074673414 605.73389361053705 35.04748560488224 44.720198974013329 58.343370795249939 59.63535712659359 33.034049585461617 22.344817698001862 141.66437296569347
leaf_count=97 1635 110 77 3375 3552 159 1449 380 107 1275 307 39 1105 85 256 1973 87 89 76 111 57 59 212
internal_value=0.00650368 0.00161567 -0.000903856 0.0106301 0.00014425 -0.00655316 0.0021493 0.00967049 0.00705195 0.00860475 0.00673854 -0.0187482 -0.0225863 0.0194539 0.0049561 0.00379103 0.0127447 0.0174646 0.0192598 0.0195382 0.0216766 0.00666717 0.0247588
internal_weight=5601.41 2568.67 1752.57 3032.74 1655.62 376.964 1278.66 2744.64 816.104 2421.58 1677.77 96.9423 90.1507 113.515 702.589 664.674 743.809 323.06 278.34 288.108 228.473 57.2206 174.698
internal_count=16672 10606 8016 6066 6795 1794 5001 5589 2590 5044 3682 1221 1144 251 2339 2229 1362 545 456 477 366 144 269
is_linear=0
shrinkage=0.03


Tree=70
num_leaves=26
num_cat=0
split_feature=15 3 8 8 18 25 15 21 9 8 7 22 22 19 21 8 16 9 15 3 19 25 22 3 18
split_gain=126.156 48.0606 42.8098 38.7994 38.0789 36.9868 27.831 23.9377 22.8175 22.2325 17.8979 27.2162 26.9631 17.5472 17.5213 19.2241 19.2823 13.2998 13.0272 11.6997 11.5854 9.78348 8.33553 7.9808 6.73688
threshold=0.19731528135697529 0.33108423235751455 10.395000000000001 39.790000000000006 3.1166666666666671 0.95574829801146211 0.79704988653409747 18941.160000000003 7.5000000000000009 5.3050000000000006 41766.060000000005 0.24401805966615706 0.24070551056402939 4.5500000000000007 7349.8550000000005 27.045000000000005 0.1626793338205316 12.500000000000002 0.17310281164660182 0.21230177102716577 6.1500000000000012 0.10648486480249242 0.28386949038652332 0.22282197488633512 2.4833333333333338
decision_type=2 2 2 2 2 2 2 2 2 2 2 2 2 2 2 2 2 2 2 2 2 2 2 2 2
left_child=4 3 7 5 14 6 -2 13 24 -6 12 -12 -4 -3 15 16 -1 20 21 -7 -11 -16 -10 -19 -5
right_child=1 2 10 8 9 19 -8 -9 22 17 11 -13 -14 -15 18 -17 -18 23 -20 -21 -22 -23 -24 -25 -26
leaf_value=0.012585237278512561 0.00028353659403401553 0.0063820509983373575 0.013227121242349222 0.03642348164760207 -0.006907759239363714 0.022530032877352769 -0.0098665449019329481 0.012461465479658037 0.010107072544813321 0 0.0046193670308435414 0.020723322034847783 0.00047771936053292864 -0.031670467468285265 0.023127699073753089 0.012434848331093646 -0.013253612235948915 -0.0064074666424289543 -0.0067622980328469274 0 0.017084340480148504 0.0086102525843801576 -0.0099488522238099421 0.012129661450487562 0.016071632306045299
leaf_weight=30.770834669470787 2113.090628631413 11.913289710879324 284.85482507571578 35.773001417517662 36.900199428200722 80.791052378714085 272.07141456753016 21.425163976848125 48.947433948516846 35.204235166311264 158.08379696309566 261.04470712691545 322.26967746764421 44.020761381834745 61.575082838535309 60.536064803600311 112.71257171034813 36.060075551271439 32.307362928986549 30.467944450676441 1217.6901562660933 175.99411259591579 26.501864269375801 41.870686069130898 47.444845661520958
leaf_count=58 7039 59 753 66 89 165 2430 82 122 77 460 662 986 241 95 110 306 85 84 79 2071 342 90 75 104
internal_value=0.00621236 0.00304707 0.00830583 0.000845324 0.012646 -6.23401e-05 -0.000868995 -0.0128125 0.015136 0.0151957 0.00994874 0.0147714 0.00653261 -0.0231074 0.00519152 -0.00131202 -0.00740928 0.0158405 0.0101918 0.0166758 0.0165945 0.0126599 0.00260001 0.00323115 0.0258219
internal_weight=5600.32 3758.7 1103.61 2655.09 1841.62 2496.42 2385.16 77.3592 158.667 1367.73 1026.25 419.129 607.125 55.9341 473.896 204.019 143.483 1330.83 269.877 111.259 1252.89 237.569 75.4493 77.9308 83.2178
internal_count=16730 13338 3243 10095 3392 9713 9469 382 382 2397 2861 1122 1739 300 995 474 364 2308 521 244 2148 437 212 160 170
is_linear=0
shrinkage=0.03


Tree=71
num_leaves=28
num_cat=0
split_feature=6 3 25 6 10 25 3 3 25 7 7 22 2 7 2 13 3 27 6 10 9 6 2 13 7 22 0
split_gain=119.914 45.189 35.0172 31.5883 27.6262 22.8496 16.9947 16.7807 15.6906 24.7261 20.0439 19.925 17.3432 17.2961 11.7878 13.6337 9.02262 7.5629 13.7599 9.58413 6.9923 6.83026 5.69956 5.07529 4.55512 5.94658 1.37908
threshold=623.50000000000011 0.33108423235751455 0.95574829801146211 778.50000000000011 1.0000000180025095e-35 0.79022270087311053 0.17892936278559357 0.08469276365577004 0.18398784568637258 50425.755000000012 23352.480000000003 0.14778217389130291 11.225000000000003 41087.790000000008 16.455000000000002 1.0000000180025095e-35 0.21404127035293227 1.0000000180025095e-35 616.50000000000011 1.0000000180025095e-35 8.5000000000000018 584.50000000000011 15.295000000000002 1.0000000180025095e-35 57058.525000000009 0.32548532666610247 6438.5000000000009
decision_type=2 2 2 2 2 2 2 2 2 2 2 2 2 2 2 2 2 2 2 2 2 2 2 2 2 2 2
left_child=5 2 3 4 -2 6 14 -5 9 12 11 -10 -3 -12 15 -1 20 18 -8 -19 -4 24 23 -23 26 -26 -7
right_child=1 8 16 7 -6 21 17 -9 10 -11 13 -13 -14 -15 -16 -17 -18 19 -20 -21 -22 22 -24 -25 25 -27 -28
leaf_value=-0.0019640120652986413 -0.0015313911853575681 -0.017411666786974065 0.011692505883927293 0.0097218414349594367 0.0053221215463670297 0.012805060472189995 0.016376191073526666 -0.030355927621416326 0.041080711609832447 0.019096561595647051 0.0034873372263565304 0.012532720634407591 0.0055834689805171183 0.012285668774479059 0.020452027265590832 0.008905492423838245 0.0019263217861221159 0.0017927782125888635 0.00028558141325955313 0.017687523612538027 0.030949215847817686 0.010048231237294931 0.00047199780314075137 0.018390504442496371 0.017994764113337135 0.0024984165804422544 0.02426445345035785
leaf_weight=210.89962628483772 1719.0254677645862 68.182929653674364 46.793635684996843 9.5335788875818235 760.99109182879329 30.559831857681274 434.10206460952759 43.215166691690683 32.256213217973709 39.453093431890011 432.45191463083029 85.377846654504538 47.01239039003849 399.40008614957333 38.439641088247299 195.26302967965603 33.00987484306097 121.18596059083939 58.085965186357498 48.95092436671257 40.719171941280365 164.47076070308685 33.598489195108414 167.18665950000286 110.66848503053188 34.571316495537758 183.78928911685944
leaf_count=484 6430 341 109 133 2588 56 739 684 47 115 1298 219 133 1090 60 386 83 255 130 81 68 304 71 273 191 72 290
internal_value=0.00604135 0.00295976 0.000822823 5.31597e-05 0.000562111 0.012336 0.00952862 -0.022474 0.00805704 -0.000617504 0.00949977 0.0211675 -0.007836 0.00776702 0.00484919 0.00320604 0.0164874 0.0126006 0.0145468 0.00669259 0.021479 0.0165438 0.0132359 0.0144285 0.0197291 0.014594 0.0229028
internal_weight=5589.19 3757.42 2653.29 2532.77 2480.02 1831.77 1106.93 52.7487 1104.13 154.648 949.486 117.634 115.195 831.852 444.602 406.163 120.523 662.325 492.188 170.137 87.5128 724.845 365.256 331.657 359.589 145.24 214.349
internal_count=16730 13338 10095 9835 9018 3392 2135 817 3243 589 2654 266 474 2388 930 870 260 1205 869 336 177 1257 648 577 609 263 346
is_linear=0
shrinkage=0.03


Tree=72
num_leaves=26
num_cat=0
split_feature=6 3 8 8 0 18 6 9 26 9 12 16 8 3 8 9 19 9 13 6 12 3 18 8 3
split_gain=114.136 42.5579 40.1222 36.6645 36.5582 36.0188 34.1812 36.0558 23.9684 21.5084 16.4083 22.6005 14.3549 13.6445 22.8534 24.9365 10.9867 10.2423 9.23429 8.98155 8.95255 8.84157 8.72889 7.81039 6.60204
threshold=623.50000000000011 0.33108423235751455 10.395000000000001 39.790000000000006 25013.500000000004 4.4166666666666679 689.50000000000011 13.500000000000002 1.0000000180025095e-35 7.5000000000000009 61.500000000000007 0.28364552482787803 5.3050000000000006 0.18749219806542769 21.975000000000005 6.5000000000000009 4.5500000000000007 12.500000000000002 1.0000000180025095e-35 617.50000000000011 37.500000000000007 0.14099696501274142 1.6000000000000003 43.995000000000012 0.22282197488633512
decision_type=2 2 2 2 2 2 2 2 2 2 2 2 2 2 2 2 2 2 2 2 2 2 2 2 2
left_child=5 3 4 6 16 13 7 -2 -8 20 11 -4 -7 14 15 -1 -3 18 -14 22 -5 -16 -15 -11 -19
right_child=1 2 10 9 -6 12 8 -9 -10 23 -12 -13 17 19 21 -17 -18 24 -20 -21 -22 -23 -24 -25 -26
leaf_value=0.0076735184978243675 0.0015530271621654692 0 0.0048288188640092811 0.010273863273975588 0.015581188189093471 -0.0032009058848306176 -0.012160049420771517 0.023294314329787354 -0.0014759775175902459 -0.0056004627065331068 0.032955943057901491 0.014104124928868594 0.013315000196883444 0.018024779919733058 0.01381342448169332 -0.017656683154033202 -0.033790410804582033 -0.0060324531780176866 0.019290696883581506 -0.0026293200497931888 0.033014472178283495 -0.0030832766334679311 0.0071835038043476821 0.013127016730936827 0.012110778813712562
leaf_weight=55.516633793711662 1513.9553770422935 11.21622822806239 586.9523218087852 32.071493864059448 25.022527489811182 34.100925132632256 272.06202709302306 70.293507732450962 637.39634012803435 41.711254827678204 25.118478521704674 415.34200382605195 546.26995791494846 125.7778963893652 106.77154703438282 83.931725338101387 40.832875546067953 30.09579561650753 550.3725723773241 39.780527293682098 51.226834185421467 33.027973830699921 180.59503182768822 33.628312185406685 36.301450967788696
leaf_count=118 4273 59 1708 79 92 78 1665 151 3624 129 44 1109 984 211 192 241 231 71 908 96 91 76 352 83 65
internal_value=0.00587653 0.00287455 0.00782003 0.000799518 -0.0126614 0.0120382 -8.3341e-05 0.00256476 -0.00472467 0.0146926 0.00940721 0.00872273 0.0151029 0.00609431 0.00102611 -0.00739432 -0.0268682 0.0156699 0.016371 0.0100674 0.0250568 0.00962279 0.0118196 0.00249407 0.00351248
internal_weight=5579.37 3756.83 1104.48 2652.35 77.0716 1822.54 2493.71 1584.25 909.458 158.638 1027.41 1002.29 1197.14 625.401 279.248 139.448 52.0491 1163.04 1096.64 346.153 83.2983 139.8 306.373 75.3396 66.3972
internal_count=16730 13338 3243 10095 382 3392 9713 4424 5289 382 2861 2817 2106 1286 627 359 290 2028 1892 659 170 268 563 212 136
is_linear=0
shrinkage=0.03


Tree=73
num_leaves=24
num_cat=0
split_feature=6 8 25 18 11 11 0 12 10 8 14 6 0 8 25 9 18 19 13 2 7 7 23
split_gain=108.483 38.2365 37.4115 34.9263 33.4637 43.6921 31.5985 32.7053 29.3078 20.5815 15.8597 23.6563 13.5434 21.609 12.7636 12.294 10.9026 10.6949 8.69152 7.44939 6.65808 5.56167 1.65733
threshold=623.50000000000011 6.4450000000000012 0.95574829801146211 3.1166666666666671 3.0500000000000003 1.7500000000000002 13584.000000000002 61.500000000000007 1.0000000180025095e-35 5.3050000000000006 1.0000000180025095e-35 582.50000000000011 8992.5000000000018 22.085000000000004 0.79739605369437294 12.500000000000002 1.6000000000000003 6.1500000000000012 1.0000000180025095e-35 9.8750000000000018 54184.62000000001 48746.560000000005 -0.011111111111111101
decision_type=2 2 2 2 2 2 2 2 2 2 2 2 2 2 2 2 2 2 2 2 2 2 2
left_child=3 4 6 10 5 14 8 -8 -3 -5 12 -12 13 -1 -2 17 -14 -11 -17 -4 -7 -21 -6
right_child=1 2 19 9 22 20 7 -9 -10 15 11 -13 16 -15 -16 18 -18 -19 -20 21 -22 -23 -24
leaf_value=-0.012207880329104852 -0.027728607402004911 -0.0020022093172494368 0.0032610514475811393 -0.0070424217896590431 -0.014163033762684324 0.036373216338977457 0.0054869557590797972 0.036617574424588469 0.0056932843567811826 0 0.010803144538459713 -0.025761772983364534 0.016186853037010191 0.010486737197024058 0.0071898743705738708 0.011114582230960471 0.0034971836096164294 0.016066722403648502 -0.0086276769747051993 0.01186387951592572 0.006184968330973384 0.025618295006208085 -0.034288086809304334
leaf_weight=71.559546634554863 34.372409958392382 1449.9751172289252 36.196013983339071 36.826148018240929 15.15949986129999 18.829323206096888 1321.7767112702131 29.574015289545059 639.76164399832487 35.026499047875404 25.954511344432831 33.462499722838402 147.93015816807747 75.356192961335182 10.100223384797571 45.788342475891113 116.94014781713486 1192.7272839397192 31.443230867385864 65.928431808948517 15.086134463548659 77.743411555886269 40.849117994308472
leaf_count=195 232 5671 105 89 107 64 4183 54 2263 77 47 105 262 142 37 84 244 2071 76 128 81 131 282
internal_value=0.00571437 0.00279162 0.00338386 0.0117421 -0.0127605 0 0.00267093 0.00624352 0.000342573 0.0142189 0.00459524 -0.00946937 0.0067331 -0.000381371 -0.0191846 0.0148517 0.010765 0.0155872 0.0026834 0.0166788 0.0248725 0.0197621 -0.0300342
internal_weight=5568.37 3755.35 3620.96 1813.01 134.397 78.3881 3441.09 1351.35 2089.74 1341.81 471.203 59.417 411.786 146.916 44.4726 1304.99 264.87 1227.75 77.2316 179.868 33.9155 143.672 56.0086
internal_count=16730 13338 12535 3392 803 414 12171 4237 7934 2397 995 152 843 337 269 2308 506 2148 160 364 145 259 389
is_linear=0
shrinkage=0.03


Tree=74
num_leaves=26
num_cat=0
split_feature=6 3 8 8 0 18 6 9 9 25 8 19 21 8 6 12 9 6 19 19 21 12 13 22 0
split_gain=103.093 38.8627 37.248 34.4865 34.3725 33.3172 32.0539 33.8602 20.3789 19.8745 19.5946 15.6741 15.0932 17.0466 16.7751 14.7156 11.7473 11.523 10.5936 10.2314 9.47724 8.37897 8.22329 7.93473 2.86041
threshold=623.50000000000011 0.33108423235751455 10.395000000000001 39.790000000000006 25013.500000000004 3.1166666666666671 689.50000000000011 13.500000000000002 7.5000000000000009 0.039463056271395063 5.3050000000000006 21.150000000000002 7349.8550000000005 27.045000000000005 592.50000000000011 60.500000000000007 12.500000000000002 617.50000000000011 4.5500000000000007 6.1500000000000012 8291.2950000000019 37.500000000000007 1.0000000180025095e-35 0.28386949038652332 17355.500000000004
decision_type=2 2 2 2 2 2 2 2 2 2 2 2 2 2 2 2 2 2 2 2 2 2 2 2 2
left_child=5 3 4 6 18 12 7 -2 21 -8 -7 15 13 14 -1 -4 19 20 -3 -12 -14 -5 -18 -10 -13
right_child=1 2 11 8 -6 10 9 -9 23 -11 16 24 17 -15 -16 -17 22 -19 -20 -21 -22 -23 -24 -25 -26
leaf_value=0.0030155183966653386 0.0014484963549699179 0 0.0069194892509862934 0.0099293872437951226 0.014833246910669473 -0.0068300813869061451 -0.026406801254565574 0.022498518333858502 0.0096639064297300136 -0.0036743850572967802 0 0.028643914835255458 0.024339336716217547 0.011437393171602337 -0.017025431950765047 0.028696933499819839 0.010839212494333584 -0.006766419787753406 -0.03322854284564284 0.015700346572733594 0.0082399134849775839 0.031984854317208794 -0.0083547409783366663 -0.0099306121558638636 0.014705748566236514
leaf_weight=68.723496362566948 1513.6222645044327 11.194136552512644 902.14484209194779 32.060864679515362 25.163262262940407 36.893044114112854 34.709838509559631 70.432114645838737 48.852362729609013 872.79618501663208 35.026499047875404 35.109707348048687 43.032577306032181 59.989666193723679 74.550898313522339 28.110088273882866 45.596796363592148 32.282118782401085 40.125111725181341 1184.1220306009054 191.86860570311546 51.27078352868557 31.559847846627235 26.453358545899391 63.044502764940262
leaf_count=145 4273 59 2634 79 92 89 262 151 122 5027 77 56 65 110 219 54 84 84 231 2071 372 91 76 90 117
internal_value=0.00555443 0.00270975 0.00743393 0.000724756 -0.012375 0.0114507 -0.000131835 0.00243055 0.0141993 -0.00463298 0.0138822 0.0089574 0.00446719 -0.00156405 -0.00729684 0.00766988 0.0145044 0.00914454 -0.0263346 0.0152279 0.0114965 0.0242825 0.00259647 0.00231384 0.0204634
internal_weight=5558.74 3755.09 1104.89 2650.2 76.4825 1803.65 2491.56 1584.05 158.637 907.506 1333.2 1028.41 470.447 203.264 143.274 930.255 1296.31 267.183 51.3192 1219.15 234.901 83.3316 77.1566 75.3057 98.1542
internal_count=16730 13338 3243 10095 382 3392 9713 4424 382 5289 2397 2861 995 474 364 2688 2308 521 290 2148 437 170 160 212 173
is_linear=0
shrinkage=0.03


Tree=75
num_leaves=28
num_cat=0
split_feature=6 6 8 25 26 25 3 7 25 8 11 6 8 7 11 8 3 11 11 3 0 8 9 8 24 23 14
split_gain=91.6141 35.8116 37.0139 26.2774 26.3994 23.7365 18.4501 17.7999 38.1706 21.4319 17.7134 20.3535 15.4364 18.1087 25.3375 15.546 12.5262 13.8638 11.1136 9.67843 7.59353 7.00385 8.9439 4.84231 3.63855 5.66945 2.96677
threshold=633.50000000000011 778.50000000000011 18.485000000000003 0.12929343436286014 1.0000000180025095e-35 0.79022270087311053 0.12815868571877204 34952.275000000009 0.38018769952690495 39.365000000000002 4.1500000000000012 612.50000000000011 34.935000000000009 29355.180000000004 3.0500000000000003 4.0050000000000008 0.08469276365577004 4.5500000000000007 0.35000000000000003 0.29532778572271151 22017.500000000004 14.505000000000001 7.5000000000000009 33.675000000000004 8.5000000000000018 0.70000000000000051 1.0000000180025095e-35
decision_type=2 2 2 2 2 2 2 2 2 2 2 2 2 2 2 2 2 2 2 2 2 2 2 2 2 2 2
left_child=5 2 3 4 -2 12 -5 8 -4 -9 21 20 13 14 -1 -15 17 -3 -18 -13 -12 22 -7 -20 25 -14 -23
right_child=1 16 7 6 -6 10 -8 9 -10 -11 11 19 24 15 -16 -17 18 -19 23 -21 -22 26 -24 -25 -26 -27 -28
leaf_value=-0.029089564158842601 0.0052533244644134341 -0.018239450850343567 -0.0032402717166866114 -0.0087819747625670838 -0.025161292308258896 0.018575014884715718 0.0017874770728724951 0.0022642840300139463 0.015600305908213458 0.013447256739416578 0.0097667386407250343 -0.014319121947245231 0.003113957054495531 -0.011412601568878649 0.0048892055721112696 0.0080556860732721707 0.011276476968148286 0.042096551112330932 -0.030646711820616051 0.0074667823856610482 0.026108741703724431 0.020305892505771809 -0.00080266556341637078 -0.004665389647859273 0.024851767989641761 0.020550434298694503 0.01104586088211745
leaf_weight=28.213063791394234 34.543261893093586 4.7246438637375814 134.10045459121466 187.44403146952391 79.175539992749691 37.206544801592827 682.59762235730886 1705.5605709552765 319.85991787910461 169.67481078207493 196.02069020271301 43.644258126616478 39.737296849489212 35.282449021935463 52.751741886138916 1073.2643555104733 5.5927095487713805 4.5258078761398792 49.354417733848095 27.092662528157234 32.6561638712883 372.25673568248749 40.844378054141998 11.570067100226877 48.097109943628311 36.529197067022324 59.703358724713326
leaf_count=86 161 78 464 928 454 60 2688 5658 744 394 379 113 81 103 109 2160 66 52 782 51 47 615 90 107 69 56 112
internal_value=0.00515861 0.00208365 0.0025625 -0.00229315 -0.0157322 0.0100455 -0.00047015 0.00462641 0.00997918 0.00330537 0.0141326 0.00807026 0.00748709 0.00637452 -0.00700529 0.00738961 -0.0179956 0.0108494 -0.0226445 -0.00558667 0.0124366 0.0175876 0.00829313 -0.0264945 0.0176219 0.0121605 0.019152
internal_weight=5512.02 3388.72 3312.96 983.76 113.719 2123.3 870.042 2329.2 453.96 1875.24 809.425 299.414 1313.88 1189.51 80.9648 1108.55 75.7676 9.25045 66.5172 70.7369 228.677 510.011 78.0509 60.9245 124.364 76.2665 431.96
internal_count=16707 12576 11491 4231 615 4131 3616 7260 1208 6052 1467 590 2664 2458 195 2263 1085 130 955 164 426 877 150 889 206 137 727
is_linear=0
shrinkage=0.03


Tree=76
num_leaves=28
num_cat=0
split_feature=6 6 17 6 14 7 25 11 11 17 21 11 3 17 19 3 25 11 25 2 2 9 19 22 21 22 7
split_gain=86.9688 34.1301 29.8837 23.2423 25.818 23.0791 31.4821 20.7199 18.4472 18.8169 18.336 25.8517 18.5558 16.5875 12.82 12.1424 13.3603 10.8697 10.8097 10.3104 9.39392 8.12229 9.64012 7.17525 6.06812 3.31386 2.19011
threshold=633.50000000000011 778.50000000000011 5.5000000000000009 584.50000000000011 1.0000000180025095e-35 32620.715000000004 0.40393861302357786 10.65 12.550000000000002 6.5000000000000009 8337.6400000000012 1.6500000000000001 0.555814153305487 2.5000000000000004 7.1500000000000012 0.08469276365577004 0.35087887995692146 0.35000000000000003 0.78693411285049442 13.065000000000003 11.375000000000002 7.5000000000000009 5.5500000000000007 0.36643683670790089 6233.6450000000013 0.39244965000707671 66146.110000000015
decision_type=2 2 2 2 2 2 2 2 2 2 2 2 2 2 2 2 2 2 2 2 2 2 2 2 2 2 2
left_child=3 2 10 18 8 6 -4 -7 13 -10 11 -2 -12 -5 19 16 -3 -17 21 -6 -16 22 -1 26 -23 -19 -20
right_child=1 15 5 4 14 7 -8 -9 9 -11 12 -13 -14 -15 20 17 -18 25 23 -21 -22 24 -24 -25 -26 -27 -28
leaf_value=0.016238085261201476 0.0038552628650795964 0.040651439923824806 -0.0019662260247122988 0.0018679670614702951 -0.030854967606659015 0.0044531071372855419 0.018544162266480788 -0.0079302575608427711 -0.025280866361861633 0.0081047437821649519 0.0046389841266145241 -0.0084465284559077109 -0.0085160236005733438 0.011446173430045314 0.015654886484221135 0.010952877554694344 -0.018354343115387126 -0.028406340550154462 0.021716596821898443 -0.001693961420077116 -0.0030575381194078146 0.0055997258125451022 7.4018941683913811e-05 0.0048304673452452132 0.017672185662279179 0 0.013571941977932517
leaf_weight=46.638442322611809 225.38801212236285 4.6706283427774888 92.622977994382381 206.06333115696907 21.563330352306366 1476.334606282413 219.67391504347324 129.09254822134972 26.168749496340752 29.591557413339615 598.85776287689805 458.87209423258901 111.83079636096954 964.15321242809296 30.207188069820404 5.6435109265148631 4.6666360199451447 54.530907433480024 225.11824904382229 25.179689690470695 90.26922120153904 63.808277681469917 116.82601028680801 39.469668954610825 151.62954695522785 5.083119321614503 78.152329832315445
leaf_count=78 944 62 312 480 73 4518 464 469 79 57 2222 2159 403 1810 52 66 68 817 380 63 207 126 249 81 250 72 146
internal_value=0.00501529 0.00202165 0.00248596 0.00978949 0.00746155 0.00491648 0.0123918 0.00343007 0.00897519 -0.00737685 -0.000836212 -0.00435131 0.00250879 0.00979121 -0.00343344 -0.0177325 0.0104795 -0.0224068 0.0142093 -0.0164759 0.00156833 0.0104281 0.00500767 0.0182177 0.0143189 -0.0263048 0.0198187
internal_weight=5502.11 3387.27 3312.67 2114.84 1393.2 1917.72 312.297 1605.43 1225.98 55.7603 1394.95 684.26 710.689 1170.22 167.219 74.5948 9.33726 65.2575 721.643 46.743 120.476 378.902 163.464 342.74 215.438 59.614 303.271
internal_count=16707 12576 11491 4131 2821 5763 776 4987 2426 136 5728 3103 2625 2290 395 1085 130 955 1310 136 259 703 327 607 376 889 526
is_linear=0
shrinkage=0.03


Tree=77
num_leaves=28
num_cat=0
split_feature=6 6 17 12 23 6 14 7 11 17 21 11 19 17 19 25 16 11 0 7 9 0 27 22 0 0 22
split_gain=82.5511 32.4877 28.1023 23.8066 24.6223 22.4147 24.4418 20.1692 17.435 17.73 17.263 24.4334 17.5717 15.9625 12.1448 10.5042 9.96386 9.00714 10.2391 14.243 7.7273 9.17908 8.309 6.91798 6.18569 4.01773 3.59548
threshold=633.50000000000011 778.50000000000011 5.5000000000000009 21.500000000000004 -0.12999999999999989 584.50000000000011 1.0000000180025095e-35 32320.030000000002 12.550000000000002 6.5000000000000009 8337.6400000000012 1.6500000000000001 6.2500000000000009 9.5000000000000018 7.1500000000000012 0.78693411285049442 0.47561444670948888 0.25000000000000006 6666.0000000000009 66967.805000000008 7.5000000000000009 6939.5000000000009 1.0000000180025095e-35 0.36643683670790089 14893.500000000002 7522.5000000000009 0.39244965000707671
decision_type=2 2 2 2 2 2 2 2 2 2 2 2 2 2 2 2 2 2 2 2 2 2 2 2 2 2 2
left_child=5 2 10 4 -4 15 8 -5 13 -10 11 -2 -12 -7 16 20 -8 -3 19 -19 21 -1 -22 25 -16 -17 -20
right_child=1 17 3 7 -6 6 14 -9 9 -11 12 -13 -14 -15 24 23 -18 18 26 -21 22 -23 -24 -25 -26 -27 -28
leaf_value=0.01736359394813989 0.003734954510336451 0.013753111862393662 -0.0076696918856546037 0.011174397508461298 0.021222868024694096 0.0081679903098561771 -0.0026191429062248878 0.0022930242270379408 -0.02448463487510116 0.0078935388704903832 -0.0045757529735654589 -0.0082237181230674465 0.0055781295475983809 0.019293485228615827 0.0057637895428486749 0.011814535952812479 -0.03156591064046279 -0.021738865279293248 -0.028082569108847735 0.034655352339497923 0.017285409102945085 0.00060080348273701314 0.0025516369109515416 0.0047048636730121574 -0.0091910304271487237 0.021689549129726343 0
leaf_weight=38.280299291014671 225.72781751677394 5.1715892218053332 30.1744254976511 274.8856493756175 133.70221764594316 1030.4216653704643 27.371889889240265 1479.7442191466689 26.272568136453629 29.526345908641815 217.33080774173141 457.24471328034997 493.99603130668402 136.52004215121269 88.926548764109612 73.376702874898911 19.381085559725761 6.8435276187956315 51.438454372808337 5.2424380220472813 163.33305151760578 124.93196795880795 50.840735748410225 39.36271233856678 31.496933579444885 226.31831666827202 4.7601338401436797
leaf_count=63 944 57 108 689 319 2070 68 4647 79 57 957 2159 1668 220 181 143 68 111 787 62 272 264 104 81 78 383 68
internal_value=0.00487503 0.00196104 0.00241097 0.00476693 0.0156937 0.00953914 0.00725354 0.00371262 0.00872998 -0.00715219 -0.000811445 -0.00422812 0.00242964 0.009526 -0.00334345 0.013899 -0.0160368 -0.0174592 -0.020574 0.0020404 0.01017 0.00487659 0.0139826 0.0178775 0.00152103 0.0194656 -0.0258559
internal_weight=5492.62 3386.26 3312.81 1918.51 163.877 2106.36 1389.92 1754.63 1222.74 55.7989 1394.3 682.973 711.327 1166.94 167.176 716.444 46.753 73.4561 68.2846 12.086 377.386 163.212 214.174 339.058 120.423 299.695 56.1986
internal_count=16707 12576 11491 5763 427 4131 2821 5336 2426 136 5728 3103 2625 2290 395 1310 136 1085 1028 173 703 327 376 607 259 526 855
is_linear=0
shrinkage=0.03


Tree=78
num_leaves=26
num_cat=0
split_feature=6 8 6 18 25 6 25 23 8 0 11 6 8 16 11 8 16 18 8 9 25 0 11 8 13
split_gain=78.3203 31.5317 27.0178 22.0131 21.8338 21.4996 22.2902 29.5805 20.6641 19.4582 17.1298 18.6705 14.3363 17.0029 23.7992 14.5252 12.6632 10.3818 9.70772 7.4324 7.17959 6.05863 5.40151 4.14761 3.11461
threshold=633.50000000000011 10.935 794.50000000000011 19.850000000000005 0.79022270087311053 645.50000000000011 0.69385360975422139 1.204545454545455 46.660000000000004 25749.000000000004 4.1500000000000012 612.50000000000011 34.935000000000009 0.087234124389399606 3.0500000000000003 4.0050000000000008 0.50630793492057402 21.350000000000001 24.335000000000004 12.500000000000002 0.15273664371706605 20410.000000000004 4.7500000000000009 14.765000000000002 1.0000000180025095e-35
decision_type=2 2 2 2 2 2 2 2 2 2 2 2 2 2 2 2 2 2 2 2 2 2 2 2 2
left_child=4 5 3 8 12 16 9 -8 -3 -7 19 21 13 14 -1 -15 -2 -5 -13 23 22 -12 -4 -6 -14
right_child=1 2 20 17 10 6 7 -9 -10 -11 11 18 24 15 -16 -17 -18 -19 -20 -21 -22 -23 -24 -25 -26
leaf_value=-0.02851340716021428 0.021389169416745742 0.002254477062564951 -0.017735408299786412 0.026436340144386335 0.0098155048817962047 -0.019363265168003817 0.018726528459537158 -0.018901097872854437 0.02426512681560598 0.013596066111473274 0.0089047188044193426 0.0025054681413955674 0.010634352365971879 -0.011417928960637378 0.0043796842656311889 0.0074118625842999426 -0.007967419167140475 0.0082718268790526253 -0.019313901917147581 0.0020089070238139932 -0.029205863840405542 0.023039652245837795 0.021312006753697862 0.019051802400154756 0.022350402669477312
leaf_weight=28.340745657682419 31.805220097303391 2862.7253786884248 4.5214244835078699 45.95592638105154 73.661023736000061 168.1784721519798 43.165094558149576 29.88086848706007 37.262466818094254 15.307613030076025 187.10136127471924 43.32193748652935 64.623129323124886 35.236483335494995 52.50328254699707 1066.7633486688137 18.483956292271614 96.07895652204752 27.184791311621666 34.058769688010216 27.562108036130667 36.552594110369682 4.1868576481938362 390.8822635114193 57.879198879003525
leaf_count=86 71 9909 78 76 139 1167 181 165 76 70 369 90 119 103 109 2160 63 218 74 71 454 57 48 667 87
internal_value=0.00473913 0.00190316 0.0028254 0.00314723 0.00929427 -0.00721075 -0.0107789 0.00284095 0.00256416 -0.0163349 0.0132646 0.00726637 0.00684346 0.00577287 -0.0071992 0.00676301 0.0101333 0.0146428 -0.00579421 0.0167003 -0.022137 0.0115315 0 0.0176999 0.016681
internal_weight=5483.22 3385.11 3078.29 3042.02 2098.11 306.821 256.532 73.046 2899.99 183.486 792.763 294.161 1305.35 1182.84 80.844 1102 50.2892 142.035 70.5067 498.602 36.2704 223.654 8.70828 464.543 122.502
internal_count=16707 12576 10859 10279 4131 1717 1583 346 9985 1237 1467 590 2664 2458 195 2263 134 294 164 877 580 426 126 806 206
is_linear=0
shrinkage=0.03


Tree=79
num_leaves=30
num_cat=0
split_feature=6 8 14 25 10 6 22 6 9 12 18 7 18 25 21 22 6 0 7 21 25 7 22 12 8 7 8 7 23
split_gain=74.7174 36.7338 34.8471 31.5187 26.9673 25.6288 23.7068 22.391 19.8293 19.2286 18.0306 14.71 25.7548 13.7082 12.9691 9.62366 7.79703 12.7984 12.4701 8.41852 7.49714 5.61452 6.87401 8.80788 5.62124 5.09314 5.82286 2.79034 3.39994
threshold=597.50000000000011 16.825000000000003 1.0000000180025095e-35 0.18800723104734798 1.0000000180025095e-35 777.50000000000011 0.1738845296015985 749.50000000000011 9.5000000000000018 30.500000000000004 6.9500000000000002 43232.895000000011 0.68333333333333335 0.78693411285049442 7308.7600000000011 0.11764632720695004 554.50000000000011 9304.5000000000018 40458.030000000006 4376.3400000000011 0.043540136159083052 64781.12000000001 0.29694303700913577 42.500000000000007 16.355000000000004 86055.075000000012 25.885000000000002 63170.795000000006 0.39545454545454567
decision_type=2 2 2 2 2 2 2 2 2 2 2 2 2 2 2 2 2 2 2 2 2 2 2 2 2 2 2 2 2
left_child=13 3 4 11 5 -3 8 14 -4 -6 -8 20 -13 16 -5 -9 27 19 -19 -18 -2 22 24 -24 -15 26 -23 28 -1
right_child=1 2 6 7 9 -7 10 15 -10 -11 -12 12 -14 21 -16 -17 17 18 -20 -21 -22 25 23 -25 -26 -27 -28 -29 -30
leaf_value=0.0022898610729748872 -0.0035037901578963511 0.0041914186274423938 0.014907519606083545 -0.0027668970524176006 0.017247301713858181 -0.021549001261126407 -0.013449894541312254 0.011442287088585782 -0.012238710617682728 0.0072356164222605081 0.0012402888337853797 -0.023771349667121636 0.002828203351245263 0.0089273197308022464 0.0045113999762015373 -0.024473296553700605 0.0080910608979189481 0.020654241137408966 0.0059394810255336021 -0.0063002347136788713 -0.034540709752167567 -0.0063921528786308182 0.0053009256440005818 0.022714881014989394 0.02476916999372801 0.015692994023540015 0.011612453912372922 0.02094245197289997 0.015846084098449054
leaf_weight=36.364054575562477 12.056318160146473 1985.4375158548355 89.288634013384581 365.60421228408813 245.47441958263516 33.126539409160614 192.26226492971182 5.5037374831736079 30.098355457186699 666.36614033952355 116.45030384883285 51.283889327198267 79.885614804923534 33.914865881204605 537.77195900678635 41.21747973933816 58.628256469964981 76.729162082076073 188.26006682217121 89.401906654238701 34.648298924788833 27.700850337743759 79.498234614729881 43.969085693359375 157.09103066474199 64.612840250134468 31.209565013647079 55.828393846750259 44.445230901241302
leaf_count=74 57 5784 248 1388 634 472 784 55 110 1904 317 298 388 66 1714 502 115 119 371 209 198 67 167 69 258 116 60 87 76
internal_value=0.00460727 0.00295105 0.00452602 -0.00171151 0.00569756 0.00373324 -0.00341281 0.00043713 0.00772772 0.00999551 -0.0078397 -0.0132323 -0.00754708 0.0120792 0.00153307 -0.0193307 0.00874769 0.00650772 0.0104354 -0.000368636 -0.0276177 0.0161331 0.0184135 0.0120047 0.0222334 0.00988779 0.0027219 0.0151106 0.0103107
internal_weight=5474.13 4486.48 3358.5 1127.97 2930.4 2018.56 428.1 950.097 119.387 911.841 308.713 177.874 131.17 987.654 903.376 46.7212 549.657 413.019 264.989 148.03 46.7046 437.996 314.473 123.467 191.006 123.523 58.9104 136.638 80.8093
internal_count=16707 14853 10253 4600 8794 6256 1459 3659 358 2538 1101 941 686 1854 3102 557 1051 814 490 324 255 803 560 236 324 243 127 237 150
is_linear=0
shrinkage=0.03


Tree=80
num_leaves=25
num_cat=0
split_feature=6 10 6 2 12 3 6 8 0 8 8 16 19 22 2 16 10 6 2 19 9 16 22 3
split_gain=67.9724 34.2623 31.5283 27.3536 34.4591 24.5858 23.4228 22.8458 22.6174 22.4627 21.9169 18.1114 19.7017 16.5378 14.5507 14.0878 13.8424 12.2698 6.5978 5.05889 4.87304 4.21461 4.06039 1.32247
threshold=681.50000000000011 1.0000000180025095e-35 778.50000000000011 6.1050000000000013 38.500000000000007 0.35390726149925333 564.50000000000011 4.4350000000000014 23539.000000000004 10.755000000000001 41.865000000000002 0.71477749144197866 12.65 0.34671000376804278 10.895000000000001 0.29120350782722421 1.5000000000000002 610.50000000000011 6.2550000000000008 5.5500000000000007 9.5000000000000018 0.6017539136120621 0.35805012604874981 0.097993527198998273
decision_type=2 2 2 2 2 2 2 2 2 2 2 2 2 2 2 2 2 2 2 2 2 2 2 2
left_child=1 6 3 4 21 -4 19 23 10 11 -8 12 -3 14 -11 18 -9 -15 -7 -1 -10 -2 -21 -5
right_child=2 9 5 7 -6 15 8 16 20 13 -12 -13 -14 17 -16 -17 -18 -19 -20 22 -22 -23 -24 -25
leaf_value=0.00041952333362126607 -0.018181034257213895 -0.0055953045111928248 -0.030439242544084581 -0.0051386204093042502 0.043014656822276169 0.01069433440858689 0.0028275602043060862 2.4696096873332251e-05 0.015181571388723046 0.0066584849315411672 0.019149679733764895 -0.020477990221388173 0.021952258870399671 0.014728964581581122 0.016543205520387624 0.036355351927788208 0.012474883367085651 -0.001107275846398174 -0.024539210561531914 0.017265637596877097 0.0044485062688659222 0.0060243986843021508 0.0044451689604580362 -0.030145681841834682
leaf_weight=26.507020428776741 10.69519940018654 52.184851422905922 49.998222719877958 6.5242961831390884 28.366470851004124 5.5503343604505089 2084.3485307097435 1427.7856251932681 198.64834398031235 183.182772397995 75.687884733080864 29.32224377989769 37.9227264970541 64.910836711525917 718.0931793153286 7.1294950954616061 83.486685164272785 119.29902535676956 8.9181253425776941 193.7503412514925 60.282474011182785 9.2155380770564062 34.451129898428917 20.838425815105438
leaf_count=55 70 166 864 61 95 53 5084 6204 379 411 125 109 66 114 1346 64 290 299 108 346 131 51 70 206
internal_value=0.0051465 0.00731915 4.47845e-05 0.00095186 0.0227331 -0.0191322 0.00539824 0.00022034 0.00446111 0.0115407 0.00343055 -0.000561669 0.0058976 0.0128985 0.0145866 0.00613314 0.00074788 0.00441016 -0.00954408 0.0140772 0.012851 -0.00608126 0.0155159 -0.0259609
internal_weight=5537.1 3878.59 1658.51 1586.91 48.2772 71.5962 2673.68 1538.64 2418.97 1204.92 2160.04 119.43 90.1076 1085.49 901.276 21.598 1511.27 184.21 14.4685 254.708 258.931 19.9107 228.201 27.3627
internal_count=16767 8701 8066 6977 216 1089 6190 6761 5719 2511 5209 341 232 2170 1757 225 6494 413 161 471 510 121 416 267
is_linear=0
shrinkage=0.03


Tree=81
num_leaves=23
num_cat=0
split_feature=6 18 6 2 12 23 17 0 18 11 11 7 7 6 6 21 7 7 7 21 21 7
split_gain=64.2136 32.7097 30.1559 25.5634 31.779 24.8512 23.2201 19.3505 16.4967 25.1294 21.4013 14.6198 27.9803 10.3887 8.29884 7.00649 6.65424 4.05144 3.27163 3.08186 5.65396 2.14194
threshold=681.50000000000011 1.0000000180025095e-35 778.50000000000011 6.1050000000000013 38.500000000000007 3.1550000000000007 9.5000000000000018 6768.5000000000009 1.5166666666666668 8.5500000000000025 10.350000000000003 44718.965000000004 42177.000000000007 665.50000000000011 607.50000000000011 5966.6150000000007 27054.895000000004 60459.630000000012 62234.885000000002 9800.6000000000022 6071.4450000000006 54428.960000000006
decision_type=2 2 2 2 2 2 2 2 2 2 2 2 2 2 2 2 2 2 2 2 2 2
left_child=1 14 3 4 17 6 7 -3 9 -5 -10 12 16 -8 -1 -16 -4 -2 -17 20 -7 -21
right_child=2 5 11 8 -6 19 13 -9 10 -11 -12 -13 -14 -15 15 18 -18 -19 -20 21 -22 -23
leaf_value=0.0029299702172263012 -0.01788287599123365 0.00074359238691983174 0.0026948228907811419 -0.009124946837799696 0.041070847435839754 0.019717264959309144 0.015372817654148076 0.0070570792937411208 0.0032206175885795682 0.011917535905624803 -0.010637704957787462 -0.030022115872520176 0.047052375884428302 0.0021293926856307201 -0.0026263254179705263 -0.034752204332350586 -0.027462127183125466 0.0058589747264417864 -0.010180845458078286 0.027610706866672208 0.004916897701335029 0.014363405250325806
leaf_weight=20.871937736868858 10.582379698753359 538.38088853657246 7.2047200165689054 292.13960484787822 28.903931453824043 57.532318919897079 374.46043236553669 2608.7774646729231 1079.5621870607138 58.923795375972986 107.85560417920351 41.152183270081878 5.9039667062461367 69.227474808692932 22.100463271141052 19.313350141048431 16.110447220504284 9.2474358305335027 14.879035517573355 52.143541142344475 51.935060456395149 41.44273279607296
leaf_count=43 70 1400 71 1513 95 101 662 5884 4445 272 531 721 50 155 68 76 247 51 49 77 110 76
internal_value=0.00500213 0.00711693 4.26095e-05 0.000923022 0.0218817 0.00751683 0.00691797 0.00598772 0.000212103 -0.00546062 0.00192084 -0.0188772 -0.00130195 0.0133926 -0.0118589 -0.0177693 -0.0174815 -0.00591442 -0.0260422 0.0177901 0.0131788 0.0224815
internal_weight=5528.65 3871.06 1657.59 1587.21 48.7337 3793.9 3590.85 3147.16 1538.48 351.063 1187.42 70.3713 29.2191 443.688 77.1648 56.2928 23.3152 19.8298 34.1924 203.054 109.467 93.5863
internal_count=16767 8701 8066 6977 216 8465 8101 7284 6761 1785 4976 1089 368 817 236 193 318 121 125 364 211 153
is_linear=0
shrinkage=0.03


Tree=82
num_leaves=23
num_cat=0
split_feature=6 10 6 8 2 12 3 6 0 11 10 8 7 11 23 7 11 3 11 11 6 3
split_gain=60.6058 32.5203 28.8419 24.3559 24.356 28.8283 24.0391 22.6812 24.5838 22.1581 21.4393 22.575 19.1989 14.781 14.4421 12.8187 11.9347 12.144 8.48345 6.76379 5.5638 1.22632
threshold=681.50000000000011 1.0000000180025095e-35 778.50000000000011 4.4350000000000014 6.1050000000000013 38.500000000000007 0.35390726149925333 590.50000000000011 23539.000000000004 8.3500000000000032 2.5000000000000004 10.755000000000001 69417.175000000003 17.650000000000002 1.9707142857142859 42177.000000000007 2.5500000000000003 0.57722516541180957 1.4500000000000002 4.8500000000000005 554.50000000000011 0.10056778035834317
decision_type=2 2 2 2 2 2 2 2 2 2 2 2 2 2 2 2 2 2 2 2 2 2
left_child=1 7 3 21 5 -5 -4 16 9 -9 11 12 -3 -6 -13 19 20 -18 -10 -8 -1 -2
right_child=2 10 6 4 13 -7 15 8 18 -11 -12 14 -14 -15 -16 -17 17 -19 -20 -21 -22 -23
leaf_value=0.021912269005402375 -0.0054899892373045066 0.0045436304799231679 -0.030242140587947143 -0.0050589296101206287 0.0011440629608462931 0.039964345505075549 -0.024341858008396684 0.0037253741949046454 0.0019453161568068504 -0.005871574586711034 0.033430836848371503 0.0096356390660051264 -0.023330698244675395 -0.020799763782717442 0.018401872578310496 0.034486501752696345 0.0039369535351968079 0.023596764540281107 0.016079182296509058 0.011726742034643314 0.011417062972361313 -0.030093427373936769
leaf_weight=89.264395706355572 6.6281867325305965 87.003597870469093 47.65407189540565 19.237119674682617 1485.4202758520842 29.123226396739483 8.7969049811363238 1645.165196955204 55.914572164416313 245.34396331012249 36.844686836004257 815.78904524445534 27.359898239374161 26.057149045169353 231.62156738340855 7.3502484150230876 265.86777487397194 31.065235860645771 175.37916234135628 5.3747069314122191 157.89785622060299 21.045834213495255
leaf_count=147 62 228 864 116 6353 93 111 3995 123 688 49 1723 105 141 406 64 557 49 333 50 298 212
internal_value=0.00486023 0.00691733 4.10459e-05 0.000895625 0.00142429 0.0219693 -0.0186232 0.00504478 0.00361558 0.00245917 0.0110418 0.0102498 -0.00215349 0.000718954 0.0116341 0.00621218 0.0105296 0.00623824 0.0128369 -0.00904891 0.0154733 -0.0259788
internal_weight=5521.2 3864.52 1656.69 1587.51 1559.84 48.3603 69.1759 2665.9 2121.8 1890.51 1198.62 1161.77 114.363 1511.48 1047.41 21.5219 544.095 296.933 231.294 14.1716 247.162 27.674
internal_count=16767 8701 8066 6977 6703 209 1089 6190 5139 4683 2511 2462 333 6494 2129 225 1051 606 456 161 445 274
is_linear=0
shrinkage=0.03


Tree=83
num_leaves=24
num_cat=0
split_feature=15 10 15 0 9 14 3 2 12 10 23 24 17 24 27 17 11 7 9 11 3 7 7
split_gain=57.4301 36.9192 26.9163 23.6568 27.5959 26.1552 23.5591 23.5099 27.9055 21.1276 18.3514 28.1936 17.5279 16.1038 15.0829 18.249 17.6071 11.9663 8.77153 6.55477 6.33168 4.49273 3.89421
threshold=0.54215546751798149 1.0000000180025095e-35 0.93478595330589653 23539.000000000004 6.5000000000000009 1.0000000180025095e-35 0.35390726149925333 6.1050000000000013 38.500000000000007 2.5000000000000004 0.4200000000000001 7.5000000000000009 8.5000000000000018 4.5000000000000009 1.0000000180025095e-35 4.5000000000000009 6.2500000000000009 42177.000000000007 9.5000000000000018 4.8500000000000005 0.700079757224226 48746.560000000005 60459.630000000012
decision_type=2 2 2 2 2 2 2 2 2 2 2 2 2 2 2 2 2 2 2 2 2 2 2
left_child=1 3 7 4 12 -6 -4 8 22 10 11 -3 -1 -12 15 -9 -16 19 20 -8 -5 -20 -2
right_child=2 9 6 18 5 -7 17 14 -10 -11 13 -13 -14 -15 16 -17 -18 -19 21 -21 -22 -23 -24
leaf_value=-0.0039522778506211574 -0.017491491644880286 0.012856588583644081 -0.030133720197758149 0.018532482223739849 0.0071883401228846353 -0.003447538226977459 -0.024135287890255583 -0.007921804202822097 0.038222301572738794 0.032858340642830608 -0.00056091140917416806 -0.0011754344948313137 0.006924959243674241 0.014830241054433219 0.0010167523025297368 0.00066998299821512705 0.015610077772026634 0.032980597856277959 0.010622002141493161 0.011396562344047796 0.0057514253709441141 -0.004529342686330466 0.0058444006411051529
leaf_weight=540.1847298592329 10.432689979672434 248.93782031536102 46.41665692999959 169.76088643819094 1498.8300359025598 236.28203077614307 8.6257437840104121 317.17690216377378 29.649034060537815 37.976948812603951 63.457702189683914 257.03569370508194 173.73061889410019 628.93984073400497 285.12486413121223 716.51098904013634 101.40710169821978 7.5435833223164073 30.556013405323029 5.4217283762991419 56.193848252296448 33.622360751032829 9.2497911900281888
leaf_count=1449 70 536 864 312 3452 625 111 1849 94 51 152 674 364 1206 1273 2853 404 64 59 50 119 85 51
internal_value=0.0047234 0.006627 -0.000181255 0.00465984 0.00367644 0.00572041 -0.0183707 0.000663954 0.0206107 0.0109465 0.0101735 0.00569267 -0.00125146 0.0133789 -3.58166e-05 -0.00194756 0.00498319 0.00605653 0.0127761 -0.00884084 0.0155638 0.00233406 -0.00561366
internal_weight=5513.07 3975.51 1537.56 2739.16 2449.03 1735.11 68.0077 1469.55 49.3315 1236.35 1198.37 505.974 713.915 692.398 1420.22 1033.69 386.532 21.5911 290.133 14.0475 225.955 64.1784 19.6825
internal_count=16767 9084 7683 6465 5890 4077 1089 6594 215 2619 2568 1210 1813 1358 6379 4702 1677 225 575 161 431 144 121
is_linear=0
shrinkage=0.03


Tree=84
num_leaves=24
num_cat=0
split_feature=6 10 6 8 3 6 0 14 2 12 8 10 3 11 12 19 11 3 2 11 19 0 3
split_gain=54.1834 29.0098 26.3574 23.2684 23.0841 21.8316 22.1619 25.5008 21.2879 24.708 20.2005 14.7024 14.4036 14.1455 11.8082 11.5451 11.453 11.6236 11.0246 8.04749 5.73768 1.47852 1.34701
threshold=681.50000000000011 1.0000000180025095e-35 778.50000000000011 4.4350000000000014 0.35390726149925333 590.50000000000011 23539.000000000004 1.0000000180025095e-35 6.1050000000000013 38.500000000000007 10.755000000000001 2.5000000000000004 0.13479964869495389 17.650000000000002 40.500000000000007 10.750000000000002 2.5500000000000003 0.57722516541180957 10.925000000000002 1.4500000000000002 11.350000000000003 17769.500000000004 0.097993527198998273
decision_type=2 2 2 2 2 2 2 2 2 2 2 2 2 2 2 2 2 2 2 2 2 2 2
left_child=1 5 3 22 -4 16 7 -7 9 -5 12 18 -3 -10 21 -14 20 -18 -12 -8 -1 -6 -2
right_child=2 10 4 8 14 6 19 -9 13 -11 11 -13 15 -15 -16 -17 17 -19 -20 -21 -22 -23 -24
leaf_value=0.0089669829829577569 -0.0048418531239003302 -0.019584113901145762 -0.030026147161193006 -0.0047797904534114897 0 0.0036436525685068655 0.0015341728162830894 -0.0065975800632731467 0.0010967886949690708 0.036648589767928876 0.0049079822716664957 0.031932261877765801 -0.0062418044023110396 -0.020461352894295428 0.026506558269420818 0.014408854834921759 0.0037188226887799711 0.023100037930291421 0.012699173206304181 0.01530948346486035 0.019286431009322778 -0.021212763912337489 -0.029894431740868272
leaf_weight=105.98955394327641 6.4518597759306457 27.277013003826141 45.21084775403142 19.108780339360237 4.5147505104541796 1640.6747377961874 55.717020720243454 248.84870383143425 1485.872657943517 30.051215499639511 226.1646683216095 31.632659539580345 43.021836414933205 25.816233292222023 10.938274763524531 48.581266134977341 264.84359166026115 30.505712144076824 814.98431999981403 174.564074203372 138.63232724368572 6.2046184241771698 20.633832298219204
leaf_count=200 61 105 864 116 54 3985 123 698 6353 93 518 41 139 141 85 97 557 49 1611 333 245 86 213
internal_value=0.00458951 0.00653939 3.07816e-05 0.000835828 -0.0181202 0.00476969 0.00337071 0.00227348 0.00134783 0.0204014 0.0104496 0.0117501 -0.00103875 0.000682257 0.00590282 0.00446353 0.0101737 0.00596345 0.0110481 0.0121476 0.0150459 -0.0136251 -0.0257016
internal_weight=5506.24 3851.44 1654.8 1587.93 66.8685 2659.78 2119.8 1889.52 1560.85 49.16 1191.66 1072.78 118.88 1511.69 21.6576 91.6031 539.971 295.349 1041.15 230.281 244.622 10.7194 27.0857
internal_count=16767 8701 8066 6977 1089 6190 5139 4683 6703 209 2511 2170 341 6494 225 236 1051 606 2129 456 445 140 274
is_linear=0
shrinkage=0.03


Tree=85
num_leaves=23
num_cat=0
split_feature=6 6 8 7 19 7 9 6 18 2 8 7 19 7 8 6 12 18 27 18 11 8
split_gain=70.2884 30.1513 30.0533 23.5061 23.4225 25.0262 24.9705 19.9694 19.7775 18.1059 30.5523 15.6424 14.8007 11.4884 9.40803 8.51712 11.601 9.27695 8.23104 6.22837 5.68727 1.30267
threshold=655.50000000000011 775.50000000000011 31.835000000000004 80682.945000000022 9.8500000000000032 44319.470000000008 8.5000000000000018 531.50000000000011 0.083333333333333343 11.405000000000003 15.565000000000003 130058.22500000002 21.250000000000004 23352.480000000003 27.805000000000003 608.50000000000011 47.500000000000007 1.6500000000000004 1.0000000180025095e-35 4.4833333333333352 3.9500000000000006 33.265000000000008
decision_type=2 2 2 2 2 2 2 2 2 2 2 2 2 2 2 2 2 2 2 2 2 2
left_child=2 3 7 4 5 -2 -6 -1 20 11 -11 -5 -10 -3 -15 19 17 -17 -16 -4 -9 -21
right_child=1 13 15 9 6 -7 -8 8 12 10 -12 -13 -14 14 18 16 -18 -19 -20 21 -22 -23
leaf_value=0.019399922095262562 -0.0054504229262186234 0.020615439186008902 0.0078189357262429763 -0.0071035694459210038 0.0015989543585158094 0.0032001099747724446 0.012250617775892455 -0.022269850444270208 0.004634180474596108 -0.0247385929468605 0.010343824706735774 -0.029295370610016046 0.012102798047218106 -0.030074135932151386 -0.016095766655792081 0.024448747529555573 -0.0022971735240690126 0.0095688902816085039 0.016156898419640259 0.012557325828454976 -0.0010016701992500564 0.023299298982324055
leaf_weight=92.532286770641804 505.12549572810531 4.1444610506296149 50.333014279603958 237.16584468260407 470.29182462394238 736.99939933791757 351.02164497971535 25.851778864860535 1928.500152155757 25.733752857893705 109.25139530748129 32.578411284834146 279.85405600816011 42.52591653354466 21.031685091555122 51.36415559053421 51.067039668560028 209.09646546840668 7.7213075794279566 34.935062199831009 24.701666995882988 132.24689850211143
leaf_count=162 2056 33 95 1116 1551 2993 1018 83 4232 149 352 186 534 798 264 79 115 396 73 66 65 217
internal_value=0.00403154 0.000383972 0.0072396 0.000973007 0.00228074 -0.00029673 0.00620651 0.00575516 0.00516629 -0.00559893 0.00317312 -0.0100901 0.00560431 -0.0180314 -0.0211892 0.0137345 0.0102152 0.0127815 -0.00597166 0.0184992 -0.0128821 0.0214069
internal_weight=5424.07 2543.59 2880.48 2468.17 2063.44 1242.12 821.313 2351.44 2258.91 404.729 134.985 269.744 2208.35 75.4234 71.2789 529.043 311.528 260.461 28.753 217.515 50.5534 167.182
internal_count=16633 10589 6044 9421 7618 5049 2569 5076 4914 1803 501 1302 4766 1168 1135 968 590 475 337 378 148 283
is_linear=0
shrinkage=0.03


Tree=86
num_leaves=25
num_cat=0
split_feature=6 6 8 25 8 2 2 7 6 18 25 10 18 21 3 6 12 18 18 2 6 6 8 8
split_gain=66.5009 28.7935 28.7265 22.5921 23.1522 27.7318 24.3118 22.2637 19.1834 18.7255 18.5123 14.6778 14.5618 11.5287 22.2974 8.31446 11.0148 8.78566 6.04825 5.25107 4.98514 4.07135 1.26112 0.00301122
threshold=655.50000000000011 775.50000000000011 31.835000000000004 0.70831570445017122 15.185 10.625000000000002 12.275 79121.635000000024 531.50000000000011 0.083333333333333343 0.74595176737566837 1.0000000180025095e-35 5.8833333333333337 7008.1150000000007 0.21824231508226685 608.50000000000011 47.500000000000007 1.6500000000000004 4.4833333333333352 13.065000000000003 849.50000000000011 786.50000000000011 33.265000000000008 16.715000000000003
decision_type=2 2 2 2 2 2 2 2 2 2 2 2 2 2 2 2 2 2 2 2 2 2 2 2
left_child=2 3 8 4 5 -2 -6 12 23 19 -9 -11 -5 14 21 18 17 -17 -4 -10 -15 -3 -20 -1
right_child=1 13 15 7 6 -7 -8 10 9 11 -12 -13 -14 20 -16 16 -18 -19 22 -21 -22 -23 -24 -25
leaf_value=0.012245221963165102 -0.00024469070169646991 0 0.0076163171276023966 0.022829872748448443 -0.0011190967971694773 -0.018004499686294521 0.0089285282514910864 0.017304643699154947 -0.0029044340679676315 0.0037314890514999824 -0.011824996552621357 0.0090568183688235718 0.0061953685417848884 -0.030538377704511593 0.037746918938880721 0.02384038011723277 -0.0022294300318207319 0.0093146814060361873 0.012286700300232128 -0.023720383838240815 0 -0.026127602414444579 0.022928499619220069 0.021468403301620999
leaf_weight=30.457326233386993 184.91172832623124 9.4035656191408687 50.177473157644272 52.303411856293678 1150.7646710574627 141.14455303549767 264.25824981182814 21.818095378577709 29.961873054504395 1503.5756205543876 99.378361850976944 701.35781599581242 553.26209964603186 39.556514825671911 6.8999213315546504 51.14895111322403 51.10045662522316 208.4238051623106 34.681343138217926 20.603014424443245 3.9055655598640433 14.448473054915665 130.41431155055761 61.019381001591682
leaf_count=56 1074 115 95 162 4564 780 777 65 83 3333 392 1433 1607 639 68 79 115 396 66 65 47 299 217 106
internal_value=0.00391833 0.000370659 0.00704454 0.000942334 -0.000898262 -0.00808697 0.000746099 0.00538332 0.00559376 0.00501849 -0.0061417 0.00544567 0.00775191 -0.0177715 -0.00232873 0.0134159 0.00994245 0.0124521 0.018153 -0.0125366 -0.0274552 -0.0171056 0.0210464 0.0190462
internal_weight=5414.98 2542.06 2872.92 2467.84 1741.08 326.056 1415.02 726.762 2346.98 2255.5 121.196 2204.93 605.566 74.214 30.752 525.946 310.673 259.573 215.273 50.5649 43.4621 23.852 165.096 91.4767
internal_count=16633 10589 6044 9421 7195 1854 5341 2226 5076 4914 457 4766 1769 1168 482 968 590 475 378 148 686 414 283 162
is_linear=0
shrinkage=0.03


Tree=87
num_leaves=25
num_cat=0
split_feature=6 6 8 7 25 18 6 18 11 7 12 19 21 21 8 6 12 18 18 11 11 3 8 8
split_gain=62.8813 27.5339 27.4617 21.4959 25.9912 23.2598 18.4745 17.7327 17.2437 16.2443 15.4183 14.1846 11.3053 21.2918 9.37394 8.11077 10.4586 8.3242 5.87142 5.59918 5.38422 1.97279 1.22057 0.00416341
threshold=655.50000000000011 775.50000000000011 31.835000000000004 80682.945000000022 0.70831570445017122 7.5833333333333339 531.50000000000011 0.083333333333333343 0.35000000000000003 83782.510000000009 25.500000000000004 21.250000000000004 7008.1150000000007 6749.1650000000009 36.82500000000001 608.50000000000011 47.500000000000007 1.6500000000000004 4.4833333333333352 11.65 3.9500000000000006 0.10417483536452068 33.265000000000008 16.715000000000003
decision_type=2 2 2 2 2 2 2 2 2 2 2 2 2 2 2 2 2 2 2 2 2 2 2 2
left_child=2 3 6 4 5 -2 23 20 21 -10 -6 -9 13 14 -3 18 17 -17 -4 -14 -8 -5 -20 -1
right_child=1 12 15 8 10 -7 7 11 9 -11 -12 -13 19 -15 -16 16 -18 -19 22 -21 -22 -23 -24 -25
leaf_value=0.011973942041781928 0.00078409242007432863 -0.022046734845558847 0.0074185637429449265 -0.012066688770195327 -0.0056306003247159377 -0.01782448296255781 -0.021311399997473938 0.0043426498826653103 -0.020124269958679827 -0.0011310206147285768 0.0090610194693684018 0.011682332892708603 -0.030469554171565605 0.048549239846809852 0.017575597813648772 0.023250818220294352 -0.002163727842591316 0.0090667769045901948 0.012020755812638532 0.0013811562884737322 -0.00065639722805226498 -0.037211099598120176 0.022562357219582645 0.021124636948103733
leaf_weight=30.261261284351349 1391.7119861319661 22.239438483491547 50.02523709833622 12.454178400337698 68.922675330191851 61.192454673349857 25.879689380526543 1924.8131343126297 44.980062864720821 331.68748243153095 542.26300118118525 277.23906060308218 39.021527951583266 3.935794895514845 4.4419973380863658 50.926639258861542 51.132800862193108 207.76371152698994 34.433220013976097 3.4458400588482609 24.723014250397682 13.962002635002134 128.6146577373147 60.197082966566086
leaf_count=56 5575 413 95 63 224 254 83 4232 219 1445 1565 534 635 38 31 79 115 396 66 51 65 76 217 106
internal_value=0.00380872 0.000358758 0.00685371 0.00091425 0.00216286 -2.4564e-06 0.00543604 0.00487345 -0.00538463 -0.00357265 0.00734238 0.00529009 -0.0175187 -0.00223809 -0.0136387 0.0131043 0.00967697 0.0121311 0.017812 -0.0272646 -0.0121989 -0.0280959 0.0206905 0.0187131
internal_weight=5406.27 2540.26 2866.01 2467.17 2064.09 1452.9 2343.11 2252.65 403.084 376.668 611.186 2202.05 73.0846 30.6172 26.6814 522.896 309.823 258.69 213.073 42.4674 50.6027 26.4162 163.048 90.4583
internal_count=16633 10589 6044 9421 7618 5829 5076 4914 1803 1664 1789 4766 1168 482 444 968 590 475 378 686 148 139 283 162
is_linear=0
shrinkage=0.03


Tree=88
num_leaves=24
num_cat=0
split_feature=6 8 6 10 18 23 8 6 18 2 10 13 7 8 23 6 12 3 23 18 7 8 8
split_gain=59.5326 26.2384 26.2084 20.7536 24.9178 22.2812 20.4246 17.7839 16.792 14.5192 13.8865 12.7695 10.7203 9.67155 9.44692 7.9065 9.93083 7.94076 6.14167 5.6978 5.26568 1.18093 0.0047371
threshold=655.50000000000011 31.835000000000004 775.50000000000011 1.5000000000000002 19.583333333333336 0.780909090909091 15.185 531.50000000000011 0.083333333333333343 9.9550000000000018 1.0000000180025095e-35 1.0000000180025095e-35 23352.480000000003 27.805000000000003 0.3522727272727274 608.50000000000011 47.500000000000007 0.34065537542208491 1.6522727272727278 4.4833333333333352 54184.62000000001 33.265000000000008 16.715000000000003
decision_type=2 2 2 2 2 2 2 2 2 2 2 2 2 2 2 2 2 2 2 2 2 2 2
left_child=1 7 3 4 6 11 -2 22 20 -6 -10 -5 -4 -14 -15 19 17 -17 -7 -3 -9 -21 -1
right_child=2 15 12 5 9 18 -8 8 10 -11 -12 -13 13 14 -16 16 -18 -19 -20 21 -22 -23 -24
leaf_value=0.011707726091102308 -0.0065569347540782056 0.0072255690248057107 0.019646386787498846 0.0060064759903673765 -0.0033990288269101897 -0.016795131765236174 0.00086653861649176977 -0.00084219570693212602 0.0034720765164062135 0.02112610569150708 0.0086601872967342168 0.028511116650642383 -0.029796827030961939 -0.019594468428050443 0.012929295880051086 0.0078067964385970636 -0.002100002592282059 0.019764876200837132 0.0046757775886186294 0.011759432587140656 -0.0212434645000831 0.022200681883093865 0.020784749673669389
leaf_weight=30.069298058748245 405.81998279318213 49.876278445124626 4.2311869896948329 44.968223914504051 26.723291926085949 21.421240508556366 1814.3545142710209 25.712162479758263 1500.3283578455448 75.794083379209042 698.43674171715975 58.056073442101479 39.862421672791243 16.141796991229061 11.650404643267391 176.46755343675613 51.164110377430916 81.346868604421616 20.02390755712986 34.190622165799141 24.89405120909214 126.84816619753838 59.391027204692364
leaf_count=56 2196 95 33 158 84 81 6552 66 3333 145 1433 154 798 213 124 346 115 129 51 66 82 217 106
internal_value=0.00370101 0.00666922 0.000344664 0.000882787 0.00017884 0.0118386 -0.000481559 0.00528398 0.00473376 0.0145034 0.00514008 0.0192753 -0.017242 -0.0204776 -0.00500093 0.0127993 0.00941851 0.0118184 -0.00599339 0.0174761 -0.0118743 0.0203393 0.0183845
internal_weight=5397.77 2858.73 2539.05 2467.16 2322.69 144.469 2220.17 2338.83 2249.37 102.517 2198.77 103.024 71.8858 67.6546 27.7922 519.894 308.979 257.814 41.4451 210.915 50.6062 161.039 89.4603
internal_count=16633 6044 10589 9421 8977 444 8748 5076 4914 229 4766 312 1168 1135 337 968 590 475 132 378 148 283 162
is_linear=0
shrinkage=0.03


Tree=89
num_leaves=24
num_cat=0
split_feature=6 6 17 18 24 25 25 6 26 10 0 18 24 21 21 18 6 0 6 19 11 9 13
split_gain=56.2682 25.039 22.8713 20.4916 32.9616 20.1002 21.4506 19.3696 18.4601 16.201 17.6861 12.5613 12.5531 11.2544 22.3852 10.3729 8.53565 7.24667 8.44456 8.54006 5.60984 2.16686 0.183526
threshold=655.50000000000011 775.50000000000011 9.5000000000000018 1.5166666666666668 11.500000000000002 0.13429362667794917 0.20660410015769839 531.50000000000011 1.0000000180025095e-35 1.0000000180025095e-35 21748.000000000004 1.0166666666666668 9.5000000000000018 7008.1150000000007 6788.1050000000005 1.9833333333333336 786.50000000000011 19998.000000000004 609.50000000000011 5.3500000000000005 11.65 8.5000000000000018 1.0000000180025095e-35
decision_type=2 2 2 2 2 2 2 2 2 2 2 2 2 2 2 2 2 2 2 2 2 2 2
left_child=2 3 7 4 8 15 -7 22 -2 10 -9 -6 -11 14 16 -5 -3 18 21 -20 -15 -4 -1
right_child=1 13 17 5 11 6 -8 9 -10 12 -12 -13 -14 20 -16 -17 -18 -19 19 -21 -22 -23 -24
leaf_value=0.021886042859699202 -0.016211519671410768 0.0047834703510197911 0.02194588277864136 0.026850414278943458 0.023992407646148132 -0.014039152244504359 0.0023757180337296365 0.0019581828103868559 -0.0031050391748884852 0.011084658991707136 0.010939916296397364 -0.0044608391274431934 0.0025549698041055823 -0.030263820354057735 0.051547558664538064 0.0022452720122915337 -0.026559628874678956 0.024144935882963584 0.019379573729752849 0.0024839932367155958 0.0018040108762033043 0.010464477433410963 0.012952595564487426
leaf_weight=54.848656430840492 136.65123015642166 10.639766514301305 68.054761447012424 42.903216935694218 45.196688558906317 72.274302955716848 1772.0812096074224 1426.3128337413073 352.24982146173716 538.81003668904305 230.52548720687628 16.733228929340839 234.01818358898163 37.385511891916394 3.7108626067638388 28.416542515158653 15.658486096188424 57.633727863430977 35.129714325070381 122.27913038432598 3.3846043832600108 43.566055215895176 40.672910012304783
leaf_count=94 676 120 113 146 156 358 6319 3242 1567 1067 442 77 520 635 33 122 329 89 57 253 51 87 80
internal_value=0.00359819 0.000334984 0.00648867 0.000857612 -0.0042127 0.00233404 0.00170171 0.00549438 -0.00688063 0.00494658 0.00323763 0.0159361 0.00855379 -0.0169884 -0.00169201 0.0177846 -0.0133768 0.0140033 0.0115578 0.00663869 -0.0269404 0.0179918 0.0187335
internal_weight=5389.14 2537.29 2851.85 2466.51 550.831 1915.68 1844.36 2525.19 488.901 2429.67 1656.84 61.9299 772.828 70.7792 30.0091 71.3198 26.2983 326.663 269.03 157.409 40.7701 111.621 95.5216
internal_count=16633 10589 6044 9421 2476 6945 6677 5445 2243 5271 3684 233 1587 1168 482 268 449 599 510 310 686 200 174
is_linear=0
shrinkage=0.03


Tree=90
num_leaves=23
num_cat=0
split_feature=6 19 8 19 11 10 10 7 8 2 6 6 7 19 19 23 12 19 21 19 11 8
split_gain=50.7182 26.3777 25.8967 25.8048 24.9692 22.7929 20.8695 19.6097 25.7446 18.4989 18.2473 13.9861 12.2746 9.73701 12.9113 6.54523 6.89147 10.0368 6.05641 2.81407 3.07296 0.45269
threshold=644.50000000000011 21.050000000000004 46.660000000000004 24.550000000000004 1.6500000000000001 1.5000000000000002 1.5000000000000002 68425.990000000005 17.825000000000003 12.335000000000003 574.50000000000011 730.50000000000011 29036.320000000003 26.250000000000004 30.850000000000005 2.5683333333333338 38.500000000000007 22.850000000000005 8383.2800000000025 27.650000000000002 1.9500000000000002 21.745000000000001
decision_type=2 2 2 2 2 2 2 2 2 2 2 2 2 2 2 2 2 2 2 2 2 2
left_child=1 4 3 5 7 9 10 12 -9 -2 -6 -7 -1 -5 -15 16 21 -18 -8 -17 -21 -3
right_child=2 15 -4 13 6 11 18 8 -10 -11 -12 -13 -14 14 -16 19 17 -19 -20 20 -22 -23
leaf_value=0 -0.0020374271235036059 0.0095410445561661169 0.024658385112304556 0.026078882285010364 0.0094992513815827032 0.014866199786356744 0.0056125959255157619 0.015327511179048903 -0.0086999987143012159 0.0041080269395061047 0.00044515465454337627 -0.0092176483285715798 0.01474421927994677 -0.0035276399946468297 0.021507970436993956 0.024310554729356233 0.015242290040081858 -0.0063173913240820619 0.023972248420789839 0.0044981422759626244 0.018122778141193254 0.017441830407755387
leaf_weight=55.327969282865524 2088.6272621136159 43.676349148154259 38.55334609746933 41.161964945495129 246.02019299566746 131.81322703510523 32.536276772618294 65.455084919929504 96.488922327756882 554.79694868437946 1086.8844529241323 22.879478929564357 448.92829142510891 40.793560467660427 29.158421993255615 72.621015608310699 30.858206301927567 43.814378038048744 51.304867058992386 30.669540986418724 59.663912810385227 65.386410586535931
leaf_count=123 9108 84 78 79 481 323 67 123 236 1664 2452 175 818 111 57 122 56 106 78 67 110 117
internal_value=0.00349276 0.00670184 0.000834837 0.000492098 0.00539358 -6.50687e-05 0.00310303 0.0101959 0.000897045 -0.00073416 0.00215051 0.0110405 0.0131077 0.0145412 0.0067989 0.0143999 0.00997413 0.002366 0.0174937 0.0190268 0.0140196 0.0147767
internal_weight=5377.42 2429.64 2947.78 2909.23 2082.95 2798.12 1416.75 666.2 161.944 2643.42 1332.9 154.693 504.256 111.114 69.952 346.69 183.735 74.6726 83.8411 162.954 90.3335 109.063
internal_count=16635 5040 11595 11517 4378 11270 3078 1300 359 10772 2933 498 941 247 168 662 363 162 145 299 177 201
is_linear=0
shrinkage=0.03


Tree=91
num_leaves=25
num_cat=0
split_feature=2 23 19 10 6 16 17 27 2 16 23 11 3 21 21 3 23 19 22 16 21 23 22 22
split_gain=48.1594 33.6804 30.3925 25.5985 23.798 34.1627 21.4498 23.6029 19.1848 18.701 16.8889 17.3697 14.8874 14.6495 14.1728 11.8178 11.4453 12.3603 10.7916 12.4179 10.6617 8.98685 7.18484 3.20431
threshold=12.365 -0.025000000000000185 24.550000000000004 1.5000000000000002 639.50000000000011 0.78076079849224989 8.5000000000000018 1.5000000000000002 12.685 0.19012269702680876 1.9441558441558444 1.6500000000000001 0.16638118345214384 9981.1900000000005 8559.0800000000017 0.54358499764817669 1.7348484848484851 5.7500000000000009 0.17811099866165545 0.41838147621062355 4798.4950000000008 -0.97999999999999987 0.17702621088682771 0.27394006717909397
decision_type=2 2 2 2 2 2 2 2 2 2 2 2 2 2 2 2 2 2 2 2 2 2 2 2
left_child=2 4 3 6 18 9 7 -1 16 -6 11 -10 -4 -8 20 -12 17 -3 21 -20 -5 -2 -16 -14
right_child=1 8 12 14 5 -7 13 -9 10 -11 15 -13 23 -15 22 -17 -18 -19 19 -21 -22 -23 -24 -25
leaf_value=-0.0024502260277341173 -0.00073409008478079476 0.0045632867118893623 -0.00081250080464290403 0.016133589057019448 -0.026169293006235134 -0.040669807358087305 0.00071514598627565775 0.013316770141015864 0.010825288144289746 0.0016099780205945204 0.010727026792241167 0.0027554402071805983 0.0094943292000012197 0.0096466306917161824 0.028858447098741281 0.02774919597412133 0.0031519718817582163 0.023900847638989885 0.0082026134581478904 -0.0068966600186630908 -0.0060367393918999424 0.017379306094473589 0.010199059851363804 0.024412075971917604
leaf_weight=2066.4527128692716 30.77593220770359 43.207701615989208 37.001249056309462 28.407202476635575 24.327592402696609 24.607626028358936 435.25032318383455 86.688247522339225 365.7294941842556 117.70436735451221 331.47438747435808 740.94494750909507 29.661529198288918 273.13373797759414 42.139822272583842 44.117838837206364 51.757483676075935 152.73940028622746 92.286982104182243 99.780972957611084 50.871799815446138 78.956434160470963 50.380987618118525 71.191838376224041
leaf_count=8351 70 121 105 100 95 123 1398 315 780 362 678 1753 60 740 75 68 118 293 183 248 198 136 138 127
internal_value=0.00339746 0.00681007 0.00101942 0.000378583 -0.000263632 -0.00935949 -0.000289966 -0.00178974 0.0087409 -0.00323715 0.00739412 0.00546411 0.0146987 0.00421858 0.0115619 0.0129423 0.0165561 0.0198775 0.00468846 0.00021359 0.00173974 0.0121085 0.0194459 0.0205863
internal_weight=5369.59 2198.41 3171.18 3033.32 468.44 166.64 2861.53 2153.14 1729.97 142.032 1482.27 1106.67 137.855 708.384 171.8 375.592 247.705 195.947 301.8 192.068 79.279 109.732 92.5208 100.853
internal_count=16635 5028 11607 11315 1217 580 10804 8666 3811 457 3279 2533 292 2138 511 746 532 414 637 431 298 206 213 187
is_linear=0
shrinkage=0.03


Tree=92
num_leaves=16
num_cat=0
split_feature=15 19 8 10 3 7 21 23 7 20 23 5 22 22 15
split_gain=46.6184 28.9684 25.5822 25.7931 25.5062 14.5502 12.099 11.088 15.6719 7.29457 14.6524 6.95123 8.12441 9.56211 6.61819
threshold=0.088272625870225788 21.050000000000004 46.660000000000004 1.5000000000000002 1.2611045552574403 95563.235000000015 8001.3000000000011 -0.1222222222222222 40876.17500000001 7.5000000000000009 1.4763888888888892 1.0000000180025095e-35 0.11014710798613812 0.32735888854482414 0.055925227893380523
decision_type=2 2 2 2 2 2 2 2 2 2 2 2 2 2 2
left_child=7 2 3 4 -2 9 -5 8 -1 10 -3 12 -9 -14 -10
right_child=1 5 -4 6 -6 -7 -8 11 14 -11 -12 -13 13 -15 -16
leaf_value=0.017289364124115345 0.00036370268823970409 -0.0084367281649733433 0.022860397443782942 0.0022107013232365936 0.027764958830518657 -0.0097545153441002171 0.016633963216878572 0 0 0.023143263389069819 0.012146063218933714 0 0.015757231970373521 0.0063673912441995547 -0.018283718042329759
leaf_weight=33.594627171754837 3914.5197458639741 31.990759983658791 47.69227547198534 94.303584391251206 28.862390693277121 27.522655526176095 135.15380778163671 46.918068498373032 44.560389205813408 47.407772459089756 268.10399045422673 46.271379187703133 421.96867263317108 147.89052811264992 26.355470016598701
leaf_count=55 13506 97 92 330 52 82 308 104 95 81 563 106 788 304 72
internal_value=0.0033029 0.00214919 0.00142844 0.00116547 0.000585835 0.0101304 0.0109062 0.0101479 0.0007379 0.0118379 0.00981126 0.0115793 0.0124185 0.0134036 -0.00695067
internal_weight=5363.12 4595.56 4220.53 4172.84 3943.38 375.025 229.457 767.559 104.51 347.503 300.095 663.049 616.777 569.859 70.9159
internal_count=16635 15111 14288 14196 13558 823 638 1524 222 741 660 1302 1196 1092 167
is_linear=0
shrinkage=0.03


Tree=93
num_leaves=23
num_cat=0
split_feature=6 8 18 23 11 8 2 10 6 23 12 11 16 2 0 18 2 23 2 13 10 11
split_gain=45.3595 23.1066 24.1211 19.7561 29.8098 17.976 19.221 16.3189 15.631 14.0747 13.5847 11.0359 9.7069 9.70527 9.32458 15.2932 13.7806 8.30866 6.94547 5.61655 5.0182 4.85735
threshold=644.50000000000011 46.660000000000004 19.583333333333336 1.3261363636363639 1.6500000000000001 6.4450000000000012 8.5450000000000017 1.5000000000000002 564.50000000000011 -0.6154761904761904 44.500000000000007 3.7500000000000004 0.70304627101042361 11.695000000000002 8265.0000000000018 13.083333333333337 13.535000000000002 3.0612500000000007 10.745000000000003 1.0000000180025095e-35 1.0000000180025095e-35 3.0500000000000003
decision_type=2 2 2 2 2 2 2 2 2 2 2 2 2 2 2 2 2 2 2 2 2 2
left_child=3 2 5 4 9 6 -2 -7 19 -1 -10 20 -11 -13 15 16 -5 -17 -16 -6 -4 -20
right_child=1 -3 11 14 8 7 -8 -9 10 12 -12 13 -14 -15 18 17 -18 -19 21 -21 -22 -23
leaf_value=-0.0061284594769491279 0.01378595798911687 0.023212415550148253 0.012007348635002243 0.0032574137941532304 0.0042927545750753677 -0.00032599529093932416 -0.019638682641993189 0.0097767153022077242 0.0022176810656805456 0.014054218891247972 -0.005931234935711141 -0.010511806655509538 0.0039203543160074641 0.014417500977396049 0.00085853725813176947 0.0054425705073569957 -0.022718482643449132 0.023041149751277263 0.0097874086400870485 0.017646397617004681 0.030317810832539246 0.016231570374777137
leaf_weight=40.508640453219414 16.735690593719482 38.513549327850342 46.944223210215569 45.519852682948112 66.786436051130295 2536.397550418973 75.487063242122531 150.38919255323708 720.91740751266479 367.45280546694994 244.82498605549335 25.716649044305086 124.76847323775291 25.868516147136688 50.430923141539097 99.351156659424305 26.79897490888834 34.470568031072617 255.89545476436615 62.879225596785545 29.847549811005592 270.97198461741209
leaf_count=98 153 78 109 95 138 10086 516 471 1602 677 598 84 268 48 108 209 77 58 511 108 50 493
internal_value=0.00320994 0.000699821 0.000375538 0.00626066 0.00433597 -0.000205355 -0.0130908 0.000235184 0.00146654 0.0101525 0.000112864 0.0129906 0.0115724 0.0015012 0.0102011 0.0044319 -0.00631707 0.0104691 0.012187 0.0111659 0.020094 0.0132073
internal_weight=5357.48 2945.9 2907.39 2411.58 1628.14 2779.01 92.2228 2686.79 1095.41 532.73 965.742 128.377 492.221 51.5852 783.439 206.141 72.3188 133.822 577.298 129.666 76.7918 526.867
internal_count=16635 11595 11517 5040 3489 11226 669 10557 2446 1043 2200 291 945 132 1551 439 172 267 1112 246 159 1004
is_linear=0
shrinkage=0.03


Tree=94
num_leaves=21
num_cat=0
split_feature=15 18 8 23 11 7 8 21 15 23 12 25 11 8 21 11 7 13 15 22
split_gain=42.9033 21.8556 23.0263 18.8528 28.1629 17.2532 22.6546 16.4687 14.8517 13.3385 12.778 9.66824 9.38993 9.08249 8.62251 15.8686 8.83893 5.3747 5.05712 4.28382
threshold=0.29912688949574989 19.583333333333336 46.660000000000004 1.3261363636363639 1.6500000000000001 29355.180000000004 6.4450000000000012 21319.395000000004 0.038943805530981972 -0.6154761904761904 44.500000000000007 0.60854263625524074 3.7500000000000004 25.805000000000003 4453.9500000000016 3.3500000000000001 100867.53000000001 1.0000000180025095e-35 0.26274087464902501 0.3087084972999472
decision_type=2 2 2 2 2 2 2 2 2 2 2 2 2 2 2 2 2 2 2 2
left_child=3 2 5 4 9 7 -7 -2 17 -1 -10 -11 19 -14 15 -5 18 -6 -16 -3
right_child=1 12 -4 14 8 6 -8 -9 10 11 -12 -13 13 -15 16 -17 -18 -19 -20 -21
leaf_value=-0.0059449317285574241 0.0045532151063317119 0.0075976596022093524 0.022992266554688646 0.010793440630286786 0.0041768129485483469 -0.016423280566048408 -0.00046855432256174108 0.03253386974816095 0.0021522478403904095 0.014227204422414482 -0.005747914799396822 0.0048147703181972631 -0.0096813145887269247 0.01414446609528169 0.012890803999407532 -0.013652067772894582 -0.0013645116122498657 0.017291172914195106 0.0027576419649173924 0.024923662769888052
leaf_weight=40.567254483699799 267.31907074525952 28.409823633730412 37.059883579611778 60.303982682526112 66.638903200626373 81.110528221353889 2410.7392442300916 19.086288116872311 720.61535513401031 331.45357820391655 245.11358386278152 159.16108393669128 25.602625146508217 27.129790931940079 581.96297109872103 36.436789482831955 42.898313358426094 62.295881226658821 57.666947066783905 48.406598970293999
leaf_count=98 906 65 75 117 138 612 9671 37 1602 617 598 328 81 53 1118 97 98 108 121 95
internal_value=0.00312149 0.000681087 0.000111778 0.00609405 0.00421435 -0.00019896 -0.00101267 0.00673457 0.00142551 0.00987844 0.000108356 0.0112665 0.0126353 0.0020974 0.00995657 0.00119234 0.0111479 0.0109096 0.0120354 0.0192518
internal_weight=5349.98 2944.86 2815.32 2405.11 1625.85 2778.26 2491.85 286.405 1094.66 531.182 965.729 490.615 129.549 52.7324 779.269 96.7408 682.528 128.935 639.63 76.8164
internal_count=16635 11595 11301 5040 3489 11226 10283 943 2446 1043 2200 945 294 134 1551 214 1337 246 1239 160
is_linear=0
shrinkage=0.03


Tree=95
num_leaves=26
num_cat=0
split_feature=15 11 25 17 17 19 15 18 15 0 9 2 7 0 7 0 18 22 9 2 19 18 19 22 11
split_gain=40.2178 29.9412 38.3981 33.0785 29.2693 25.2269 24.749 39.4605 20.0362 18.9698 17.6659 21.3774 18.7047 18.5834 26.4638 17.4911 15.2376 11.2368 7.4635 7.28446 7.14087 5.55847 11.79 7.14554 3.6531
threshold=0.62075464440940042 2.2500000000000004 0.30639639986153316 1.5000000000000002 9.5000000000000018 20.750000000000004 0.74737489903457843 0.68333333333333335 0.0084810954267471837 7720.5000000000009 5.5000000000000009 12.425000000000002 87286.065000000017 13118.500000000002 54184.62000000001 7427.5000000000009 6.616666666666668 0.34060600079304498 11.500000000000002 12.395000000000001 5.6500000000000012 21.350000000000001 32.050000000000004 0.28208267473778276 1.1500000000000001
decision_type=2 2 2 2 2 2 2 2 2 2 2 2 2 2 2 2 2 2 2 2 2 2 2 2 2
left_child=4 2 6 -4 5 8 7 -2 -1 -10 13 12 -12 15 -15 -3 -5 18 24 -19 -8 23 -23 -7 -6
right_child=1 10 3 16 17 21 20 -9 9 -11 11 -13 -14 14 -16 -17 -18 19 -20 -21 -22 22 -24 -25 -26
leaf_value=0.021397004423232009 0.032858410247101469 0.011270380552090299 -0.029531039619032463 0.017513922222566192 0.0082827116302721677 0.019505285524569954 -0.029494669927080708 -0.013350313701165194 -0.0012798195427377887 0.0041015481084427843 -0.0088064927551021969 -0.033277327131299481 0.008653162973879934 0.031142320960616338 -0.0077322759646616885 -0.017490646812092919 0.0036044237579319896 -0.007775528778668263 0.0022759060236026691 0.0094066577678688715 -0.0057475314122434323 0.0011598418305403756 0.015501654952856193 0.0078779101143546023 0.016848961031833108
leaf_weight=51.868055790662766 24.048063643276691 28.895348936319351 15.863783406093715 189.30550587363541 78.365231581032276 118.24810312688351 42.032054599374533 43.381348729133606 758.94017800688744 2513.3855612874031 421.06054488755763 27.458931919187307 60.184193078428507 37.625713931396604 23.360626213252544 45.259636918082833 124.44592885673046 38.109692543745041 52.124313801527023 46.354454211890697 21.651428146287799 134.39607108384371 87.615372031927109 105.65520257502794 298.27994139492512
leaf_count=90 70 168 153 846 155 213 426 203 2171 6198 2572 158 387 129 135 316 534 99 112 92 182 304 166 219 541
internal_value=0.00368534 -0.00139551 0.00439596 0.00988718 0.00500261 0.00407111 -0.00912463 0.0031693 0.00315548 0.00284428 -0.00558704 -0.0081611 -0.00653414 0.00386129 0.0160025 -0.00588798 0.0121497 0.0117446 0.0137155 0.00130667 -0.0222986 0.0107854 0.00704154 0.0142697 0.0151991
internal_weight=5387.92 1104.57 460.728 329.615 4283.34 3770.11 131.113 67.4294 3324.19 3272.33 643.845 508.704 481.245 135.141 60.9863 74.155 313.751 513.234 428.769 84.4641 63.6835 445.915 222.011 223.903 376.645
internal_count=16639 6279 2414 1533 10360 9361 881 273 8459 8369 3865 3117 2959 748 264 484 1380 999 808 191 608 902 470 432 696
is_linear=0
shrinkage=0.03


Tree=96
num_leaves=23
num_cat=0
split_feature=8 19 6 10 23 19 6 22 9 6 0 10 7 8 3 6 3 19 9 0 7 12
split_gain=38.2564 35.6973 35.6865 23.1551 21.7807 21.1209 18.9409 13.9571 14.7699 16.741 13.8409 8.66624 10.7436 8.39709 7.8897 9.19709 14.3896 6.9247 6.24185 5.12264 4.44235 3.38653
threshold=34.515000000000008 20.550000000000004 733.50000000000011 2.5000000000000004 -0.46666666666666629 5.9500000000000011 525.50000000000011 0.39244965000707671 7.5000000000000009 722.50000000000011 9581.5000000000018 1.0000000180025095e-35 76574.930000000008 36.025000000000013 0.32029880589340359 628.50000000000011 0.20384865678286335 23.650000000000002 5.5000000000000009 11605.500000000002 75689.845000000016 44.500000000000007
decision_type=2 2 2 2 2 2 2 2 2 2 2 2 2 2 2 2 2 2 2 2 2 2
left_child=1 2 3 6 20 -6 -1 8 11 13 -11 12 -2 -10 15 17 -17 -3 -13 -16 -4 -21
right_child=7 14 4 -5 5 -7 -8 -9 9 10 -12 18 -14 -15 19 16 -18 -19 -20 21 -22 -23
leaf_value=0.020449388494563743 0.014901660769146194 0.019735661156333763 -0.032268049714425311 0.026757853478875188 -0.01697920020582697 0.00081877505336648722 0.0019879360940313969 -0.0080396130684029146 -0.00011334109922774486 0.0077508792278395229 -0.027738475267005205 0.01022986605986476 -0.0017505488231300071 0.01125265378950472 0.027673051132270955 0.0076392461204942792 -0.013143515495385404 0.0067498765941389326 0.028519746887161201 0.015034900778083502 -0.0062243155390574153 0.0026044939416282886
leaf_weight=49.124575451016426 180.28674703463912 62.99162781983614 34.077043218538165 33.269981265068054 82.715307211503386 195.50556330755353 3764.2792649529874 33.361486844718456 68.751372136175632 14.773594759404657 20.143233522772789 33.885534185916185 38.77075582742691 257.88340219855309 29.678227819502354 93.693734303116798 41.365250358358026 121.14758402854204 70.41969246789813 109.73686018586159 12.091153893619774 32.645592749118805
leaf_count=87 411 109 346 61 929 1566 10717 105 166 68 128 81 112 526 51 257 130 263 122 212 119 73
internal_value=0.00358097 0.00257692 0.00166492 0.00247782 -0.00783889 -0.00444894 0.00224422 0.0100314 0.0109761 0.00660745 -0.0123036 0.0156979 0.0118295 0.00878288 0.0102213 0.00717607 0.000956203 0.0115176 0.0231644 0.015551 -0.0266118 0.0124682
internal_weight=5380.6 4662.32 4171.06 3846.67 324.389 278.221 3813.4 718.276 684.914 361.552 34.9168 323.363 219.058 326.635 491.259 319.198 135.059 184.139 104.305 172.061 46.1682 142.382
internal_count=16639 14920 13825 10865 2960 2495 10804 1719 1614 888 196 726 523 692 1095 759 387 372 203 336 465 285
is_linear=0
shrinkage=0.03


Tree=97
num_leaves=21
num_cat=0
split_feature=6 8 8 11 12 12 3 2 8 2 18 9 9 2 3 18 22 9 22 2
split_gain=36.6677 31.1736 28.471 28.76 30.0017 23.4622 22.1323 39.7836 34.7123 24.9586 22.8468 17.6061 17.032 20.978 18.3923 16.6974 8.09301 7.67985 6.11027 4.85578
threshold=698.50000000000011 34.695000000000007 6.0850000000000009 2.2500000000000004 28.500000000000004 61.500000000000007 0.26684660705078017 10.955000000000002 4.0050000000000008 7.8450000000000006 0.80000000000000016 13.500000000000002 5.5000000000000009 12.425000000000002 0.38571744999533969 3.6833333333333336 0.34060600079304498 11.500000000000002 0.29094354062479294 12.335000000000003
decision_type=2 2 2 2 2 2 2 2 2 2 2 2 2 2 2 2 2 2 2 2
left_child=1 6 -2 4 15 -6 7 10 -9 -8 -1 -11 14 -14 -5 -4 17 18 -3 -18
right_child=2 16 3 12 5 -7 9 8 -10 11 -12 -13 13 -15 -16 -17 19 -19 -20 -21
leaf_value=-0.022157708161732445 -0.030223090817317493 0.012331704130003984 0.0057515691066506265 -0.0019177507542641966 -0.00054357342506439687 0.038355453292930698 0.031734232781003791 -0.022092737102370058 0.0048300004802932488 0.00657813877160217 -0.0027974296542334189 -0.014286718448120142 -0.0056858820347966557 -0.03282755945679465 0.022665561941302072 0.031481535950690691 -0.0043703047609050258 0.0017685458813666629 0.022275979124427293 0.0092314769304650494
leaf_weight=60.895047172904015 27.99606685526669 294.42133475840092 47.677781706675887 96.356249453499913 338.2617333047092 12.50995586812496 33.598070845007896 41.901871487498283 1711.0987073555589 1375.4686934277415 492.35334228724241 34.685440115630627 467.27129950374365 25.932074636220932 35.203468583524227 50.740616554394364 39.65052630007267 52.155031487345695 87.807771898806095 48.200710527598858
leaf_count=263 359 566 278 584 1778 31 60 168 4130 3094 1526 99 2804 145 116 184 100 113 144 97
internal_value=0.00347983 0.00473949 -0.00137639 -0.000541742 0.00520326 0.000968271 0.00376721 0.00192259 0.00414493 0.00668631 -0.00505455 0.00602418 -0.00472355 -0.00730036 0.00467667 0.0196785 0.0116229 0.0133179 0.0147983 0.00279797
internal_weight=5374.19 4272.24 1101.95 1073.95 449.19 350.772 3750 2306.25 1753 1443.75 553.248 1410.15 624.763 493.203 131.56 98.4184 522.235 434.384 382.229 87.8512
internal_count=16639 10360 6279 5920 2271 1809 9340 6087 4298 3253 1789 3193 3649 2949 700 462 1020 823 710 197
is_linear=0
shrinkage=0.03


Tree=98
num_leaves=19
num_cat=0
split_feature=10 6 8 11 19 26 8 23 23 18 22 19 11 22 11 16 16 9
split_gain=36.1051 33.7855 24.605 24.0855 33.9386 23.6557 25.3483 21.9444 20.1604 14.57 16.2547 10.9735 10.9945 25.3954 15.054 8.44518 11.7648 7.31137
threshold=1.5000000000000002 698.50000000000011 6.0850000000000009 2.2500000000000004 5.2500000000000009 3.5000000000000004 34.695000000000007 3.1550000000000007 -0.73333333333333306 1.3500000000000001 0.18473214085023723 5.3500000000000005 5.8500000000000005 0.24508417928790818 0.55000000000000016 0.79674218239163064 0.47957613754375172 9.5000000000000018
decision_type=2 2 2 2 2 2 2 2 2 2 2 2 2 2 2 2 2 2
left_child=1 5 -3 4 -4 6 7 -1 -5 10 -2 -11 14 -14 -13 16 -7 -8
right_child=9 2 3 8 -6 15 17 -9 -10 11 -12 12 13 -15 -16 -17 -18 -19
leaf_value=0.0020459115996989182 0.014721992053892559 -0.029881472761735299 -0.01241713562472792 -0.023997200315075788 0.0085177013010273098 0.0093104703201163912 0.01235491792553934 0.013723235253157207 -0.0034767969608443549 0.032135770657448035 -0.020795161067185493 -0.0033569936085231641 0.017471378203385256 -0.021475518092514499 0.020005655032446508 0 0.028500599278501213 0.0036523173268000631
leaf_weight=3228.2645947337151 20.774176944047213 25.953550929203629 85.081910597160459 45.831316417083144 335.00508459471166 72.298430725932121 342.66794841736555 150.98718898743391 540.1887093950063 33.364087536931038 21.11740043759346 26.181387312710285 34.551442295312881 23.499838326126337 160.08110507763922 28.533065646886826 59.079658910632133 133.72636549919844
leaf_count=8266 58 342 570 324 1594 158 661 302 3143 74 102 72 72 89 342 77 103 290
internal_value=0.00338028 0.00275059 -0.00206853 -0.00126345 0.00416786 0.00399706 0.00351312 0.00258434 -0.00520883 0.013154 -0.00263032 0.0156443 0.0130278 0.0010155 0.0165616 0.0152927 0.018463 0.0100002
internal_weight=5367.19 5047.62 1032.06 1006.11 420.087 4015.56 3855.65 3379.25 586.02 319.569 41.8916 277.678 244.314 58.0513 186.262 159.911 131.378 476.394
internal_count=16639 15830 5973 5631 2164 9857 9519 8568 3467 809 160 649 575 161 414 338 261 951
is_linear=0
shrinkage=0.03


Tree=99
num_leaves=21
num_cat=0
split_feature=10 6 25 8 8 11 3 2 2 21 18 18 21 19 19 22 11 9 16 9
split_gain=34.1123 31.909 25.8215 24.9104 22.3117 21.5979 20.4592 43.8051 22.6247 14.3852 10.3776 19.1487 24.5631 7.28873 11.179 6.4643 5.55127 4.81129 5.97322 4.28543
threshold=1.5000000000000002 698.50000000000011 0.039463056271395063 6.0850000000000009 34.695000000000007 2.2500000000000004 0.26684660705078017 9.9850000000000012 8.5850000000000026 8001.3000000000011 1.8666666666666669 4.2166666666666677 5618.9000000000005 15.15 8.7500000000000018 0.31370337048573183 4.4500000000000011 9.5000000000000018 0.66127543367052588 9.5000000000000018
decision_type=2 2 2 2 2 2 2 2 2 2 2 2 2 2 2 2 2 2 2 2
left_child=1 4 19 -4 6 -5 7 -1 -8 10 -2 -12 -13 14 -6 17 -15 18 -11 -3
right_child=9 2 3 5 13 -7 8 -9 -10 15 11 12 -14 16 -16 -17 -18 -19 -20 -21
leaf_value=-0.01029313881412275 -0.011263837694566927 -0.033485042423929384 -0.029655099580773007 0.0049631624881717618 0.01143880670208086 -0.0040801376010755558 0.022031351894400159 0.0027915881193266035 0.0049440777035972662 0.017547545479354346 0.024742691185769179 0.014053414930878015 -0.020002377617478959 0.01989988629106032 0.0001006325576418188 0.0055891569553420169 0.0055412189003131128 0.0087803338613760759 0.034952449000361194 -0.0058140700436455457
leaf_weight=259.40297076106071 24.734878625720739 24.514780489727855 24.704176230356097 408.18883946165442 219.06633473932743 562.11686791293323 73.354386515915394 1903.2092835754156 1286.6948586553335 69.943822879344225 42.321007739752531 43.662795264273882 30.713256189599633 97.690222159028053 129.56763084232807 36.038041226565838 43.304300479590893 31.620491551235318 39.840345922857523 10.988125531002877
leaf_count=916 115 208 331 2069 428 3283 150 4862 2950 147 96 107 105 170 289 95 92 76 68 82
internal_value=0.00328333 0.0026711 -0.00201559 -0.00106093 0.00388271 -0.000242558 0.00303276 0.00120017 0.0059187 0.0127948 0.00524889 0.00913246 0 0.00989943 0.00733521 0.0185166 0.0158388 0.0214781 0.0246445 -0.0264876
internal_weight=5361.68 5042.8 1030.51 995.01 4012.29 970.306 3522.66 2162.61 1360.05 318.875 141.432 116.697 74.3761 489.628 348.634 177.443 140.995 141.405 109.784 35.5029
internal_count=16639 15830 5973 5683 9857 5352 8878 5778 3100 809 423 308 212 979 717 386 262 291 215 290
is_linear=0
shrinkage=0.03


Tree=100
num_leaves=27
num_cat=0
split_feature=15 22 19 19 18 22 23 7 7 7 11 15 21 15 12 21 23 21 15 7 18 11 11 2 11 2
split_gain=44.3963 28.8022 30.9094 24.8503 22.812 22.3402 21.8244 20.3529 32.7901 20.3141 19.7741 19.0349 25.1516 18.3939 18.3189 12.464 9.04221 10.8748 10.2552 9.31625 11.7804 10.3383 5.50366 4.83469 1.81854 0.509636
threshold=0.10679256894495943 0.14448063992039165 10.950000000000001 11.350000000000003 1.3166666666666669 0.14297328247230537 0.64142857142857157 66146.110000000015 72470.535000000018 95563.235000000015 1.9500000000000002 0.41974691334282094 6968.9450000000006 0.40066925650986579 47.500000000000007 9298.1900000000005 2.0612500000000007 6310.7200000000003 0.010808108004154009 59373.220000000008 0.7166666666666669 5.9500000000000011 1.9500000000000002 15.365 3.1500000000000008 12.715000000000002
decision_type=2 2 2 2 2 2 2 2 2 2 2 2 2 2 2 2 2 2 2 2 2 2 2 2 2 2
left_child=16 4 11 15 7 14 -7 10 -9 -5 -2 13 -13 -3 -6 -4 18 22 24 20 -20 -21 -18 25 -1 -19
right_child=1 2 3 9 5 6 -8 8 -10 -11 -12 12 -14 -15 -16 -17 17 23 19 21 -22 -23 -24 -25 -26 -27
leaf_value=0.0093389194552098848 0.0039696385718751758 -0.00046963032334069999 0.0057089776818818874 0.0034119028544096191 0.0036973869383424519 0.037920483172324174 0.0029271613439078225 0.042514890388651125 -0.0082409889191325698 -0.010074729906226312 -0.024186410312068553 -0.010454612134088093 -0.0013157995049011394 0.01469065662382189 0.016678933916690626 0.028530074331040163 0.011877424656599899 0.013825733980323038 0.024018422537889512 -0.0030547036430489554 0.0064249076608222612 0.0095778354107358271 -0.0060077542717480838 0.0070723965022477025 0.022954163390530111 0.024460092715838037
leaf_weight=29.813292153179646 33.562444631010294 970.75882597267628 46.334853770211339 1220.7080140858889 480.98936265707016 41.429780980572104 29.138981247320771 16.315322315320373 27.449435766786337 106.6872475259006 54.924627456814051 451.47421459108591 697.74891372025013 75.598256632685661 125.09418772533536 48.904115850105882 27.269985131919384 32.145676702260971 38.523750096559525 178.25760689377785 347.29785886406898 83.424612805247307 29.022853642702103 35.603690668940544 37.936580158770084 75.199729599058628
leaf_count=61 120 2422 155 3349 1473 94 90 43 134 368 246 2513 3215 190 330 96 57 65 57 406 702 160 78 84 63 135
internal_value=0.00234991 0.00109739 -3.96349e-05 0.00339386 0.00620785 0.00844854 0.0243635 -0.00498802 0.0110561 0.00229184 -0.0133238 -0.00227909 -0.00494398 0.000623006 0.00647213 0.0180816 0.00836503 0.0141503 0.0066767 0.00541193 0.00837375 0.000900892 0.00225198 0.0185331 0.0178325 0.021861
internal_weight=5341.61 4427.12 3618.21 1422.63 808.904 676.652 70.5688 132.252 43.7648 1327.4 88.4871 2195.58 1149.22 1046.36 606.084 95.239 914.496 199.242 715.254 647.504 385.822 261.682 56.2928 142.949 67.7499 107.345
internal_count=16706 14838 12308 3968 2530 1987 184 543 177 3717 366 8340 5728 2612 1803 251 1868 419 1449 1325 759 566 135 284 124 200
is_linear=0
shrinkage=0.03


Tree=101
num_leaves=21
num_cat=0
split_feature=10 6 8 8 23 2 8 11 24 25 6 7 18 0 19 23 6 9 19 25
split_gain=44.2924 41.1265 30.7512 23.419 23.0457 21.3944 19.2189 12.9257 14.1242 12.764 9.79545 10.4248 9.69245 13.715 13.1381 10.4769 17.6938 6.57861 5.165 11.2369
threshold=1.5000000000000002 614.50000000000011 40.210000000000008 10.395000000000001 0.050000000000000031 12.545000000000002 27.485000000000003 8.7500000000000018 9.5000000000000018 0.67867994922881658 716.50000000000011 39570.115000000013 1.3500000000000001 13421.500000000002 6.1500000000000012 -0.11547619047619045 640.50000000000011 7.5000000000000009 5.0500000000000007 0.39593830531943541
decision_type=2 2 2 2 2 2 2 2 2 2 2 2 2 2 2 2 2 2 2 2
left_child=1 6 3 5 -5 -3 7 9 -9 -1 11 -4 13 -2 -14 -16 -17 -12 -8 -20
right_child=12 2 10 4 -6 -7 18 8 -10 -11 17 -13 14 -15 15 16 -18 -19 19 -21
leaf_value=0.0013402440130822568 -0.016425404686132419 -0.0041545519693639418 0 -0.0031535799551540684 0.0020492788479958396 -0.023802351545809397 0.022092812099804463 0.0013192165342379555 -0.02060957713025453 0.0092089260461845519 0.0087439388414633397 0.018239471681695367 0.030292090151276502 0.017253046106364904 0.025786171474789656 0.016932802053884043 -0.00099889340306773744 -0.014370578228032062 -0.0065579188681630556 0.011966236576525987
leaf_weight=397.08346036076546 21.206446914002299 224.92782078869641 32.20489364862442 1227.9520664196461 2028.9065441414714 64.826800424605608 43.807246685028076 80.413975268602371 35.717567622661591 365.67665455490351 21.611017256975174 131.27310101687908 44.596575416624546 18.433873364701867 40.597483921796083 101.81891087442636 88.615273186936975 18.277664605528116 29.028286814689636 318.38740409910679
leaf_count=851 109 1288 72 4784 6433 291 65 175 100 737 75 234 100 48 86 185 276 94 68 635
internal_value=0.00228635 0.00159183 2.61688e-06 -0.000642583 7.7678e-05 -0.00878621 0.00625299 0.00372595 -0.00540602 0.00516603 0.0112973 0.0145339 0.013171 0 0.0151547 0.011869 0.00850904 -0.00131177 0.0118059 0.0103039
internal_weight=5335.36 5020.09 3749.98 3546.61 3256.86 289.755 1270.11 878.892 116.132 762.76 203.367 163.478 315.269 39.6403 275.628 231.032 190.434 39.8887 391.223 347.416
internal_count=16706 15902 13271 12796 11217 1579 2631 1863 275 1588 475 306 804 157 647 547 461 169 768 703
is_linear=0
shrinkage=0.03


Tree=102
num_leaves=22
num_cat=0
split_feature=10 6 8 8 23 2 8 21 9 0 18 21 18 22 9 10 8 22 0 19 18
split_gain=41.9517 38.9055 29.0105 22.1496 21.6944 20.3419 18.3132 13.2049 12.7382 11.4341 9.73723 22.917 20.0471 9.54796 12.6361 9.25582 6.20389 9.19001 5.3975 4.92344 8.9926
threshold=1.5000000000000002 614.50000000000011 40.210000000000008 10.395000000000001 0.050000000000000031 12.545000000000002 27.485000000000003 7954.3650000000007 12.500000000000002 6549.5000000000009 4.2166666666666677 5618.9000000000005 1.8666666666666669 0.35072557862177461 7.5000000000000009 2.5000000000000004 26.935000000000006 0.24070551056402939 12832.500000000002 5.0500000000000007 4.8166666666666673
decision_type=2 2 2 2 2 2 2 2 2 2 2 2 2 2 2 2 2 2 2 2 2
left_child=1 6 3 5 -5 -3 8 10 9 -1 12 -12 -2 14 -4 16 17 -9 -10 -8 -21
right_child=7 2 13 4 -6 -7 19 15 18 -11 11 -13 -14 -15 -16 -17 -18 -19 -20 20 -22
leaf_value=-0.0036775398411341103 -0.0081397158245012646 -0.0040387346165940627 0.021275954710408919 -0.0030615613513461622 0.0019875022577461078 -0.023251900796128114 0.021628741281615592 0.016191536977971904 -0.018799865073990382 0.0060366198295122202 0.011559548542573597 -0.022576257121882281 0.02568878884589975 -0.0043650729148508628 0.0045324375470975412 0.034153154714222617 0.022256782430816555 -0.0021641295670629199 0 0.00063642357624300937 0.012658114515200812
leaf_weight=123.56536961346865 21.953864946961403 224.50060444884002 91.598570875823498 1226.9887245334685 2029.2675366364419 64.4241346064955 43.453092396259308 57.084012469276786 28.386103466153145 703.53967899084091 40.103530380874872 28.186579991132021 40.943351704627275 27.577216252684593 83.666647013276815 29.02632238343358 60.147494241595268 36.846942529082298 21.586777165532112 77.727813869714737 267.50571639835835
leaf_count=291 109 1288 179 4784 6433 291 65 128 79 1446 103 100 90 83 213 44 115 115 47 164 539
internal_value=0.00222217 0.00154622 1.55524e-06 -0.000624366 7.50476e-05 -0.00855638 0.0060892 0.0128325 0.00362244 0.00454382 0.00513099 -0.0023446 0.0135319 0.0109868 0.0135936 0.0180732 0.014453 0.00878331 -0.0106381 0.0115317 0.0100571
internal_weight=5328.08 5013.79 3748.02 3545.18 3256.26 288.925 1265.76 314.292 877.078 827.105 131.187 68.2901 62.8972 202.842 175.265 183.105 154.078 93.931 49.9729 388.687 345.234
internal_count=16706 15902 13271 12796 11217 1579 2631 804 1863 1737 402 203 199 475 392 402 358 243 126 768 703
is_linear=0
shrinkage=0.03


Tree=103
num_leaves=23
num_cat=0
split_feature=10 6 22 22 3 6 2 23 23 21 21 18 21 18 18 0 7 10 2 22 18 7
split_gain=39.703 36.7837 21.2281 22.2974 21.6487 20.9626 20.2116 18.9127 13.9162 12.9608 12.5778 9.18718 21.5855 18.9669 9.17519 14.7405 11.9868 8.83208 6.16425 5.86019 18.8986 5.4486
threshold=1.5000000000000002 614.50000000000011 0.14448063992039165 0.14297328247230537 0.31735209659772595 772.50000000000011 10.685 -0.51547619047619031 0.64142857142857157 16324.565000000002 7954.3650000000007 4.2166666666666677 5618.9000000000005 1.8666666666666669 2.850000000000001 6193.5000000000009 95563.235000000015 2.5000000000000004 12.425000000000002 0.17757084585874913 3.850000000000001 51721.200000000004
decision_type=2 2 2 2 2 2 2 2 2 2 2 2 2 2 2 2 2 2 2 2 2 2
left_child=1 9 3 7 5 -4 -6 -3 -5 14 11 13 -13 -2 15 -1 -16 19 -11 -12 -21 -20
right_child=10 2 4 8 6 -7 -8 -9 -10 18 17 12 -14 -15 16 -17 -18 -19 21 20 -22 -23
leaf_value=-0.01580298793472569 -0.0079345050442370252 -0.007998333047328254 -0.0022840836080449708 0.02861957287834355 0.0074060806683142371 -0.023573084745239389 -0.001349933196772469 0.0054184553249325288 0.0001454865009919052 0.0017802338496108695 0.021660098535601569 0.011248340121791243 -0.021846911158447276 0.024978756868070773 0.0074740824372260262 0.0029962313369237257 -0.005141053407535302 0.033395508957492277 0.024731877428309915 -0.011499822189628108 0.017134677488739241 0.0098674845698548345
leaf_weight=42.291576281189919 21.898585261777043 114.15614646486938 2091.0626797303557 51.312779255211353 440.26618409156799 40.880845505744219 500.89870059862733 482.94585818611085 24.797643264755607 33.280468508601189 60.189963629469275 40.033102232962847 28.318462662398815 40.901444882154465 757.78125314414501 243.66699838638306 70.156281314790249 28.842468123883009 55.471014849841595 26.827717687934637 66.570087783038616 59.147395946085453
leaf_count=116 109 471 7395 144 1561 748 1316 1555 81 72 118 103 100 90 1557 511 168 44 90 100 140 117
internal_value=0.0021597 0.0015019 8.81731e-07 0.00482558 -0.00104874 -0.00272808 0.00272124 0.00278517 0.0199677 0.00592769 0.012494 0.00497508 -0.00226807 0.0131482 0.00476195 2.13083e-05 0.00635916 0.0176243 0.0143266 0.0140786 0.00852653 0.0176193
internal_weight=5321.7 5008.12 3746.32 673.212 3073.11 2131.94 941.165 597.102 76.1104 1261.79 313.582 131.152 68.3516 62.8 1113.9 285.959 827.938 182.43 147.899 153.588 93.3978 114.618
internal_count=16706 15902 13271 2251 11020 8143 2877 2026 225 2631 804 402 203 199 2352 627 1725 402 279 358 240 207
is_linear=0
shrinkage=0.03


Tree=104
num_leaves=22
num_cat=0
split_feature=15 10 3 15 9 26 19 21 18 21 18 12 9 10 24 15 23 19 18 3 11
split_gain=38.0288 29.8165 23.0434 19.1587 31.461 19.6846 18.427 13.4912 14.7638 26.6345 16.5189 12.4576 11.6011 10.2482 6.49511 6.1838 7.37037 9.99811 3.44854 1.96914 1.6762
threshold=0.083407054117466059 1.5000000000000002 0.50556851333616948 0.77095272895111366 8.5000000000000018 4.5000000000000009 19.350000000000005 7954.3650000000007 4.7500000000000009 5359.7550000000001 1.8666666666666669 57.500000000000007 12.500000000000002 2.5000000000000004 5.5000000000000009 0.010808108004154009 2.2174242424242432 20.150000000000002 14.15 0.66054029117391089 3.1500000000000008
decision_type=2 2 2 2 2 2 2 2 2 2 2 2 2 2 2 2 2 2 2 2 2
left_child=12 2 3 5 -5 -2 11 8 10 -10 -3 -4 15 14 -9 20 17 -17 -18 -8 -1
right_child=1 7 6 4 -6 -7 19 13 9 -11 -12 -13 -14 -15 -16 16 18 -19 -20 -21 -22
leaf_value=0.0098765400170165041 0.00015554028161331729 -0.0097710208810788714 0.0027361848137137938 -0.013751330431754073 0.003164382004122568 0.022591976382109618 0.026230901762055229 0.021055831503040533 0.0072362724990657646 -0.037562500496683006 0.022301489716933489 0.025322758149417667 -0.0064148433703826091 0.032661954013350557 0.0063679876173808308 0.0077014830506123445 0.0045515683929069177 -0.0083115311715110368 0.018363084433995411 0.012179849599078163 0.021704488782850317
leaf_weight=36.963330164551735 3384.0174534991384 18.765567444264889 430.0510536506772 229.12633670680225 167.77635975927114 33.611641451716423 37.242871008813381 47.176607741042972 27.539567396044731 17.48423689417541 41.299342922866344 21.740284346044064 40.175544388592243 28.653329506516457 86.927300591021776 432.91557113081217 29.737335003912449 34.777234874665737 85.864730343222618 34.916944831609726 49.445618361234665
leaf_count=79 9744 103 1237 1968 1327 76 63 95 75 75 99 36 98 44 229 863 65 93 181 65 91
internal_value=0.00209895 0.00109369 0.000484394 -0.000319625 -0.0065456 0.000398055 0.0063739 0.0107749 0.00200412 -0.0103803 0.011806 0.00399598 0.0085585 0.0161628 0.0119889 0.00951783 0.00825523 0.00641658 0.0152032 0.0203482 0.017322
internal_weight=5316.21 4606.33 4338.48 3814.53 396.903 3417.63 523.951 267.846 105.089 45.0238 60.0649 451.791 709.879 162.757 134.104 669.704 583.295 467.693 115.602 72.1598 86.4089
internal_count=16706 15236 14516 13115 3295 9820 1401 720 352 150 202 1273 1470 368 324 1372 1202 956 246 128 170
is_linear=0
shrinkage=0.03


Tree=105
num_leaves=26
num_cat=0
split_feature=15 8 15 3 23 0 16 8 22 9 3 18 8 23 18 16 12 22 9 2 22 22 16 16 0
split_gain=35.5046 23.8904 24.7567 28.4458 31.0333 26.1584 27.9591 21.3731 11.0147 9.66543 9.82067 7.87374 11.5693 7.84106 7.65849 7.52283 8.942 6.15518 6.65464 11.8585 8.05912 4.60908 3.37141 1.898 3.059
threshold=0.083407054117466059 40.210000000000008 0.65002500096157556 0.31735209659772595 -0.10909090909090904 24266.000000000004 0.94507481056963749 15.055000000000001 0.32548532666610247 7.5000000000000009 0.28431374457353309 13.083333333333337 10.755000000000001 1.6763888888888894 8.4166666666666696 0.52907804146313331 36.500000000000007 0.34671000376804278 7.5000000000000009 14.435 0.38521959559556446 0.24913092299090925 0.65335205200200019 0.67966075618293031 8023.5000000000009
decision_type=2 2 2 2 2 2 2 2 2 2 2 2 2 2 2 2 2 2 2 2 2 2 2 2 2
left_child=8 2 5 4 -4 6 -2 -5 11 10 22 12 -1 -14 -7 21 -17 -10 19 -19 -20 -11 -3 24 -13
right_child=1 9 3 7 -6 14 -8 -9 17 15 -12 23 13 -15 -16 16 -18 18 20 -21 -22 -23 -24 -25 -26
leaf_value=-0.0051435220658281253 0.0014596749666217299 0.027639608999313153 0.0025556148237052333 -0.013384876319164527 -0.012261144700941522 0.0059404883996788784 -0.012244182166857437 0.0073743257564883391 -0.0097441128402582303 0.00044970343181384133 0.0006917761473683834 0.0078305121593902488 0.011716457855551258 -0.00064829799792573287 0.015998741064039056 0.0064810294652671921 -0.017253114279715494 -0.018005125025511187 0.0010504667410622481 0.0087671858084984854 0.02135676816133714 0.016925288539880873 0.012491816207676263 0.0078875398070519954 0.021955387383682339
leaf_weight=49.002489447593689 3019.9944637343287 47.099794007837772 178.47142940573394 51.844533680006862 411.65745475329459 201.83169926702976 137.92078955471516 244.5662728138268 32.810486555099487 30.689488522708416 30.723204597830772 29.176504142582417 298.13557583838701 48.946881301701069 118.67460523545742 27.517468079924583 24.200155083090067 25.163707613945007 45.205436080694199 29.750693470239639 31.12636399269104 39.157060101628304 39.874968811869621 34.191552259027958 82.090390034019947
leaf_count=114 7968 78 1217 378 2932 468 460 1091 86 85 78 68 562 117 217 66 81 70 101 59 49 78 88 77 166
internal_value=0.0020245 0.00105502 0.000539569 -0.00392007 -0.00773598 0.00168641 0.000844299 0.00357748 0.00828735 0.0102519 0.0163982 0.0103524 0.00794093 0.00989307 0.00983392 0.00388919 -0.00429525 0.00124741 0.00432536 -0.00317533 0.0100478 0.0103178 0.0214689 0.0165187 0.0187201
internal_weight=5309.82 4604.22 4364.96 886.54 590.129 3478.42 3157.92 296.411 705.6 239.262 117.698 541.543 396.085 347.082 320.506 121.564 51.7176 164.057 131.246 54.9144 76.3318 69.8465 86.9748 145.458 111.267
internal_count=16754 15285 14731 5618 4149 9113 8428 1469 1469 554 244 1104 793 679 685 310 147 365 279 129 150 163 166 311 234
is_linear=0
shrinkage=0.03


Tree=106
num_leaves=23
num_cat=0
split_feature=6 8 6 3 25 21 26 16 22 25 23 22 9 18 8 23 22 9 2 22 25 21
split_gain=33.6852 22.6538 23.3469 26.88 31.1199 20.9627 20.8415 20.1648 10.4883 10.2494 9.17857 11.9647 9.41951 7.66486 10.9784 7.47878 5.8074 6.32463 11.1496 7.72159 2.17639 1.15402
threshold=588.50000000000011 40.210000000000008 703.50000000000011 0.31735209659772595 0.29843455517519907 16100.010000000002 3.5000000000000004 0.95770991191968935 0.32548532666610247 0.81889688064925592 -0.28257575757575748 0.35072557862177461 7.5000000000000009 13.083333333333337 10.755000000000001 1.6763888888888894 0.34671000376804278 7.5000000000000009 14.435 0.38521959559556446 0.96624870187314904 6310.7200000000003
decision_type=2 2 2 2 2 2 2 2 2 2 2 2 2 2 2 2 2 2 2 2 2 2
left_child=8 2 6 4 -4 -5 7 -2 13 -8 -3 12 -12 14 -1 -16 -10 18 -18 -19 21 -15
right_child=1 10 3 5 -6 -7 9 -9 16 -11 11 -13 -14 20 15 -17 17 19 -20 -21 -22 -23
leaf_value=-0.0049871005594233735 0.00159345394131458 0.023658260563691053 -0.017829836867379076 0.0083907434912637337 -0.0028028668979661001 -0.009262752529092276 0.00731742577054687 -0.011159683157434007 -0.0094195439840193702 0.026235722202941569 0.017362236175457308 -0.0091385778402608749 0.0027662620466033482 0.010347546036280178 0.011437007378741081 -0.00062935925043923902 -0.017364362134563282 0.0010208698032733343 0.0085587660623950481 0.020973641446623607 0.0083567841851793431 0.021663667762176788
leaf_weight=49.084735870361328 3223.3535002917051 37.388355500996113 181.39872843213379 216.07495982013643 405.99470067769289 80.665329629555345 103.31622239202261 113.14500074833632 32.988951146602631 37.637365162372589 84.484478041529655 30.942992076277733 85.994514238089323 29.685446433722973 296.33412235975266 48.967097848653793 25.379942305386066 45.178933352231979 29.611754290759563 30.785834968090057 41.569045670330524 72.563395403325558
leaf_count=114 8423 81 1553 1042 2596 427 258 374 86 58 172 93 208 66 562 117 70 101 59 49 100 145
internal_value=0.00196911 0.00102586 0.000523791 -0.00381367 -0.00753915 0.00346154 0.00163676 0.00114557 0.00808612 0.0128752 0.00999038 0.00709819 0.010291 0.0101119 0.00773289 0.00964573 0.00121332 0.00421886 -0.00306848 0.00982241 0.0162345 0.0189276
internal_weight=5302.55 4600.4 4361.59 884.134 587.393 296.74 3477.45 3336.5 702.149 140.954 238.81 201.422 170.479 538.204 394.386 345.301 163.945 130.956 54.9917 75.9648 143.818 102.249
internal_count=16754 15285 14731 5618 4149 1469 9113 8797 1469 316 554 473 380 1104 793 679 365 279 129 150 311 211
is_linear=0
shrinkage=0.03


Tree=107
num_leaves=19
num_cat=0
split_feature=19 3 2 7 25 7 3 25 7 3 2 9 22 19 21 22 2 18
split_gain=24.2698 20.8827 19.0094 25.8848 20.7004 20.3323 22.0258 18.3609 16.5499 15.8355 15.3938 14.1203 9.64532 10.49 9.52137 3.36772 6.14531 2.08093
threshold=20.750000000000004 1.2611045552574403 12.365 106047.23500000002 0.52736643717066045 30873.720000000005 0.46161850964019785 0.18800723104734798 24015.410000000003 0.31170466597648855 9.8750000000000018 8.5000000000000018 0.33774533574116022 26.250000000000004 5544.4750000000013 0.26071045603277848 13.315000000000003 20.916666666666671
decision_type=2 2 2 2 2 2 2 2 2 2 2 2 2 2 2 2 2 2
left_child=1 2 3 7 -5 8 -7 -1 -4 10 11 -2 13 -12 -14 -11 17 -17
right_child=9 -3 5 4 -6 6 -8 -9 -10 15 12 -13 14 -15 -16 16 -18 -19
leaf_value=-0.0050082413194725769 -0.033831831496645023 0.024569291001503759 0.0053763293874455054 -0.0026705016221242159 -0.025239625991506236 0.0032915160695205026 0.015122309024322723 0.0013742237137196521 -0.014355377389164096 0.021607822119863059 0.015082066705040972 0.0026619553846712221 0.0072814547422220257 0.0005951136576907431 -0.011155881237561342 0.021435460890122066 0.0014539348252073682 0.0097922867588844647
leaf_weight=491.24656145460904 15.663330646231769 32.373127140104771 58.230352818965912 92.014232428744435 63.419040847569704 1505.9367083273828 156.96788275241852 2271.7264859117568 96.969020932912827 57.989482317119837 125.65860458835959 17.219952546060085 49.026461217552423 76.595503479242325 46.790617279708385 42.929307252168655 44.816868007183075 50.45479528605938
leaf_count=2277 82 57 132 433 297 3661 300 8103 278 110 254 57 106 185 132 79 104 107
internal_value=0.00191412 0.00122976 0.00105361 -0.000437578 -0.0122732 0.00346158 0.00444311 0.000225793 -0.00678705 0.00802048 0.00385324 -0.0148042 0.00609646 0.00980215 -0.00145941 0.014789 0.0114464 0.0157965
internal_weight=5296.03 4768.88 4736.51 2918.41 155.433 1818.1 1662.9 2762.97 155.199 527.145 330.954 32.8833 298.071 202.254 95.8171 196.19 138.201 93.3841
internal_count=16754 15538 15481 11110 730 4371 3961 10380 410 1216 816 139 677 439 238 400 290 186
is_linear=0
shrinkage=0.03


Tree=108
num_leaves=24
num_cat=0
split_feature=15 7 12 11 19 18 18 25 17 19 3 3 25 22 18 17 22 7 22 11 2 25 0
split_gain=31.4493 20.6757 22.2821 22.0721 49.3519 27.2592 17.0896 43.868 18.2094 16.0509 20.5032 13.211 12.5213 9.90592 7.29528 8.33051 13.1035 6.59109 5.50169 6.3948 4.58649 2.15403 1.77163
threshold=0.083407054117466059 104766.73500000002 23.500000000000004 11.450000000000001 6.6500000000000012 1.8500000000000001 4.5500000000000016 0.5498673025885612 7.5000000000000009 20.550000000000004 1.2611045552574403 0.32588797350803439 0.42009308050309635 0.32548532666610247 13.083333333333337 3.5000000000000004 0.28294110316416132 76574.930000000008 0.34671000376804278 1.1500000000000001 15.765000000000002 0.96624870187314904 8023.5000000000009
decision_type=2 2 2 2 2 2 2 2 2 2 2 2 2 2 2 2 2 2 2 2 2 2 2
left_child=13 3 -3 9 12 -6 8 -8 -4 10 -2 -11 -5 14 15 16 -1 -17 -15 -20 -21 22 -16
right_child=1 2 6 4 5 -7 7 -9 -10 11 -12 -13 -14 18 21 17 -18 -19 19 20 -22 -23 -24
leaf_value=-0.0052500897932868324 0.0012299485090109098 0.015981876762623883 -0.026615771190219975 -0.03138366051164581 0.030699030961496641 -0.0026704837725134716 0.036443723334660921 -0.010512599212244456 -0.0019042445499431052 0.0032388955061907971 0.025844769296623948 0.015314665766688367 0 -0.0092120967291676945 0.0083306899108615551 0.012507212795010349 0.017601654742261733 0.00024732912196501785 0.015427716902968146 -0.0037927467294149074 0.010173803504842026 0.0079736461764363369 0.021226527471259794
leaf_weight=86.048238776624203 3645.7459870856255 30.468573292717338 77.937924418598413 66.717039953917265 22.737784339115024 195.22558210790157 19.92519910633564 94.399617502465844 45.023719690740108 214.9828097615391 28.864368081092834 139.78888362273574 12.640963979065416 33.101442828774452 25.226857528090477 223.74860864132643 28.277190342545509 54.039240993559361 31.324579700827599 71.525829695165157 27.661730907857418 41.063017994165421 75.120489984750748
leaf_count=201 12256 99 428 353 65 650 45 337 158 529 50 272 43 86 58 427 47 118 57 168 54 100 153
internal_value=0.00185981 0.000949913 -0.00709021 0.00145745 -0.00637977 0.000921691 -0.010287 -0.001585 -0.0179828 0.00204606 0.00144541 0.00814032 -0.0263323 0.00779371 0.00977585 0.00745474 0.000349601 0.0102483 0.00110904 0.00405268 0 0.0158091 0.0185038
internal_weight=5291.6 4594.46 267.755 4326.7 297.321 217.963 237.286 114.325 122.962 4029.38 3674.61 354.772 79.358 697.137 533.524 392.113 114.325 277.788 163.614 130.512 99.1876 141.41 100.347
internal_count=16754 15285 1067 14218 1111 715 968 382 586 13107 12306 801 396 1469 1104 793 248 545 365 279 222 311 211
is_linear=0
shrinkage=0.03


Tree=109
num_leaves=21
num_cat=0
split_feature=15 3 15 11 22 7 3 2 12 25 3 22 12 22 11 22 22 3 22 25
split_gain=30.3973 16.5468 21.4436 16.2117 35.2406 23.9347 14.6185 12.4217 10.4229 9.86977 10.8087 9.27661 9.09283 12.9416 11.5293 20.6817 18.3868 11.4031 4.37626 1.17713
threshold=0.18450709642678567 0.44169923780835113 0.96005615600600025 2.3500000000000001 0.10690439866948542 82821.135000000009 0.555814153305487 12.575000000000001 56.500000000000007 0.79739605369437294 0.36935482706024531 0.36643683670790089 26.500000000000004 0.32192273842370617 4.4500000000000011 0.2797067920050646 0.25668009767904193 0.555814153305487 0.21943457299534663 0.7266817954536714
decision_type=2 2 2 2 2 2 2 2 2 2 2 2 2 2 2 2 2 2 2 2
left_child=6 2 3 5 -5 -2 8 -8 9 10 -1 -11 13 17 15 -14 -16 -3 -10 -9
right_child=1 12 -4 4 -6 -7 7 19 18 11 -12 -13 14 -15 16 -17 -18 -19 -20 -21
leaf_value=0.0030383172934079728 0.0041742704334427946 0.015816769056608709 -0.027976066224234413 0.01588326764913147 -0.0030978736302681525 -0.0060972230735076129 0 0.013983578280885867 0.02309515560369246 0.0088483635356238696 -0.0075540389166951338 -0.003629410053721195 0.0085085092675052081 -0.023612634641617863 0.0010522029772324229 -0.0067621516199319436 0.019136719973436044 -0.010031615708289787 0.0067908070364386492 0.025394198979846256
leaf_weight=724.59073925018311 1083.2550522442907 28.73355320841074 23.380547201260924 90.395624089986086 1724.8619619961828 247.70067772455513 34.942978367209435 42.830098122358322 35.848699599504471 414.2782034277916 95.302366673946381 56.7674895003438 204.15218761190772 20.978973306715488 91.500130534172058 126.63203966617584 123.19377494975924 27.783402800559998 39.777508817613125 49.63492314517498
leaf_count=1526 3555 73 569 250 6492 945 78 76 55 887 227 135 538 84 284 418 299 95 80 88
internal_value=0.0018084 0.000371241 -0.000499571 -0.000268212 -0.00211971 0.00223388 0.0054313 0.0151813 0.00447951 0.00379962 0.0017552 0.00727221 0.00483721 -0.00446896 0.00622563 0.00256688 0.0116486 0.00268862 0.0153019 0.0208343
internal_weight=5286.54 3792.57 3169.59 3146.21 1815.26 1330.96 1493.97 127.408 1366.57 1290.94 819.893 471.046 622.974 77.4959 545.478 330.784 214.694 56.517 75.6262 92.465
internal_count=16754 13602 11811 11242 6742 4500 3152 242 2910 2775 1753 1022 1791 252 1539 956 583 168 135 164
is_linear=0
shrinkage=0.03


Tree=110
num_leaves=17
num_cat=0
split_feature=23 8 6 18 26 23 11 11 6 9 6 22 7 19 19 8
split_gain=32.1979 24.7997 22.4135 25.5833 21.9859 19.6376 17.7462 15.3458 8.77474 10.9371 9.11137 8.10763 8.01597 4.61992 5.83934 2.02377
threshold=3.1550000000000007 40.210000000000008 684.50000000000011 1.0000000180025095e-35 3.5000000000000004 2.5683333333333338 8.8500000000000032 3.9500000000000006 716.50000000000011 7.5000000000000009 693.50000000000011 0.10917124591053802 69111.215000000011 26.550000000000004 33.150000000000013 23.515000000000004
decision_type=2 2 2 2 2 2 2 2 2 2 2 2 2 2 2 2
left_child=1 2 3 7 -5 6 -4 -1 10 -10 12 -2 -3 15 -15 -13
right_child=11 8 5 4 -6 -7 -8 -9 9 -11 -12 13 -14 14 -16 -17
leaf_value=-0.026494783131134392 0.0016577501687414489 0.013694854535636786 0.00014728029142234761 0.00272723491058927 0.014779283170016765 -0.028926795554955153 -0.0099729505512570066 0 0.011441535382697741 -0.019016775483629091 0.025587534719802317 0.013844979438122339 -0.0014311021309977268 0 0.016794560968785264 0.026835849365904055
leaf_weight=39.704023666679859 43.707759339362383 116.21973495185375 1181.7864977493882 3247.8227068632841 141.80618713051081 21.455715715885162 176.72924874164164 35.748475655913353 22.767314918339252 16.337535601109266 47.918830871582031 40.859594881534576 37.83838015794754 28.913528181612492 43.769641041755676 51.936111323535442
leaf_count=144 109 217 6168 7810 291 110 1042 103 75 88 82 91 86 73 87 88
internal_value=0.00252467 0.0020403 0.00156329 0.00285369 0.0032487 -0.0016546 -0.00115993 -0.01413 0.0114116 -0.000859867 0.0139197 0.0140286 0.00981679 0.0170582 0.0101237 0.021845
internal_weight=5295.32 5086.13 4845.05 3465.08 3389.63 1379.97 1358.52 75.4525 241.082 39.1049 201.977 209.187 154.058 165.479 72.6832 92.7957
internal_count=16664 16216 15668 8348 8101 7320 7210 247 548 163 385 448 303 339 160 179
is_linear=0
shrinkage=0.03


Tree=111
num_leaves=18
num_cat=0
split_feature=23 8 6 25 23 22 11 6 9 6 22 23 6 19 19 18 8
split_gain=30.6916 23.4661 21.7462 19.0261 27.4574 14.029 9.0106 8.31934 10.4001 8.53778 7.75182 7.73709 6.9319 4.42554 5.59485 4.37437 1.96485
threshold=3.1550000000000007 40.210000000000008 578.50000000000011 0.95574829801146211 2.7763888888888895 0.29694303700913577 5.0500000000000007 716.50000000000011 7.5000000000000009 693.50000000000011 0.10917124591053802 -0.365151515151515 681.50000000000011 26.550000000000004 33.150000000000013 1.5166666666666668 23.515000000000004
decision_type=2 2 2 2 2 2 2 2 2 2 2 2 2 2 2 2 2
left_child=1 2 5 4 -4 15 -7 9 -9 11 -2 -3 -5 16 -15 -1 -12
right_child=10 7 3 12 -6 6 -8 8 -10 -11 13 -13 -14 14 -16 -17 -18
leaf_value=0.0013774725359247794 0.0016110013184753406 0.025503796854628419 0.00065291341347561852 0.012641952837709037 -0.026345721553225412 0.004627066924359725 -0.0116661571463938 0.011086758161866998 -0.018657483972445491 0.024870790309266314 0.013516392916055379 0.0062384728595747171 -0.0015005746733534361 0 0.01645921599065207 0.01292669821828722 0.02637153791954408
leaf_weight=40.513031005859375 43.685191264376044 22.604623258113861 4162.2233139052987 159.20519286394119 32.144245434552431 114.04133821278811 39.359264217317104 22.853656858205795 16.193304721266031 47.879012897610664 40.649167109280825 130.80356414616108 33.638781240209937 28.913528181612492 43.368465177714825 260.99834975600243 51.309779573231936
leaf_count=84 109 32 14172 302 122 247 103 75 88 82 91 271 119 73 87 519 88
internal_value=0.00245242 0.00198037 0.00151658 0.000859788 0.000426398 0.00775355 0.00015719 0.0111113 -0.000825757 0.0135598 0.0137193 0.00956193 0.0100309 0.0167013 0.00988288 0.011493 0.0214171
internal_weight=5290.38 5082.46 4842.12 4387.21 4194.37 454.912 153.401 240.334 39.047 201.287 207.926 153.408 192.844 164.241 72.282 301.511 91.9589
internal_count=16664 16216 15668 14715 14294 953 350 548 163 385 448 303 421 339 160 603 179
is_linear=0
shrinkage=0.03


Tree=112
num_leaves=21
num_cat=0
split_feature=23 6 11 11 12 23 26 6 23 24 2 2 7 3 7 17 24 6 21 3
split_gain=29.2476 20.4141 18.6964 16.5299 15.1085 14.2782 13.6247 21.8357 13.6261 10.3582 10.2121 12.9718 12.417 7.28018 6.97986 6.19563 5.05919 4.02632 0.923987 6.91661
threshold=3.1550000000000007 578.50000000000011 10.350000000000003 9.7500000000000018 61.500000000000007 0.22361111111111104 1.5000000000000002 690.50000000000011 2.0612500000000007 9.5000000000000018 15.025 16.345000000000002 55335.555000000008 0.25541556277797556 73818.825000000026 3.5000000000000004 4.5000000000000009 554.50000000000011 9562.7350000000024 0.18125460482393438
decision_type=2 2 2 2 2 2 2 2 2 2 2 2 2 2 2 2 2 2 2 2
left_child=1 9 3 4 -3 -5 8 -8 -4 13 12 -12 -11 15 16 -1 -2 -15 19 -18
right_child=14 2 6 5 -6 -7 7 -9 -10 10 11 -13 -14 17 -16 -17 18 -19 -20 -21
leaf_value=-0.0015034616229187584 0.0053573140750029086 0.0013757177770711642 -0.010641654977502137 -0.0011372914645706427 0.014362643996516515 0.024150424978775301 0.0089122429488451942 -0.018338541889471593 0.011712432481299419 0.015635750388650789 -0.023510858868445381 0.004022177410550767 -0.0045378754347858465 0.023057216301852878 0.00024516975640211157 0.010306414645454811 0.022821678521784787 0.010017229322274161 0.023303698813002195 0.00299082273813103
leaf_weight=49.40400055795908 41.546452324837446 4023.1131655238569 255.51968502253294 27.968769736588001 80.910931520164013 52.945296870544553 114.36704090982676 31.92397896014154 24.232487242668867 62.127370625734329 25.626086488366127 30.425951175391674 43.613534808158875 59.776021040976048 34.841143444180489 138.67008750140667 38.822104174643755 58.643763512372971 58.075689665973186 33.403125792741776
leaf_count=112 97 13236 1018 101 209 115 274 220 57 115 79 67 106 108 91 281 73 118 108 79
internal_value=0.00238347 0.00192351 0.00130781 0.00192291 0.00164593 0.0152311 -0.00464489 0.00259608 -0.00852944 0.0078909 0.00150557 -0.00842503 0.00710678 0.0111328 0.0134163 0.00706314 0.0158805 0.0171223 0.0188774 0.0143821
internal_weight=5285.96 5079.27 4610.98 4184.94 4104.02 80.9141 426.043 146.291 279.752 468.287 161.793 56.052 105.741 306.494 206.689 188.074 171.847 118.42 130.301 72.2252
internal_count=16664 16216 15230 13661 13445 216 1569 494 1075 986 367 146 221 619 448 393 357 226 260 152
is_linear=0
shrinkage=0.03


Tree=113
num_leaves=17
num_cat=0
split_feature=23 8 6 18 26 23 2 8 6 9 6 7 8 8 8 22
split_gain=27.9068 22.2668 20.2517 24.024 20.5923 18.4699 16.517 16.1231 7.86876 9.8805 8.06798 7.62071 7.44307 6.08355 11.0748 9.64846
threshold=3.1550000000000007 40.210000000000008 684.50000000000011 1.0000000180025095e-35 3.5000000000000004 2.5683333333333338 11.615 4.8750000000000009 716.50000000000011 7.5000000000000009 693.50000000000011 69111.215000000011 16.355000000000004 19.705000000000002 24.135000000000002 0.1370275648355864
decision_type=2 2 2 2 2 2 2 2 2 2 2 2 2 2 2 2
left_child=1 2 3 6 -5 7 -1 -4 10 -10 11 -3 -2 -14 -15 -16
right_child=12 8 5 4 -6 -7 -8 -9 9 -11 -12 -13 13 14 15 -17
leaf_value=0.00052558446202632394 0 0.013077340597651048 -0.024261032054899375 0.00252463187345125 0.01421687704719782 -0.028266007988659241 -0.026492995133558257 -0.00067711755112021346 0.010713445688578205 -0.018315632146242745 0.024172454030543668 -0.0016980920059966327 0.028814291048095072 -0.0038632660185318351 0.0014944943575384254 0.02190945500313126
leaf_weight=35.108924619853497 35.335971305146813 114.9681022465229 24.743139544501901 3241.1009995192289 141.07219453155994 21.158735245466232 40.223099559545517 1333.5590275898576 22.94191786646843 16.055751696228981 47.822293475270271 37.724152684211731 29.201523900032043 26.719166371971369 32.507433645427227 81.666952826082706
leaf_count=105 95 217 318 7810 291 110 142 6892 75 88 82 86 50 73 79 151
internal_value=0.00231664 0.00186824 0.00141659 0.00264563 0.0030293 -0.00164156 -0.013825 -0.00116382 0.010778 -0.000816842 0.013167 0.00925823 0.0131278 0.0157051 0.0124129 0.016481
internal_weight=5281.91 5076.48 4836.97 3457.51 3382.17 1379.46 75.332 1358.3 239.512 38.9977 200.515 152.692 205.431 170.095 140.894 114.174
internal_count=16664 16216 15668 8348 8101 7320 247 7210 548 163 385 303 448 353 303 230
is_linear=0
shrinkage=0.03


Tree=114
num_leaves=18
num_cat=0
split_feature=23 8 6 23 8 21 2 26 6 9 6 23 2 8 8 8 22
split_gain=26.581 21.0709 19.5397 20.8739 16.457 15.8648 12.8884 11.2701 7.46049 9.39714 7.57128 7.51996 7.30866 7.10709 5.88126 10.595 9.25389
threshold=3.1550000000000007 40.210000000000008 643.50000000000011 2.6292857142857149 4.8750000000000009 7827.045000000001 9.6050000000000022 2.5000000000000004 716.50000000000011 7.5000000000000009 693.50000000000011 -0.365151515151515 12.305000000000001 16.355000000000004 19.705000000000002 24.135000000000002 0.1370275648355864
decision_type=2 2 2 2 2 2 2 2 2 2 2 2 2 2 2 2 2
left_child=1 2 5 4 -4 6 -1 -7 10 -10 11 -3 -5 -2 -15 -16 -17
right_child=13 8 3 12 -6 7 -8 -9 9 -11 -12 -13 -14 14 15 16 -18
leaf_value=-0.018107036977681856 0 0.024781550084929369 -0.014698608151809369 -0.028805062725232627 0.000430797240449104 0.0047649932422922821 0.0014520883878011293 0.013642329453611622 0.010384330104763419 -0.017968647800337193 0.023506803163248803 0.005735869109170481 -0.00093078604248088975 0.028346798137857936 -0.0037499340101243735 0.0014530860581330985 0.021500622704151387
leaf_weight=29.147492900490761 35.335971305146813 22.358596608042717 64.319114489480853 28.805087024345994 2635.9100403469056 922.53624456375837 983.27027130872011 155.08025177568197 23.021115563809872 15.915585469454525 47.758782729506493 129.71094642579556 15.037241503596304 28.831248894333839 26.760689683258533 32.488062798976898 80.774911019951105
leaf_count=85 95 32 503 130 10461 1953 2212 286 75 88 82 271 38 50 73 79 151
internal_value=0.00224973 0.00181289 0.00137372 -0.000280981 4.87026e-05 0.00355877 0.000824819 0.00609323 0.0104945 -0.000783925 0.0128267 0.00901619 -0.0203567 0.0128342 0.0153694 0.0121246 0.0161355
internal_weight=5277.06 5072.87 4834.11 2744.07 2700.23 2090.03 1012.42 1077.62 238.765 38.9367 199.828 152.07 43.8423 204.191 168.855 140.024 113.263
internal_count=16664 16216 15668 11132 10964 4536 2297 2239 548 163 385 303 168 448 353 303 230
is_linear=0
shrinkage=0.03


Tree=115
num_leaves=27
num_cat=0
split_feature=6 21 21 10 11 17 23 7 2 2 6 2 7 19 19 12 6 7 6 21 17 19 7 25 7 25
split_gain=29.2142 19.5247 23.8516 13.6017 16.4299 13.1151 19.7818 17.8645 12.79 15.4093 12.3123 13.032 12.2665 18.2564 19.94 14.836 13.2363 12.1574 9.31021 8.83055 13.2228 14.8088 7.3545 6.65564 8.43285 6.16404
threshold=633.50000000000011 3519.9850000000001 3674.1250000000005 1.0000000180025095e-35 8.4500000000000011 6.5000000000000009 2.0354166666666673 149812.54500000004 12.165000000000001 11.405000000000003 564.50000000000011 13.065000000000003 65883.47500000002 4.7500000000000009 9.0500000000000025 40.500000000000007 654.50000000000011 59087.945000000007 721.50000000000011 12237.830000000002 7.5000000000000009 11.750000000000002 38508.900000000001 0.4648448017231433 54854.745000000003 0.6710835032116621
decision_type=2 2 2 2 2 2 2 2 2 2 2 2 2 2 2 2 2 2 2 2 2 2 2 2 2 2
left_child=3 12 17 4 8 7 -7 -4 9 -1 -6 -12 15 -14 -15 16 -2 -3 -17 20 21 -5 -22 -21 -25 -10
right_child=1 2 5 19 10 6 -8 -9 25 -11 11 -13 13 14 -16 18 -18 -19 -20 23 22 -23 -24 24 -26 -27
leaf_value=0.0041616610011435164 0.013216807135063881 0.033128511654705865 -0.0021020910499479359 -0.0036367204605446206 0.0093885371424272824 0.00091945175360721272 0.011709910371603207 0.024537686235931187 0.0034992793529844764 -0.009708319195086329 -0.00070314497257308365 -0.019555072600640645 0.030677969156581719 -0.026854601034484466 0.0076368902296868602 -0.032926280667711832 -0.012657161100062852 0.00079455525911608694 -0.0013003994272126809 0.025424518724301962 0 0.0092684016297407586 0.017052349726168252 0.018351578707706526 0 0.0087917462285114489
leaf_weight=183.28025403618813 21.792616203427315 28.18941206485033 1569.8746081870049 160.44209729135036 35.02177257090807 1298.6504753492773 172.84984339773655 20.84618067368865 456.67828176915646 115.07199165970087 73.528218306601048 63.770698547363281 13.09031514264643 23.127181924879551 34.202401304617524 41.222262024879456 62.581844775006175 19.175122605636716 13.111117450520394 42.090807050466537 29.1707429215312 152.43201187998056 115.05109203606844 48.70485807210207 46.538179665803909 397.20551300048828
leaf_count=389 46 82 6724 376 72 4212 385 78 967 290 167 181 52 136 130 178 327 73 93 61 70 312 207 90 107 828
internal_value=0.00162174 -7.36108e-05 0.000516356 0.00456634 0.00283258 0.000172876 0.00222149 -0.00170377 0.00414062 -0.00111702 -0.00568881 -0.00982964 -0.00890989 0.000892483 -0.00620781 -0.0140416 -0.0054757 0.0212086 -0.0261443 0.0083569 0.00619225 0.0025743 0.0136933 0.015154 0.00987714 0.00601105
internal_weight=5237.7 3318.71 3109.59 1918.99 1324.56 3062.22 1471.5 1590.72 1152.24 298.352 172.321 137.299 209.128 70.4199 57.3296 138.708 84.3745 47.3645 54.3334 594.43 457.096 312.874 144.222 137.334 95.243 853.884
internal_count=16633 12516 11554 4117 2894 11399 4597 6802 2474 679 420 348 962 318 266 644 373 155 271 1223 965 688 277 258 197 1795
is_linear=0
shrinkage=0.03


Tree=116
num_leaves=25
num_cat=0
split_feature=6 10 3 6 25 18 8 7 11 8 8 22 7 22 21 6 25 3 0 8 11 23 11 7
split_gain=27.7417 20.8584 19.717 17.6681 16.3789 20.5624 27.7677 18.1388 15.9744 12.5755 9.68906 5.69574 7.333 7.33288 8.00401 8.0156 5.43841 5.32004 5.51688 4.95702 4.39003 3.92482 2.75214 2.25023
threshold=584.50000000000011 1.0000000180025095e-35 1.2611045552574403 786.50000000000011 0.081253125120196945 1.5166666666666668 19.705000000000002 48746.560000000005 2.2500000000000004 11.615 20.025000000000002 0.32342135633215768 36975.905000000006 0.25755712192600316 6310.7200000000003 564.50000000000011 0.086445632524327867 0.17747675424857765 16665.500000000004 23.625000000000004 5.6500000000000012 0.46306818181818193 1.9500000000000002 41087.790000000008
decision_type=2 2 2 2 2 2 2 2 2 2 2 2 2 2 2 2 2 2 2 2 2 2 2 2
left_child=11 2 3 9 7 6 -6 19 -7 -2 -9 13 -13 14 21 -16 -5 22 -19 -3 23 -1 -14 -15
right_child=1 4 -4 16 5 8 -8 10 -10 -11 -12 12 17 20 15 -17 -18 18 -20 -21 -22 -23 -24 -25
leaf_value=0.0065349235906163403 -0.0060040865564282772 -0.012496834770568474 0.024426391439839816 0.0043200578149127367 -0.024728613416507506 0.0084105676970572269 0.0012241365999453488 0.0054895528458155235 0.00117933499397935 8.4450478411786552e-05 0.031037250157924273 0.012925034302766656 0.010328405427392778 0.008374148418709244 0.014346031231346678 0.0028686457778930238 -0.028419703686257229 -0.017735493892751756 0.00036043636366921139 0.0078327669860645786 0.0043418113635126472 -0.006724973372276336 -0.0011086991357302832 0.021481869979305037
leaf_weight=29.554281443357468 339.48266327939928 18.086818728595972 26.087063420563936 3.0916273742914226 51.852223306894302 482.25673063658178 112.47984009236097 23.717453619465232 664.61616417206824 2801.293353267014 48.917003829032183 41.769841499626637 31.314245939254761 28.595365680754185 129.37801046669483 109.20924566686153 24.866614192724228 26.056498005986214 26.109403446316719 20.416639316827059 34.146723993122578 49.68598735332489 33.834099255502224 74.966367080807686
leaf_count=58 1545 84 44 63 286 1328 406 103 2048 8683 116 81 62 63 264 239 549 73 59 55 77 131 78 138
internal_value=0.00157746 0.00077168 -0.000565884 -0.000796376 0.00379371 0.00281562 -0.00698333 0.0148143 0.00425551 -0.000567508 0.0234677 0.00755983 0.00237526 0.00928654 0.00654225 0.00928467 -0.0237512 -0.00128325 -0.00844561 -0.00112181 0.0152212 -0.00137102 0.00408579 0.018374
internal_weight=5231.78 4617.16 3194.82 3168.73 1422.34 1311.2 164.332 111.138 1146.87 3140.78 72.6345 614.62 159.084 455.536 317.828 238.587 27.9582 117.314 52.1659 38.5035 137.708 79.2403 65.1483 103.562
internal_count=16633 15310 10884 10840 4426 4068 692 358 3376 10228 219 1323 353 970 692 503 612 272 132 139 278 189 140 201
is_linear=0
shrinkage=0.03


Tree=117
num_leaves=27
num_cat=0
split_feature=6 9 21 21 21 21 21 2 22 22 23 9 11 11 22 2 18 6 6 11 3 22 21 18 18 3
split_gain=26.8326 21.133 25.3591 28.1654 23.6436 31.9422 31.6745 21.2778 26.9798 19.912 19.62 15.6139 28.0964 15.5528 14.864 14.4301 12.9784 14.4785 22.6557 15.2 12.7828 12.2543 11.2551 11.0059 6.89321 5.15347
threshold=633.50000000000011 8.5000000000000018 8611.1200000000008 7308.7600000000011 8183.7000000000016 3056.4250000000006 2057.8900000000003 10.445000000000002 0.21943457299534663 0.13924692271400607 -1.0732142857142855 4.5000000000000009 1.4500000000000002 0.75000000000000011 0.39434889833813996 11.495000000000003 17.350000000000005 627.50000000000011 623.50000000000011 1.5500000000000003 0.18749219806542769 0.3226856889714424 11984.115000000002 18.383333333333336 32.750000000000007 0.10963334386191696
decision_type=2 2 2 2 2 2 2 2 2 2 2 2 2 2 2 2 2 2 2 2 2 2 2 2 2 2
left_child=16 2 3 13 5 6 -3 8 -6 -5 -7 12 -4 -2 -13 -9 17 18 20 -19 -1 -21 -20 -18 25 -25
right_child=1 4 11 9 7 10 -8 15 -10 -11 -12 14 -14 -15 -16 -17 23 19 22 21 -22 -23 -24 24 -26 -27
leaf_value=0 -0.012894116267535663 0.022815376114814222 -0.012185593411714279 0.0053679904759478987 -0.0054389918452230207 -0.022189675401431568 -0.027958039575596838 -0.014969832512152973 0.01219592850751486 -0.019738543159688746 0.0092009595265293634 -0.0014119884547936579 0.015970283260596831 -0.0010586617031827475 0.017885003686487544 -0.0019417182271101168 0.023696510279961443 0.022335104360810435 -0.016946835171534447 0.0095565398388141789 0.0059255262119416834 -0.01063702776123931 0.0039403934978294152 0.015104502647570465 0.02077277529541198 0.0021020798025155577
leaf_weight=589.35509437322617 117.28404364176095 12.547866890206931 38.77614670060575 31.185087764635682 136.24689175933599 16.039510054513812 41.208906562998891 116.0062702242285 173.62528866156936 166.23587981238961 649.2970168646425 739.79821680299938 134.68714677356184 668.70285288617015 35.672960387542844 238.86372435837984 47.667824663221836 67.488320514559746 76.530048623681068 113.65114618837833 743.17246827483177 32.286007970571518 29.067105889320374 34.53353001922369 29.11178333312273 148.24451240897179
leaf_count=1318 532 45 157 116 624 82 228 417 670 757 2357 2587 393 2766 106 679 82 108 215 231 1534 87 60 68 56 358
internal_value=0.00153401 -8.93173e-05 -0.00212387 -0.00550097 0.00272898 0.00649867 -0.0151752 -0.0013112 0.00436073 -0.0156082 0.00833502 0.00134859 0.00943816 -0.00289105 -0.000441984 -0.00634467 0.00436365 0.00334871 0.00223224 0.010642 0.00331437 0.00480287 -0.0109521 0.010632 0.00735858 0.00485797
internal_weight=5227.29 3316.18 1932.34 983.408 1383.84 719.093 53.7568 664.742 309.872 197.421 665.337 948.934 173.463 785.987 775.471 354.87 1911.11 1651.55 1438.12 213.425 1332.53 145.937 105.597 259.558 211.89 182.778
internal_count=16633 12516 7414 4171 5102 2712 273 2390 1294 873 2439 3243 550 3298 2693 1096 4117 3553 3127 426 2852 318 275 564 482 426
is_linear=0
shrinkage=0.03


Tree=118
num_leaves=25
num_cat=0
split_feature=6 10 7 2 2 25 25 2 7 8 7 7 8 12 9 6 8 16 25 18 19 23 18 21
split_gain=25.6687 19.6278 18.6566 23.1283 27.9207 15.4743 19.6303 21.7324 16.9625 15.5679 14.7802 12.4128 19.5557 10.786 9.4996 7.19556 4.73142 4.45784 8.97302 16.9938 6.85026 8.20227 7.2181 3.33711
threshold=584.50000000000011 1.0000000180025095e-35 32320.030000000002 7.1850000000000014 5.0050000000000008 0.081253125120196945 0.71216200623100889 8.2650000000000023 48746.560000000005 30.185000000000006 35960.915000000008 19195.590000000004 10.195000000000002 32.500000000000007 12.500000000000002 657.50000000000011 23.625000000000004 0.55230970421939307 0.79022270087311053 6.4000000000000012 12.050000000000002 -0.1222222222222222 13.416666666666668 4646.5250000000005
decision_type=2 2 2 2 2 2 2 2 2 2 2 2 2 2 2 2 2 2 2 2 2 2 2 2
left_child=14 2 11 4 -4 8 9 -8 16 -7 -5 15 -13 -10 17 -2 -3 18 19 -1 21 -19 -22 -20
right_child=1 5 3 10 -6 6 7 -9 13 -11 -12 12 -14 -15 -16 -17 -18 20 23 -21 22 -23 -24 -25
leaf_value=0.010090112016444356 0.00058002917134906799 -0.012214721748926329 0.022549407315315611 -0.0095904426069132048 -0.023833264338019518 -0.0026259921371467434 0.026217494550254725 0.0051329483682484934 0.037782337630308874 0.0071365881719824146 -0.00042830011913927429 -0.018005232262671114 0.008079886723719891 0.01197048149206585 -0.0080548348207144776 -0.023044234779067405 0.0076671472187634397 -0.0027926700844891489 0.0042574977712535652 -0.013321098648983296 -0.0095125915864990619 0.01326838147155484 0.0056775104572981943 0.018170895949988223
leaf_weight=144.56631608307362 20.633050851523876 18.01632515154779 11.537462526932357 168.19614523090422 73.284182136878371 603.76464506797493 48.035113928839564 466.18219211138785 27.016583669930696 191.85585817322135 2467.0487051028758 25.103338841348886 407.30851168558002 45.770104575902224 31.019811570644379 18.895326029509306 20.403753913938999 34.037349462509155 26.148580878973007 31.703776374459267 46.314330905675888 107.73669578135014 64.627312794327736 124.09709838032722
leaf_count=276 45 84 114 579 660 2241 162 1137 73 528 8150 131 1122 146 79 83 55 78 62 85 121 198 158 266
internal_value=0.00148973 0.000716163 -0.000581708 -0.00154616 -0.0168046 0.0036493 0.00269674 0.0072546 0.014358 -0.000222241 -0.00103128 0.00489677 0.00642055 0.0227065 0.00726685 -0.0105564 -0.00105692 0.00816389 0.0105658 0.0056089 0.00488415 0.00921855 -0.000454369 0.0160342
internal_weight=5223.3 4613.05 3192.01 2720.07 84.8216 1421.04 1309.84 514.217 111.207 795.621 2635.24 471.94 432.412 72.7867 610.251 39.5284 38.4201 579.231 326.516 176.27 252.716 141.774 110.942 150.246
internal_count=16633 15310 10884 9503 774 4426 4068 1299 358 2769 8729 1381 1253 219 1323 128 139 1244 689 361 555 276 279 328
is_linear=0
shrinkage=0.03


Tree=119
num_leaves=27
num_cat=0
split_feature=15 9 21 21 8 22 21 12 11 12 2 12 8 9 9 15 15 11 10 15 21 25 19 3 22 7
split_gain=24.7355 19.8582 23.9017 29.8947 31.9634 24.6119 22.282 32.3002 22.9877 20.7166 20.0419 28.7602 22.8768 19.164 15.3073 12.5004 23.8876 13.2088 12.9685 12.7751 11.7793 8.58367 15.1393 7.42933 8.30122 7.35429
threshold=0.2432785876379861 8.5000000000000018 8520.1150000000016 7308.7600000000011 29.445000000000004 0.13492628976287099 8183.7000000000016 42.500000000000007 1.0500000000000003 60.500000000000007 10.445000000000002 34.500000000000007 36.555000000000007 9.5000000000000018 4.5000000000000009 0.216046771029655 0.19731528135697529 1.5500000000000003 1.0000000180025095e-35 0.038943805530981972 9025.8150000000023 0.57277202969344987 6.2500000000000009 0.36607527076720753 0.24508417928790818 58289.610000000008
decision_type=2 2 2 2 2 2 2 2 2 2 2 2 2 2 2 2 2 2 2 2 2 2 2 2 2 2
left_child=15 2 3 4 -2 -5 7 13 -9 14 11 -8 -12 -3 -4 16 18 -17 19 -1 -20 22 -18 24 -19 -23
right_child=1 6 9 5 -6 -7 10 8 -10 -11 12 -13 -14 -15 -16 17 21 23 20 -21 -22 25 -24 -25 -26 -27
leaf_value=0.0088312025100717954 -0.0070174676525429289 0.018823774384657006 0.0084908001636661151 0.0089629911041136968 0.0058633951984151996 -0.021070027443431706 -0.0086026500334211494 -0.022623651877499366 0.0014554962569227584 0.025851268232511489 -0.0091345940119699678 0.010617448332370376 0.013322737731529045 0.0061312576333103167 -0.0013722001820327648 0.02124560604022192 -0.0038000772771637215 0.008772977485016091 0.0040631726068071925 0.00064370982783589403 0.013743419207694176 0.0054484121081970873 -0.037753256840377156 0.016017244058065972 -0.0069258854292015594 -0.014505261907053908
leaf_weight=216.00731537491083 532.71104956790805 167.44933843612671 171.21525708585978 26.479159742593765 252.54411539807916 153.19458864629269 101.76968240179121 41.963583923876286 179.41056921705604 27.842678003013134 310.35093158856034 208.24869547225535 44.188407078385353 331.11897423118353 766.66436889767647 73.31030684709549 31.131194397807121 62.168797507882118 277.3489090949297 853.99210508167744 208.0074672177434 40.754055932164192 20.288804218173027 42.190324887633324 54.366732835769653 24.458710908889771
leaf_count=466 2527 567 546 95 771 719 492 191 703 63 1011 802 85 1251 2693 119 79 128 605 1884 403 83 72 74 139 65
internal_value=0.00144717 -0.000109663 -0.0020837 -0.00542389 -0.0028324 -0.0164289 0.00262049 0.00627687 -0.00313633 0.00122705 -0.00130256 0.00419722 -0.00619242 0.0105123 0.000410664 0.00417083 0.00323139 0.0107265 0.00422995 0.00233795 0.00831273 -0.00967882 -0.0186705 0.00547746 0.00120269 -0.001798
internal_weight=5219.18 3315.15 1930.65 964.929 785.255 179.674 1384.5 719.942 221.374 965.722 664.558 310.018 354.539 498.568 937.88 1904.02 1671.99 232.036 1555.36 1070 485.356 116.633 51.42 158.726 116.536 65.2128
internal_count=16633 12516 7414 4112 3298 814 5102 2712 894 3302 2390 1294 1096 1818 3239 4117 3657 460 3358 2350 1008 299 151 341 267 148
is_linear=0
shrinkage=0.03


Tree=120
num_leaves=15
num_cat=0
split_feature=10 19 14 8 24 0 19 12 2 2 2 20 5 12
split_gain=21.8945 22.4198 18.3565 22.2222 18.4929 17.9751 17.0754 16.4242 10.0915 9.00036 21.8685 9.91085 4.90909 5.70519
threshold=2.5000000000000004 20.750000000000004 1.0000000180025095e-35 34.935000000000009 10.500000000000002 9689.5000000000018 18.150000000000002 59.500000000000007 8.6750000000000025 9.8750000000000018 8.9250000000000025 4.5000000000000009 1.0000000180025095e-35 29.500000000000004
decision_type=2 2 2 2 2 2 2 2 2 2 2 2 2 2
left_child=1 2 3 7 -5 6 -4 -1 -7 10 11 -3 13 -11
right_child=-2 9 5 4 -6 8 -8 -9 -10 12 -12 -13 -14 -15
leaf_value=0.00070366721371499952 0.022425582416413011 0.022030365565839021 -0.012293718888331013 0.010324627010698459 -0.0049731071973001563 0.012442672658082231 0.017878874547834087 0.01306081793956728 -0.0014948784809881276 0.016455906020813239 -0.028101419288256092 -0.0056587767531135376 0 0.0078488771914179273
leaf_weight=3444.8457798622549 45.076707065105438 22.489408109337091 221.85882707871497 423.96424386650324 81.249569028615952 51.517121661454439 15.742992382496594 98.055402519181371 363.24106910452247 108.61899481341243 18.883517388254404 18.407587887719274 40.424941129982471 293.12185816466808
leaf_count=11631 88 67 880 1005 245 260 29 273 1081 225 77 66 99 658
internal_value=0.00199902 0.00180772 0.00115497 0.00191258 0.00779536 -0.00349185 -0.0100368 0.00106131 0.000215725 0.007832 -0.00263559 0.00918546 0.00932025 0.0103203
internal_weight=5247.5 5202.42 4700.48 4048.11 505.214 652.36 237.602 3542.9 414.758 501.946 59.7805 40.897 442.166 401.741
internal_count=16684 16596 15404 13154 1250 2250 909 11904 1341 1192 210 133 982 883
is_linear=0
shrinkage=0.03


Tree=121
num_leaves=16
num_cat=0
split_feature=10 18 22 7 15 2 12 18 15 12 15 22 12 10 12
split_gain=20.7515 18.0325 18.5205 24.8701 20.0471 13.9863 15.718 12.1749 24.6756 16.9587 6.12142 5.2642 10.9281 4.76443 3.68413
threshold=2.5000000000000004 17.350000000000005 0.1472528049789045 19195.590000000004 0.022616254471325824 9.8750000000000018 41.500000000000007 1.8666666666666669 0.76639486134082091 31.500000000000004 0.52415477518366094 0.34378237523392696 33.500000000000007 1.0000000180025095e-35 39.500000000000007
decision_type=2 2 2 2 2 2 2 2 2 2 2 2 2 2 2
left_child=1 2 7 14 -5 6 10 8 -1 -9 -3 13 -13 -7 -4
right_child=-2 5 3 4 -6 11 -8 9 -10 -11 -12 12 -14 -15 -16
leaf_value=0.0022625893671693667 0.021868196403213167 0.016261659676007761 -0.035058677416419631 0.013451771544354372 3.1658925411991335e-05 0.008134953754134042 -0.027153950327819247 -0.00048063895150873549 -0.026796967159792538 0.009197800927004977 -0.0061794474370268082 0.014650813055886303 -0.0041025318297608984 0.016762170266893459 -0.010498485078872398
leaf_weight=247.06326677650213 44.892662180587649 18.982616096735001 16.67898166179657 101.25931385904551 3523.9389503393322 191.50741922110319 19.00747880525887 217.88020123168826 27.338511396199465 581.01564305648208 18.844828112050891 44.037276141345501 66.028642825782299 108.23259007185698 17.913853097707033
leaf_count=716 88 32 73 207 11889 426 82 657 275 1610 90 93 165 222 59
internal_value=0.00194136 0.00175521 0.00119129 0.00016569 0.000421992 0.0073815 -0.00608539 0.00465371 -0.000697012 0.00652617 0.00457982 0.00934252 0.00326053 0.01144 -0.024429
internal_weight=5244.62 5199.73 4733.09 3659.79 3625.2 466.641 56.8349 1073.3 274.402 798.896 37.8274 409.806 110.066 299.74 34.5928
internal_count=16684 16596 15486 12228 12096 1110 204 3258 991 2267 122 906 258 648 132
is_linear=0
shrinkage=0.03


Tree=122
num_leaves=26
num_cat=0
split_feature=10 17 18 27 20 6 6 25 6 26 0 21 25 6 18 6 23 21 6 22 22 12 11 12 11
split_gain=19.7907 24.1893 30.804 24.2739 20.0183 19.5153 25.6696 18.9032 18.2666 18.2061 17.2975 17.0831 15.5367 25.6387 15.4113 14.8695 14.7991 13.3422 17.0442 15.9215 12.0933 9.08221 5.98447 5.49253 3.12062
threshold=1.0000000180025095e-35 4.5000000000000009 10.016666666666667 1.0000000180025095e-35 1.5000000000000002 721.50000000000011 746.50000000000011 0.5498673025885612 640.50000000000011 3.5000000000000004 7363.0000000000009 4764.9500000000016 0.13429362667794917 688.50000000000011 18.116666666666671 790.50000000000011 1.9707142857142859 11590.395000000002 702.50000000000011 0.25755712192600316 0.17473729795695028 31.500000000000004 11.250000000000002 37.500000000000007 1.6500000000000001
decision_type=2 2 2 2 2 2 2 2 2 2 2 2 2 2 2 2 2 2 2 2 2 2 2 2 2
left_child=9 2 3 8 23 12 20 -5 -2 15 -11 -8 13 -3 -6 17 -14 18 -1 -19 -7 -12 -17 -4 -23
right_child=1 5 4 7 14 6 11 -9 -10 10 21 -13 16 -15 -16 22 -18 19 -20 -21 -22 24 -24 -25 -26
leaf_value=0.00034436029170276024 -0.00010423218642362862 0.0090419960061332329 0.0096873778729345966 0.013663009459769357 -0.016253842591385605 0.0018100846382944774 0.034821738431434268 -0.013115411168069522 -0.015578725125862142 -0.0087752310344691772 0 -5.0637564336944718e-05 0.0050653589891346447 0.041168440506292286 0.010734718864460266 -0.027800819514621423 0.014980138977816072 0.0002381272666873919 -0.0061735364822353605 0.0082471002797988389 -0.026914785933359543 0.0085385222464697645 0.0086705060648867033 0.029024396626664659 0.02346163811696805
leaf_weight=2065.1289962083101 120.46340280771255 77.171794131398201 30.726865321397781 88.288989126682281 29.247932270169258 16.103729017078876 15.077606029808519 29.386633096262813 170.88073153607547 30.179925376549363 28.564677927643061 42.239508723840117 648.32567133754492 32.815229251980782 46.725270077586174 21.410322993993763 177.99841160327196 582.02954392880201 433.91900735534728 369.05999507755041 40.243063695728779 28.079646170139313 2.5191881675273171 44.011155234649777 70.063042985275388
leaf_count=5528 279 169 77 290 94 68 93 119 910 107 87 347 1520 76 115 500 361 1730 2651 968 227 75 46 89 158
internal_value=0.00188472 0.00465439 -0.000331865 -0.00465685 0.0111166 0.00733661 -0.00416519 0.00661764 -0.00932702 0.000646696 0.0105807 0.00948178 0.00877075 0.019459 0 0.00018362 0.00726833 0.000362071 -0.000779403 0.00338818 -0.0184105 0.0154888 -0.0224317 0.021925 0.0197474
internal_weight=5240.66 1609.71 559.731 409.02 150.711 1049.98 113.664 117.676 291.344 3630.95 156.887 57.3171 936.311 109.987 75.9732 3474.07 826.324 3450.14 2499.05 951.09 56.3468 126.707 23.9295 74.738 98.1427
internal_count=16684 4834 1973 1598 375 2861 735 409 1189 11850 427 440 2126 245 209 11423 1881 10877 8179 2698 295 320 546 166 233
is_linear=0
shrinkage=0.03


Tree=123
num_leaves=15
num_cat=0
split_feature=10 19 14 8 22 21 2 23 25 2 2 23 25 19
split_gain=19.6812 19.6913 17.259 20.8836 19.5804 17.7485 19.6429 15.2206 13.4238 8.04243 20.8638 9.72557 9.42838 7.86651
threshold=2.5000000000000004 20.750000000000004 1.0000000180025095e-35 34.935000000000009 0.39070355124962691 6002.2800000000016 12.395000000000001 0.24772727272727282 0.60854263625524074 9.8750000000000018 8.9250000000000025 1.3261363636363639 0.95207507981076211 21.250000000000004
decision_type=2 2 2 2 2 2 2 2 2 2 2 2 2 2
left_child=1 2 3 8 -5 6 -4 -7 -1 10 12 -11 -3 -13
right_child=-2 9 5 4 -6 7 -8 -9 -10 11 -12 13 -14 -15
leaf_value=0.0024137485248464144 0.021297438635153633 0.022773267933011862 -0.0201642173236861 0.0089642071711791317 -0.016045548197817155 -0.0062882248261807759 0 0.0044114166196431905 -0.0013743017079548042 -0.0051832792155699151 -0.027499102783717939 0.024751613105983582 -0.0041327409647503414 0.0086904203624357298
leaf_weight=2180.699002256617 44.607351930812001 20.28094669058919 99.906717047095299 476.16353826224804 27.328926436603069 217.32816687785089 73.916896902024746 260.2270486317575 1358.4474289882928 37.170704770833254 18.795805530622602 31.326682269573212 20.501370703801513 368.5736470296979
leaf_count=7839 88 59 483 1156 94 822 200 745 4065 101 77 55 74 826
internal_value=0.00183223 0.00165104 0.00104098 0.00177632 0.00748925 -0.00346834 -0.0116238 -0.000401189 0.000951336 0.0073295 -0.00255689 0.00875097 0.00898543 0.0101402
internal_weight=5235.27 5190.67 4694.02 4042.64 503.492 651.379 173.824 477.555 3539.15 496.649 59.5781 437.071 40.7823 399.9
internal_count=16684 16596 15404 13154 1250 2250 683 1567 11904 1192 210 982 133 881
is_linear=0
shrinkage=0.03


Tree=124
num_leaves=27
num_cat=0
split_feature=19 14 8 22 12 11 6 3 3 5 8 8 12 6 3 3 6 23 11 23 25 11 19 22 3 18
split_gain=17.9148 17.7873 19.7721 18.8381 14.5052 29.0706 14.0066 11.4027 16.6923 14.1577 12.4927 22.9561 10.009 9.86078 8.98698 10.5187 9.25044 8.31643 8.24919 6.26658 6.79259 6.04409 4.56612 3.99375 2.73468 2.24637
threshold=20.750000000000004 1.0000000180025095e-35 34.935000000000009 0.39070355124962691 59.500000000000007 2.3500000000000001 685.50000000000011 0.34378776673854505 0.257367643700047 1.0000000180025095e-35 19.925000000000004 29.825000000000003 32.500000000000007 751.50000000000011 0.30924540385131111 0.20384865678286335 634.50000000000011 0.76666666666666694 1.5500000000000003 1.5449494949494953 0.9265933305127122 1.7500000000000002 22.450000000000003 0.32676640070185553 0.13138875389239432 20.916666666666671
decision_type=2 2 2 2 2 2 2 2 2 2 2 2 2 2 2 2 2 2 2 2 2 2 2 2 2 2
left_child=1 2 4 13 6 -6 -1 8 9 -3 17 -12 -10 -4 15 18 25 -9 24 -16 -21 -22 -20 -18 -2 -17
right_child=14 7 3 -5 5 -7 -8 10 12 -11 11 -13 -14 -15 19 16 23 -19 22 20 21 -23 -24 -25 -26 -27
leaf_value=0.0020301298024218988 0.021427634469014283 -0.0014562339527035106 0.0076126587569746839 -0.015592647240795491 0.028512594277947171 -0.0032153399094270898 -0.00215540168298075 0.017615881489759108 -0.036023330951988002 -0.023238251156911371 -0.019832991057905706 0.010051576520433628 -0.010545844807506796 0.025179538744245895 0 0.0091955973046651904 -0.024738475910346464 -0.0031336742707896506 0.010925257870669666 0.026572454769056727 0 0.014898495000366534 -0.00058916668429744381 -0.0029033782060798982 0.0083235223608116218 -0.0019794322655974613
leaf_weight=2466.4523569792509 37.490440493449569 378.83135164156556 448.11844608187675 27.336996536701918 48.524077696725726 49.715388650074601 1008.2666614595801 58.208604726940393 20.446958923712373 27.387794215232134 42.550354797393084 45.050456695258617 60.005430348217487 31.285306457430124 28.070183366537094 26.865688055753708 19.18706932477653 20.507327184081078 40.461071467027068 36.398785838857293 35.140945546329021 84.160162005573511 98.724725987762213 18.146801348775625 46.942299321293831 28.327829979360104
leaf_count=6084 75 1351 1006 94 107 167 5612 157 99 116 146 111 217 155 67 58 68 60 97 62 88 182 265 53 113 74
internal_value=0.00177826 0.00119855 0.00193922 0.0074837 0.00114072 0.0124132 0.000806435 -0.00337495 -0.00570939 -0.00310495 0.00326445 -0.00424813 -0.0181015 0.00892122 0.00717998 0.00393181 -0.004308 0.0118948 0.00748216 0.0125039 0.0148304 0.0106216 0.00265292 -0.0155751 0.0148504 0.00306687
internal_weight=5232.6 4732.69 4079.7 506.741 3572.96 98.2395 3474.72 652.988 486.672 406.219 166.317 87.6008 80.4524 479.404 499.916 316.146 92.5274 78.7159 223.619 183.77 155.7 119.301 139.186 37.3339 84.4327 55.1935
internal_count=16684 15482 13225 1255 11970 274 11696 2257 1783 1467 474 257 316 1161 1202 803 253 217 550 399 332 270 362 121 188 132
is_linear=0
shrinkage=0.03


Tree=125
num_leaves=21
num_cat=0
split_feature=10 5 14 17 25 22 25 9 10 9 11 16 2 0 4 11 2 11 9 23
split_gain=18.5913 13.9655 17.4801 16.7515 18.5804 20.3162 16.7312 14.9728 29.3985 18.2436 13.1037 23.4101 18.6724 9.86751 7.02709 12.9473 12.2174 8.64786 5.86109 1.3849
threshold=1.5000000000000002 1.0000000180025095e-35 1.0000000180025095e-35 3.5000000000000004 0.18800723104734798 0.39688902261080011 0.076829878072233557 8.5000000000000018 1.0000000180025095e-35 9.5000000000000018 1.0500000000000003 0.84743643986307171 11.075000000000001 13514.000000000002 1.0000000180025095e-35 9.2500000000000018 11.345000000000001 0.55000000000000016 5.5000000000000009 0.70000000000000051
decision_type=2 2 2 2 2 2 2 2 2 2 2 2 2 2 2 2 2 2 2 2
left_child=1 3 10 4 6 -6 -1 8 -5 -9 12 -12 -3 19 15 17 -16 -2 -19 -4
right_child=14 2 13 7 5 -7 -8 9 -10 -11 11 -13 -14 -15 16 -17 -18 18 -20 -21
leaf_value=-0.00061169150529784906 -0.0008555084584994997 0.033192460086174859 -0.027115423847575305 -0.0023469524498582702 -0.0019573274834667944 0.017687919980874441 -0.019675686492490584 0.0089196573438584358 0.0059217088114348875 0.0015682952359610859 0.00097688181722989766 0.022316768622035715 0.0041317053634189775 0.0046336050794625371 -0.01455767551225434 -0.0086200774687656342 0.009627535131965936 0.0024434840398802108 0.019032626419246464 -0.0081994851078644199
leaf_weight=76.87084580026567 26.204204466193914 40.691833719611168 16.160378718748692 1411.6975776739419 904.86793076246977 47.834598707035184 97.675478557124734 455.14500889182091 530.723812462762 949.68016139231622 237.30337008088827 56.607101298868656 43.543221548199654 22.155002981424332 27.204151101410389 22.485922630876303 50.156714510172606 27.801112771034241 141.67887129820883 14.711317148059605
leaf_count=349 71 120 79 4502 3338 158 521 1309 1510 2874 744 154 105 61 113 78 112 77 341 43
internal_value=0.00150723 0.00105819 0.00620858 0.000552631 -0.0025973 -0.000904541 -0.0115518 0.0016233 -6.85272e-05 0.00398066 0.00851492 0.00531138 0.0189623 -0.00940499 0.00880312 0.0115466 0.000592182 0.0140794 0.0165466 -0.0200613
internal_weight=5201.2 4905.67 431.172 4474.5 1127.25 952.703 174.546 3347.25 1942.42 1404.83 378.146 293.91 84.2351 53.0267 295.531 218.17 77.3609 195.684 169.48 30.8717
internal_count=16659 15867 1306 14561 4366 3496 870 10195 6012 4183 1123 898 225 183 792 567 225 489 418 122
is_linear=0
shrinkage=0.03


Tree=126
num_leaves=22
num_cat=0
split_feature=8 12 19 9 8 6 23 16 12 16 16 2 6 6 8 16 22 21 21 21 23
split_gain=20.5703 16.8776 17.7467 17.3162 19.5338 20.5452 19.3109 31.4037 15.952 15.8263 26.6856 26.4657 23.7167 21.6457 13.3625 11.8136 11.1663 10.033 14.6059 6.44953 4.98524
threshold=15.055000000000001 58.500000000000007 13.850000000000003 8.5000000000000018 39.365000000000002 740.50000000000011 -0.53166666666666651 0.66127543367052588 59.500000000000007 0.82820493095888315 0.6017539136120621 13.685 672.50000000000011 648.50000000000011 15.675000000000002 0.29120350782722421 0.25252516136197756 8520.1150000000016 4840.4250000000011 17870.405000000002 0.25634920634920649
decision_type=2 2 2 2 2 2 2 2 2 2 2 2 2 2 2 2 2 2 2 2 2
left_child=8 3 17 4 5 -2 7 -5 9 10 12 -12 -1 16 -8 -6 -11 18 -3 -15 -19
right_child=1 2 -4 6 15 -7 14 -9 -10 13 11 -13 -14 19 -16 -17 -18 20 -20 -21 -22
leaf_value=0.00055862666791505898 0.0002784186166502131 0.024977094218396213 -0.0074794705235934466 0.0025928321943825385 -0.0025291296876127907 -0.01210885557149447 -0.014112337200839438 -0.026996360901252559 -0.027191500658311132 -0.011859526814828708 0.01380803086336534 -0.010151153173788353 -0.011908458702431806 -0.02560895964518501 0.0057945149707893939 0.01423361665603658 0.0097080182902547097 0.012006775681989629 -0.0063566324875179384 0 0.032403460960429856
leaf_weight=429.54628481715918 2028.9331358224154 20.258474532514811 29.122817918658257 111.50358265824616 47.632961757481098 125.90977430716157 28.277334744110703 42.498166723176837 20.834436668083072 37.218188777565956 183.87592538818717 50.366617828607559 196.9656036477536 62.793183211237192 1496.8688381742686 134.99639743939042 46.105127602815628 27.186401221901178 29.7273955848068 9.1232363581657392 40.177527956664562
leaf_count=1115 5615 53 79 355 123 1210 115 200 97 104 719 147 1282 464 4305 297 101 69 108 38 63
internal_value=0.00146321 0.00240825 0.0123836 0.00203104 0.000346674 -0.000442031 0.00435473 -0.00562169 -0.00229978 -0.00170745 -7.33713e-05 0.00848704 -0.00333852 -0.0104609 0.00538778 0.00971907 0 0.0176071 0.00623771 -0.0222788 0.0251879
internal_weight=5199.92 4163.09 146.473 4016.62 2337.47 2154.84 1679.15 154.002 1036.83 1015.99 860.754 234.243 626.512 155.24 1525.15 182.629 83.3233 117.35 49.9859 71.9164 67.3639
internal_count=16659 12592 372 12220 7245 6825 4975 555 4067 3970 3263 866 2397 707 4420 420 205 293 161 502 132
is_linear=0
shrinkage=0.03


Tree=127
num_leaves=22
num_cat=0
split_feature=8 12 19 10 15 8 8 22 12 7 7 2 15 3 15 2 12 21 21 2 23
split_gain=19.4151 15.9634 16.8314 15.6812 25.8142 16.027 17.607 16.6189 15.1425 15.0202 25.058 24.8738 22.515 21.1789 19.2691 14.2387 12.8042 9.54873 13.783 6.04762 4.74167
threshold=15.055000000000001 58.500000000000007 13.850000000000003 1.0000000180025095e-35 0.74343243970921968 18.935000000000006 18.605000000000004 0.10690439866948542 59.500000000000007 82821.135000000009 60459.630000000012 13.685 0.46182545482518567 0.11467913036938472 0.30426170237316824 9.4950000000000028 45.500000000000007 8520.1150000000016 4840.4250000000011 14.625000000000002 0.25634920634920649
decision_type=2 2 2 2 2 2 2 2 2 2 2 2 2 2 2 2 2 2 2 2 2
left_child=8 3 17 5 16 6 -2 -7 9 10 12 -12 -1 19 -15 -6 -5 18 -3 -11 -19
right_child=1 2 -4 4 15 7 -8 -9 -10 13 11 -13 -14 14 -16 -17 -18 20 -20 -21 -22
leaf_value=0.0005419758265470657 0.0035353357081957496 0.024219641154791582 -0.0072518700886453728 0.0078971012799622844 -0.00043016951706412431 0.010488140361098295 0.02180476184847116 -0.00092127466222643312 -0.026531795472853507 -0.024810994662289993 0.013355184991359858 -0.0098400666701919312 -0.011630705112265247 0.013764242397257818 -0.015350372718795476 -0.021810442685803531 -9.3101144762968243e-05 0.011674632727517061 -0.0061830554197357399 0 0.03163899212474449
leaf_weight=429.52260463684797 420.44541942328215 20.326766487210989 29.197350256145 884.67102038115263 88.599874276667833 119.09406643919647 53.035460449755192 2189.9245370980352 20.762729590758681 64.295588066801429 184.46609102748334 50.461904752999544 195.68667633086443 43.636283621191978 34.955662351101637 41.229744277894497 217.30843558162451 27.178082201629877 29.701619487255812 11.431310303509234 39.965407360345125
leaf_count=1115 1422 53 79 2060 622 302 142 6835 97 377 719 147 1282 86 211 274 563 69 108 33 63
internal_value=0.00141953 0.00233767 0.0120435 0.00197049 0.00478995 0.000708999 0.00572793 -0.000311254 -0.00223905 -0.00166112 -7.11025e-05 0.00820528 -0.00324511 -0.0102173 0.000382987 -0.00767531 0.00629696 0.0171443 0.00604926 -0.0213313 0.0245632
internal_weight=5195.9 4160.68 146.369 4014.31 1231.81 2782.5 473.481 2309.02 1035.22 1014.46 860.137 234.928 625.209 154.319 78.5919 129.83 1101.98 117.172 50.0284 75.7269 67.1435
internal_count=16659 12592 372 12220 3519 8701 1564 7137 4067 3970 3263 866 2397 707 297 896 2623 293 161 410 132
is_linear=0
shrinkage=0.03


Tree=128
num_leaves=22
num_cat=0
split_feature=10 26 15 5 15 11 24 2 7 11 11 25 15 23 9 11 24 11 13 7 3
split_gain=17.4357 13.5855 22.0863 13.7769 17.4083 15.2467 11.7744 11.6882 11.0701 22.8942 19.2123 9.98725 9.40823 20.7768 7.26374 7.18099 14.3192 9.67251 7.10166 5.70268 5.28979
threshold=1.5000000000000002 3.5000000000000004 0.66089080349244222 1.0000000180025095e-35 0.075022116235239827 14.350000000000003 6.5000000000000009 12.865 86055.075000000012 1.5500000000000003 2.7500000000000004 0.79739605369437294 0.66637178353013593 0.39545454545454567 7.5000000000000009 4.3500000000000005 8.5000000000000018 0.45000000000000007 1.0000000180025095e-35 72912.940000000017 0.29040466773769197
decision_type=2 2 2 2 2 2 2 2 2 2 2 2 2 2 2 2 2 2 2 2 2
left_child=1 3 6 4 11 -6 20 -8 9 -5 -10 -1 15 18 -4 17 -17 -2 -14 -19 -3
right_child=12 2 14 8 5 -7 7 -9 10 -11 -12 -13 13 -15 -16 16 -18 19 -20 -21 -22
leaf_value=0.0016418227361840552 -0.00030539332941132097 -0.0086495767569877199 -0.031076113638919503 0.014862453366384611 -0.00019236117784783089 -0.010173940250385843 0.024182544724434849 0.0035708809602175958 -0.0013599308550993677 -0.0015448624741477939 0.029704886113236025 0.010586170933629051 -0.0037814766624617371 -0.033023838449502227 0 0.012228123027945124 -0.012708784435875092 0.012669328518144627 0.021443212774478512 0.027867760145086292 0.010589358983896156
leaf_weight=276.39528224617243 28.413913808763027 26.351140104234219 11.766259135678412 108.05206590332091 3664.3161000683904 141.48191303759813 80.957074098289013 41.69760026037693 27.898980997502804 242.04147783108056 39.957584975287318 200.36459565162659 16.649427486583591 13.14867579564452 15.493995407596229 56.397920459508896 29.435741350054741 91.825376994907856 17.185704296454787 41.080580070614815 21.540583848953247
leaf_count=599 69 82 93 311 12407 553 159 94 93 762 105 469 100 91 96 119 86 185 72 70 44
internal_value=0.0013775 0.000942834 0.00861611 0.000610021 9.43641e-05 -0.000576457 0.0127282 0.0175858 0.00579668 0.00348951 0.01683 0.00549198 0.00845951 -0.00325386 -0.0151964 0.0108149 0.00324007 0.0145725 0.00867531 0.017933 0
internal_weight=5192.45 4898.31 197.807 4700.51 4282.56 3805.8 170.546 122.655 417.95 350.094 67.8566 476.76 294.137 46.9838 27.2603 247.154 85.8337 161.32 33.8351 132.906 47.8917
internal_count=16659 15867 568 15299 14028 12960 379 253 1271 1073 198 1068 792 263 189 529 205 324 172 255 126
is_linear=0
shrinkage=0.03


Tree=129
num_leaves=19
num_cat=0
split_feature=8 12 9 8 15 9 3 3 19 7 12 25 15 3 7 0 0 21
split_gain=18.3902 15.1572 16.2644 18.5493 18.9429 16.6554 35.3063 20.5259 16.0277 14.4544 14.1476 11.74 24.1264 12.7266 11.2449 10.8509 10.0008 1.36969
threshold=15.055000000000001 58.500000000000007 8.5000000000000018 39.365000000000002 0.8259933074349014 9.5000000000000018 0.066727638473982456 0.063383086329176067 13.850000000000003 126791.51000000002 59.500000000000007 0.15273664371706605 0.47988384168621873 0.059869162079634053 42177.000000000007 13584.000000000002 7363.0000000000009 9298.1900000000005
decision_type=2 2 2 2 2 2 2 2 2 2 2 2 2 2 2 2 2 2
left_child=9 2 3 4 -2 6 -4 -7 15 10 11 12 -1 -13 -5 16 -3 -11
right_child=1 8 5 14 -6 7 -8 -9 -10 17 -12 13 -14 -15 -16 -17 -18 -19
leaf_value=-0.00058390035863978469 0.00015980063114480659 0.022179933933716384 -0.026038325498119103 -0.0025471876477278204 -0.01179076350208451 0.018734051161787432 0.010128550063129238 0.0010035076794114072 -0.0071048503682760705 -0.034235847224565324 -0.025514182011517842 -0.022572219491982601 -0.029438478177078439 0.00072968230102511493 0.013812463038676868 0.026505497676237309 -0.0014170829934073653 -0.009593299273405579
leaf_weight=87.750384695827961 2027.0253970474005 22.818007374182343 23.168528474867344 47.582878388464451 124.58745985850692 60.621131874620914 521.4671877399087 1071.2471321653575 29.222975552082062 11.21579202078283 19.998432399705052 19.615907732397318 36.566622229292989 847.91756558045745 134.4131167717278 54.352205503731966 39.796334888786077 10.075870938599108
leaf_count=269 5615 64 100 123 1210 181 1466 3228 79 83 93 117 350 3108 297 101 128 47
internal_value=0.00133765 0.00223154 0.00187342 0.000239587 -0.000528564 0.00412676 0.00844551 0.00201096 0.0116948 -0.00222682 -0.00165386 -0.00109221 -0.00964041 0.000117593 0.00939099 0.0166843 0.00713824 -0.0256874
internal_weight=5189.44 4156.3 4010.11 2333.61 2151.61 1676.5 544.636 1131.87 146.19 1033.14 1011.85 991.85 124.317 867.533 181.996 116.967 62.6143 21.2917
internal_count=16659 12592 12220 7245 6825 4975 1566 3409 372 4067 3937 3844 619 3225 420 293 192 130
is_linear=0
shrinkage=0.03


Tree=130
num_leaves=24
num_cat=0
split_feature=6 10 26 23 23 6 11 2 2 11 6 27 18 18 22 8 18 3 0 6 22 3 18
split_gain=25.5499 30.5223 21.8914 14.9918 20.6617 20.1175 29.5289 20.6506 19.1718 14.7496 14.0373 14.2684 13.0135 15.3602 10.2633 20.3864 13.2742 9.30465 8.45104 8.09389 7.88172 6.57161 1.38984
threshold=703.50000000000011 1.0000000180025095e-35 3.5000000000000004 -0.19999999999999998 -0.25227272727272715 736.50000000000011 12.550000000000002 10.295000000000002 5.0050000000000008 14.850000000000003 578.50000000000011 1.0000000180025095e-35 20.250000000000004 14.800000000000002 0.31790700274694855 28.255000000000006 1.4166666666666672 0.17747675424857765 7720.5000000000009 662.50000000000011 0.36813230682516918 0.24939536980139901 2.1166666666666671
decision_type=2 2 2 2 2 2 2 2 2 2 2 2 2 2 2 2 2 2 2 2 2 2 2
left_child=1 2 10 4 5 7 -7 -2 22 14 20 -12 13 -10 16 -16 -3 -11 -4 -20 -1 -6 -5
right_child=3 9 18 8 21 6 -8 -9 12 17 11 -13 -14 -15 15 -17 -18 -19 19 -21 -22 -23 -24
leaf_value=0.0068784383435283054 0.014466565536321963 -0.00084942261133497154 -0.00043339103615022229 0.036335214731967581 0.0076695594806409136 -0.019027907740254521 0.039931368649045569 -0.0090554088950553745 -0.0066234986190981176 0.0021525044777150459 -0.00010471662929291306 -0.0055331066856279098 0.014300037392281778 -0.029201803178102188 -0.003116983779493931 0.01203267295507891 0.0092859000669397798 -0.022708972816127489 0.0083348214862557172 0.027227283858935226 -0.008462942249972176 0.04347049562839958 0.0080815744239220305
leaf_weight=289.26376271247864 93.021206714212894 129.94804733991623 33.56969828158617 6.5833841003477565 12.453821301460268 69.40364757552743 6.4033387936651698 48.691061347723007 617.74267344363034 23.16126175224781 1909.2050977051258 567.36203960329294 22.374813560396433 27.604307297617197 244.43543104827404 115.39341656863689 781.18399509042501 24.413708209991455 62.789408698678017 37.271041437983513 30.235937796533108 11.321930740028618 8.1318356171250326
leaf_count=638 360 364 90 51 89 698 41 242 3899 61 5117 1601 75 166 676 234 1747 77 129 78 77 48 74
internal_value=0.000699396 0.00168773 -8.87218e-06 -0.00380734 0.00251737 -0.000353058 -0.0127637 0.00616233 -0.00608828 0.00547448 -0.000589638 -0.00136388 -0.00689959 -0.00772285 0.00610774 0.0016981 0.00780883 -0.0104018 0.0117513 0.0160616 0.00528968 0.0279319 0.0253518
internal_weight=5171.96 4248.23 2929.7 923.732 241.295 217.519 75.807 141.712 682.437 1318.54 2796.07 2476.57 667.722 645.347 1270.96 359.829 911.132 47.575 133.63 100.06 319.5 23.7758 14.7152
internal_count=16632 10889 7730 5743 1478 1341 739 602 4265 3159 7433 6718 4140 4065 3021 910 2111 138 297 207 715 137 125
is_linear=0
shrinkage=0.03


Tree=131
num_leaves=22
num_cat=0
split_feature=6 7 24 2 0 11 26 3 11 26 6 2 2 2 17 18 13 19 9 18 7
split_gain=24.0011 18.858 20.7108 20.9431 18.6411 20.3065 17.5891 17.3713 18.1137 23.8867 16.3394 15.4384 31.3264 19.9627 13.945 16.6163 11.534 9.65869 5.18894 4.99853 2.88254
threshold=703.50000000000011 30873.720000000005 9.5000000000000018 9.6650000000000009 11987.500000000002 8.2500000000000018 4.5000000000000009 0.092313012178143916 0.75000000000000011 1.0000000180025095e-35 578.50000000000011 13.095000000000001 13.505000000000001 12.365 3.5000000000000004 0.11666666666666668 1.0000000180025095e-35 8.4500000000000011 12.500000000000002 1.5166666666666668 26229.260000000006
decision_type=2 2 2 2 2 2 2 2 2 2 2 2 2 2 2 2 2 2 2 2 2
left_child=6 2 4 20 5 -2 10 8 -3 -10 18 13 -13 -12 16 -16 -9 -6 19 -1 -4
right_child=1 7 3 -5 17 -7 -8 14 9 -11 11 12 -14 -15 15 -17 -18 -19 -20 -21 -22
leaf_value=-0.0013853788873926358 -0.030550356604661197 -0.022654238985885665 0.018896282049571139 -0.0058830705221453441 0.02004994051322281 0.015554201635730557 0.019839791704870626 -0.02346590008737829 -0.012488751514201936 0.019759075336887002 0.00064280765517491629 -0.013016528057788133 0.00018732792734861578 0.0071574411968207642 0.015679333325151135 -0.0062489112879261007 -0.0058734236308774267 -0.0063601276773703995 -0.0049584467718682664 0.0085042099765519977 0.046806691725186519
leaf_weight=45.513989076018333 27.42786337248981 15.186651786789296 16.076972018927339 13.868026921525596 30.269218303263187 9.7395920325070602 45.515850707888603 77.372741874307394 26.365437213331461 69.129394073039293 2188.3708775490522 199.01907569169998 805.35381396859884 527.18703367561102 30.565686663612723 501.96952146850526 70.891622858121991 16.809645948931575 28.252340592443943 406.15344122797251 15.688235491514204
leaf_count=100 189 122 66 70 111 45 91 718 209 446 5988 568 1929 1234 172 2866 608 65 71 908 56
internal_value=0.000680593 -0.00369345 0.00672655 0.0225927 -0.00184434 -0.0175256 0.00163823 -0.00545379 0.00534118 0.0104744 0.00142449 0.000741626 -0.00241991 0.00192291 -0.00726323 -0.00488023 -0.015444 0.010134 0.00663013 0.00743981 0.0355252
internal_weight=5166.73 921.361 129.88 45.6332 84.2463 37.1675 4245.37 791.481 110.681 95.4948 4199.85 3719.93 1004.37 2715.56 680.8 532.535 148.264 47.0789 479.92 451.667 31.7652
internal_count=16632 5743 602 192 410 234 10889 5141 777 655 10798 9719 2497 7222 4364 3038 1326 176 1079 1008 122
is_linear=0
shrinkage=0.03


Tree=132
num_leaves=27
num_cat=0
split_feature=6 10 26 7 22 17 2 25 0 11 2 7 11 25 6 16 12 19 11 22 19 7 23 12 25 22
split_gain=22.6344 28.7414 20.2651 17.8685 20.5901 16.2562 19.0479 15.5435 14.7823 26.7499 14.7275 14.6863 13.9141 12.5988 12.5472 16.0269 10.7961 10.3069 23.7278 11.0772 10.255 9.37079 8.24724 7.947 7.65855 7.4735
threshold=703.50000000000011 1.0000000180025095e-35 3.5000000000000004 30873.720000000005 0.31997759106742846 3.5000000000000004 5.0050000000000008 0.70470018077618379 11987.500000000002 8.3500000000000032 12.015000000000002 56297.945000000007 14.850000000000003 0.80085772529712684 578.50000000000011 0.51373129735759082 41.500000000000007 5.3500000000000005 6.1500000000000012 0.31790700274694855 8.4500000000000011 36196.535000000011 -1.1309523809523807 34.500000000000007 0.32774337474518256 0.36813230682516918
decision_type=2 2 2 2 2 2 2 2 2 2 2 2 2 2 2 2 2 2 2 2 2 2 2 2 2 2
left_child=1 2 14 4 8 7 -7 22 9 -2 -8 21 17 -9 25 -16 -13 18 -3 -19 -10 -4 -5 -14 -6 -1
right_child=3 12 11 5 24 6 10 13 20 -11 -12 16 23 -15 15 -17 -18 19 -20 -21 -22 -23 -24 -25 -26 -27
leaf_value=0.0065285133665724682 -0.030567274021073773 0.0045958807648069843 0.014056127991652958 0.010877281973337895 0.036278326509171378 0.029677493016632896 -0.0053245327198773954 0.01771201737695333 0.019365692106872966 0.020299154740141892 0.01092007454045202 0.006939846345697478 0.0020921688479672283 -0.012312999697081849 0.0008451427966451831 -0.0039834695108250436 0.032914022557390482 0.0065880480890218368 0.025002215408454122 -6.1835968949402532e-05 -0.007593133779787882 -0.0079012087369214543 -0.020736707537069708 -0.020847853965315525 0.0082056233234147919 -0.0084103668635732501
leaf_weight=286.84887608140707 28.11968500725925 159.48588508367538 27.77306555211544 5.4382898304611436 20.160778308287263 13.504157371819018 552.33179407380521 20.829245673492551 30.466159906238317 11.102929415181277 52.311206668615341 32.533149540424347 21.694519564509392 25.70176443643868 1348.0230062231421 1128.7039644867182 33.456926189363003 714.60394018888474 78.159015700221062 315.93097196519375 17.478761103004217 39.675704196095467 118.96397285256535 25.945888385176659 22.780224602669477 30.260647974908352
leaf_count=638 196 413 56 46 83 97 3255 130 111 46 216 77 51 189 3461 3257 55 1650 152 806 69 109 1208 87 97 77
internal_value=0.000660817 0.0015905 -5.55913e-05 -0.00359227 0.00653568 -0.00531245 -0.00296438 -0.0134978 -0.00161352 -0.0151543 -0.0038383 0.0112663 0.0052698 0.000685339 -0.000614747 -0.00134471 0.0211308 0.00588711 0.0115852 0.00452417 0.00902644 0.000852507 -0.0189671 -0.0101337 0.0230812 0.00496516
internal_weight=5162.28 4243.1 2927.28 919.189 130.109 789.08 618.147 170.933 87.1675 39.2226 604.643 133.439 1315.82 46.531 2793.84 2476.73 65.9901 1268.18 237.645 1030.53 47.9449 67.4488 124.402 47.6404 42.941 317.11
internal_count=16632 10889 7730 5743 602 5141 3568 1573 422 242 3471 297 3159 319 7433 6718 132 3021 565 2456 180 165 1254 138 180 715
is_linear=0
shrinkage=0.03


Tree=133
num_leaves=22
num_cat=0
split_feature=15 7 8 25 13 3 22 3 25 26 3 15 0 27 0 8 25 25 7 0 12
split_gain=21.2864 16.9146 19.5382 24.8714 24.6771 20.0989 19.2628 17.4403 17.3698 16.1269 15.3223 14.8802 12.8655 13.9492 13.5798 12.1286 6.95469 6.68698 6.06585 5.63592 5.52807
threshold=0.65002500096157556 30873.720000000005 14.625000000000002 0.70470018077618379 1.0000000180025095e-35 0.092313012178143916 0.31997759106742846 0.29040466773769197 0.26370245009423443 4.5000000000000009 0.27551007561640978 0.063521673910535037 22017.500000000004 1.0000000180025095e-35 17113.000000000004 34.515000000000008 0.32774337474518256 0.35087887995692146 97376.075000000012 9304.5000000000018 23.500000000000004
decision_type=2 2 2 2 2 2 2 2 2 2 2 2 2 2 2 2 2 2 2 2 2
left_child=9 6 3 20 -5 8 10 -7 -4 11 -2 17 14 -14 -13 -12 -8 19 -19 -1 -3
right_child=1 2 5 4 -6 7 16 -9 -10 -11 15 12 13 -15 -16 -17 -18 18 -20 -21 -22
leaf_value=-0.013486364086828446 -0.030419693746897056 -0.00013831734792043131 -0.012540798876050613 -0.022155845193551432 0.025529980831987667 -0.0090165870637730749 0.034722730966083172 0.0018459638362444096 0.016841495661410317 0.019005614102012017 -0.0030028539213625559 0.00075888119480815939 0.0082738713052897712 -0.0043706977379674022 -0.0051340893489730723 0.023997110740309111 0.0079531155986101096 0.0089230810400423317 -0.0040852964737045847 0.0036408288191419813 -0.027503219204338347
leaf_weight=23.351845949888229 12.169451018795369 9.7112077251076681 21.251599261537194 15.177553381770847 20.113263702020049 374.12302351929247 20.516097120940685 198.61460860073566 71.288065928965807 45.350307896733284 57.201775899156928 2874.7390074878931 348.93310863524675 96.379189752042294 398.9222222045064 17.582713633775711 22.860636714845896 373.20971962064505 30.849734537303448 48.983300134539604 76.0914192115888
leaf_count=60 92 100 178 127 115 2398 83 967 392 91 290 7668 761 248 1042 40 97 840 79 100 864
internal_value=0.000644007 -0.00348654 -0.0051673 -0.0162106 0.00412884 -0.00306969 0.00635275 -0.00520415 0.00965401 0.00154519 -0.00156121 0.00134033 0.000690229 0.00546283 2.89202e-05 0.00341416 0.022248 0.00632855 0.00784079 -0.00169883 -0.0248214
internal_weight=5157.42 916.701 786.371 121.093 35.2908 665.277 130.331 572.738 92.5397 4240.72 86.9539 4195.37 3718.97 445.312 3273.66 74.7845 43.3767 476.395 404.059 72.3351 85.8026
internal_count=16632 5743 5141 1206 242 3935 602 3365 570 10889 422 10798 9719 1009 8710 330 180 1079 919 160 964
is_linear=0
shrinkage=0.03


Tree=134
num_leaves=22
num_cat=0
split_feature=15 7 22 2 3 5 26 21 11 26 15 2 2 2 3 11 21 12 25 21 7
split_gain=20.0786 16.0069 18.0543 16.6784 15.4954 22.6295 26.2646 15.3661 26.3318 15.2617 14.0715 14.513 29.5374 18.861 13.4526 13.8557 11.2067 10.9461 6.34504 7.79781 5.77555
threshold=0.65002500096157556 30873.720000000005 0.31997759106742846 9.6650000000000009 0.092313012178143916 1.0000000180025095e-35 1.0000000180025095e-35 11670.150000000001 8.3500000000000032 4.5000000000000009 0.063521673910535037 13.095000000000001 13.505000000000001 12.365 0.11798242584818062 1.6500000000000001 14196.555000000002 39.500000000000007 0.35087887995692146 8337.6400000000012 97376.075000000012
decision_type=2 2 2 2 2 2 2 2 2 2 2 2 2 2 2 2 2 2 2 2 2
left_child=9 2 7 -4 5 6 -3 8 -2 10 18 13 -13 -12 17 -16 -9 -6 19 -1 -20
right_child=1 4 3 -5 14 -7 -8 16 -10 -11 11 12 -14 -15 15 -17 -18 -19 20 -21 -22
leaf_value=-0.012325536578959226 -0.025712145942604226 -0.023383223833082199 0.033109911097864278 -0.0045052063263972099 -0.033511512810260401 0.045233328938108656 0.0099358943767550584 0.026488052477321156 0.020203722224223689 0.018509714861336932 0.00057124004635616022 -0.012675729723344933 0.00013734131965913865 0.0069068464468946718 0.00077431493083231012 -0.0085877491807684718 -0.0044340481565588279 -0.0058035420660822118 0.0087074594709234589 0.0067716426993619421 -0.0039606728506208092
leaf_weight=33.045208469033241 36.479790205135942 27.539871159940958 30.642241340130568 13.149748563766478 28.336966874077916 9.4033683855086547 73.945848107337952 20.385318893939257 13.468622444197534 45.223861142992973 2187.961339905858 199.30784407258034 804.90823584794998 526.51211469620466 209.53760866448283 405.53653168678284 16.373132282868028 29.419735895469785 371.06048921495676 39.318507060408592 30.927543759346008
leaf_count=83 237 232 116 64 254 53 492 60 55 91 5988 568 1929 1234 1208 2689 70 213 840 77 79
internal_value=0.000625119 -0.00339243 0.00616708 0.0214564 -0.00503404 0.00513482 0.000327122 -0.00152635 -0.0124522 0.0015 0.00130065 0.00066935 -0.00239601 0.00181535 -0.00676467 -0.00535758 0.0124225 -0.0205665 0.00616317 -0.00164269 0.00764378
internal_weight=5152.48 914.219 130.499 43.792 783.72 110.889 101.486 86.7069 49.9484 4238.27 4193.04 3718.69 1004.22 2714.47 672.831 615.074 36.7585 57.7567 474.352 72.3637 401.988
internal_count=16632 5743 602 180 5141 777 724 422 292 10889 10798 9719 2497 7222 4364 3897 130 467 1079 160 919
is_linear=0
shrinkage=0.03


Tree=135
num_leaves=25
num_cat=0
split_feature=14 8 23 2 21 7 7 11 11 23 23 21 5 7 15 11 7 22 25 22 7 9 15 12
split_gain=22.4331 21.392 25.0072 20.8423 23.7157 17.6349 17.8766 17.462 16.0325 15.8425 20.9517 16.9933 14.5178 20.9281 21.0007 17.1749 27.6517 17.0837 14.3048 12.4689 12.2732 9.32479 7.48799 0.31069
threshold=1.0000000180025095e-35 9.3950000000000014 -1.0732142857142855 11.985000000000001 5852.6200000000017 102103.58 49729.945000000007 9.4500000000000011 6.9500000000000011 0.31742424242424255 0.76666666666666694 12775.830000000002 1.0000000180025095e-35 80682.945000000022 0.055925227893380523 1.7500000000000002 86055.075000000012 0.35735767912232741 0.87220662333166665 0.28712395611792269 57760.240000000013 9.5000000000000018 0.74343243970921968 37.500000000000007
decision_type=2 2 2 2 2 2 2 2 2 2 2 2 2 2 2 2 2 2 2 2 2 2 2 2
left_child=1 2 -1 4 18 6 21 19 -8 11 -11 -6 13 14 -3 20 -17 -15 22 -4 -14 -5 -2 -9
right_child=3 12 7 5 9 -7 8 23 -10 10 -12 -13 15 17 -16 16 -18 -19 -20 -21 -22 -23 -24 -25
leaf_value=0.025731760857560453 -0.034253283701226558 0.010686590045341806 -0.011489917960428765 0.010783518940862689 -0.018521784768307611 0.020482877062413342 -0.0034195194993928914 -0.017408075288269209 -0.028284052567914015 0.016741499072788286 -0.0063425685318817156 0.0033222561413953073 0.023768634751742464 -0.0062478404204871774 0.0016240880365379923 -0.0019497849872089916 0.023155350807035686 0.0060711523192346351 0.0021361822912983777 0.0012590184206658812 0.0032878303186909042 -0.0056490691433156203 -0.0076194703655117881 -0.040838325718489707
leaf_weight=18.378829072229564 53.018615398555994 250.36764167249203 154.07309544738382 105.38719362020493 102.54750498197973 35.424729309976101 125.02467180788517 12.926085989922287 28.160547807812691 52.77998710423708 96.430642277002335 42.363390708342195 78.665989421308041 486.24421145580709 2871.7001073230058 200.16217245534062 46.688345808535814 123.80638636834919 14.278772000223396 116.26042072754353 45.671207116916776 39.620024643838406 16.930226594209671 11.694779388606547
leaf_count=62 244 550 738 236 520 71 350 73 99 168 337 150 174 1764 8965 630 125 408 37 476 144 107 147 76
internal_value=0.000556927 0.00135915 -0.00614936 -0.00436746 -0.00917645 0.00101913 -0.00131425 -0.00839685 -0.00848938 -0.00495143 0.00173795 -0.0119734 0.00194253 0.00136777 0.00236682 0.00760282 0.00282589 -0.00368708 -0.0231252 -0.00592793 0.0166543 0.00607383 -0.0286149 -0.0318963
internal_weight=5128.61 4416.64 313.333 711.966 378.349 333.617 298.192 294.954 153.185 294.122 149.211 144.911 4103.31 3732.12 3122.07 371.188 246.851 610.051 84.2276 270.334 124.337 145.007 69.9488 24.6209
internal_count=16651 14185 1425 2466 1603 863 792 1363 449 1175 505 670 12760 11687 9515 1073 755 2172 428 1214 318 343 391 149
is_linear=0
shrinkage=0.03


Tree=136
num_leaves=24
num_cat=0
split_feature=8 6 3 11 7 8 9 8 3 9 7 7 9 6 3 6 7 22 0 12 2 12 12
split_gain=20.1563 16.6534 16.3466 21.2877 33.445 27.0744 18.4093 15.9201 14.7123 14.657 10.4118 16.8442 16.1407 10.4383 9.6391 7.92296 7.85494 7.08067 12.7054 5.62966 4.25825 5.6502 2.03669
threshold=9.3950000000000014 584.50000000000011 0.29973624152791467 1.6500000000000001 82821.135000000009 22.815000000000001 12.500000000000002 29.705000000000002 0.85246952218758409 3.5000000000000004 82821.135000000009 40876.17500000001 8.5000000000000018 642.50000000000011 0.064944893845163734 590.50000000000011 40684.17500000001 0.32548532666610247 8843.5000000000018 39.500000000000007 14.685 34.500000000000007 37.500000000000007
decision_type=2 2 2 2 2 2 2 2 2 2 2 2 2 2 2 2 2 2 2 2 2 2 2
left_child=8 16 3 4 -3 -5 9 -8 10 -4 11 13 -13 -1 -12 -16 20 19 -19 -18 22 -22 -2
right_child=1 2 6 5 -6 -7 7 -9 -10 -11 14 12 -14 -15 15 -17 17 18 -20 -21 21 -23 -24
leaf_value=-0.0060525417231608062 0.0097753419592968554 0.0057225628596604987 0.017483904097010249 -0.0067995166618986603 -0.0084952934143812959 0.00039077525937950935 -0.02208003117441177 0.0069919548883408235 0.021391839595753113 0.0031126196905908949 0.0017079344401480538 -0.007304693362546597 0.0093252655066029394 -0.028161214757172898 0 -0.033001404511718103 0.0095393294199926249 0.008460873151687082 -0.014456140586927929 0.00063064191108612 0.015626468050311759 -0.0019851610129183218 0.022506176642086755
leaf_weight=50.292471952736378 39.042375959455967 740.60668988525867 66.601754946634173 817.28704673610628 183.04434332624078 1092.0967763103545 44.929620301350951 23.313243519514799 14.209791216999291 1286.1960333101451 11.895584210753439 126.80935876164585 86.411239957436919 36.494769867509604 9.2874574810266477 32.183029639534652 167.14149269461632 37.425641380250454 44.75823699682951 115.25003312528133 25.170027457177639 34.293631784617901 40.509807579219341
leaf_count=130 86 2292 155 3315 699 3493 176 56 34 3622 67 588 361 272 21 223 367 76 123 279 54 91 71
internal_value=0.00054014 0.00106936 0.000449773 -0.000859108 0.00286027 -0.00267514 0.00307783 -0.011805 -0.00619715 0.00386706 -0.00750512 -0.00512244 -0.000401702 -0.0161122 -0.0196891 -0.026313 0.00622149 0.00375113 -0.00371055 0.006039 0.0123423 0.00524737 0.017019
internal_weight=5125.25 4757.67 4254.08 2833.03 923.651 1909.38 1421.04 68.2429 367.584 1352.8 353.374 300.008 213.221 86.7872 53.3661 41.4705 503.591 364.575 82.1839 282.392 139.016 59.4637 79.5522
internal_count=16651 14955 13808 9799 2991 6808 4009 232 1696 3777 1662 1351 949 402 311 244 1147 845 199 646 302 145 157
is_linear=0
shrinkage=0.03


Tree=137
num_leaves=22
num_cat=0
split_feature=14 8 23 22 22 6 0 6 6 18 22 5 18 16 22 16 6 18 12 23 6
split_gain=21.2012 19.2012 23.4795 15.9456 17.9469 14.908 14.2156 22.7409 20.9203 14.0127 18.6334 13.7261 19.5036 20.0268 13.624 12.7606 12.4488 15.9969 10.9563 6.13339 4.40083
threshold=1.0000000180025095e-35 9.3950000000000014 -1.0732142857142855 0.10882856748725699 0.17959542111712937 699.50000000000011 8383.5000000000018 639.50000000000011 690.50000000000011 9.5166666666666675 0.3087084972999472 1.0000000180025095e-35 24.050000000000001 0.8125504827108736 0.10849185197541003 0.9254779029962692 594.50000000000011 12.433333333333335 23.500000000000004 2.1522727272727278 635.50000000000011
decision_type=2 2 2 2 2 2 2 2 2 2 2 2 2 2 2 2 2 2 2 2 2
left_child=1 2 -1 20 6 15 7 -5 -8 14 -11 12 13 -3 -4 -6 -13 -18 -7 -14 -2
right_child=3 11 9 4 5 18 8 -9 -10 10 -12 16 19 -15 -16 -17 17 -19 -20 -21 -22
leaf_value=0.024974948207546449 -0.0068736180963673886 0.0018738546788170734 0.0084900427695209953 0.0091831212411798632 -0.0052523752111341433 0.0077697750141494538 0.0011440929725132808 -0.031838394963580645 0.026746833013765285 -0.012298883494111956 0.016075002426594202 -0.0078396637608034205 0.024701954673260661 -0.0041648845379724086 -0.014651907304969626 0.011911588113853193 0.01196462115444792 -0.0065954683432129574 -0.020572956416407689 0.0082762016432851391 -0.031544061638653302
leaf_weight=18.480725599452853 15.864524841308592 3014.3978977017105 22.930682713165879 24.510016515851021 362.11882425844669 11.593691864982246 87.346803858876228 19.710487710312009 43.006000269204378 36.964888798072934 41.950808502733707 39.581178091466427 30.572209410369396 587.11450907588005 191.76566008944064 40.885887540876865 285.83129927329719 45.368960870429873 83.130906112492085 95.8105423822999 22.027744218707085
leaf_count=62 40 9291 78 49 1021 77 215 112 160 144 105 106 49 2126 1036 97 840 127 582 221 113
internal_value=0.000525019 0.00130521 -0.0058218 -0.00426842 -0.00311317 -0.00603812 0.00503024 -0.0090389 0.0100941 -0.00801757 0.00243815 0.00185779 0.00129837 0.000879336 -0.0119862 -0.00338675 0.00736461 0.00930783 -0.0167049 0.0128062 -0.0228297
internal_weight=5120.96 4410.77 312.093 710.195 672.303 497.729 174.573 44.2205 130.353 293.612 78.9157 4098.68 3727.9 3601.51 214.696 403.005 370.781 331.2 94.7246 126.383 37.8923
internal_count=16651 14185 1425 2466 2313 1777 536 161 375 1363 249 12760 11687 11417 1114 1118 1073 967 659 270 153
is_linear=0
shrinkage=0.03


Tree=138
num_leaves=27
num_cat=0
split_feature=14 2 0 18 7 7 22 2 18 7 7 3 3 11 5 3 12 7 11 18 23 17 3 23 23 9
split_gain=19.9944 19.3051 21.9779 17.4233 16.2686 16.7275 16.1743 24.8469 17.8576 15.2447 18.7076 20.2131 24.4351 17.9945 20.121 19.3295 16.2402 23.2538 15.0961 13.9161 17.8801 15.4263 13.3556 12.7687 10.4607 8.76555
threshold=1.0000000180025095e-35 11.985000000000001 9740.5000000000018 13.750000000000002 102103.58 49729.945000000007 0.1754875592897801 10.445000000000002 0.58333333333333348 79121.635000000024 75689.845000000016 0.12580169050064366 0.079748459713538791 2.1500000000000008 1.0000000180025095e-35 0.264896996347259 24.500000000000004 115275.36000000002 6.9500000000000011 8.3166666666666682 1.2414285714285718 3.5000000000000004 0.16888014493476319 0.80454545454545479 1.7348484848484851 9.5000000000000018
decision_type=2 2 2 2 2 2 2 2 2 2 2 2 2 2 2 2 2 2 2 2 2 2 2 2 2 2
left_child=9 2 3 24 5 25 7 -4 -8 10 13 12 -12 14 -1 -15 17 22 -7 21 -21 -18 -11 -13 -2 -3
right_child=1 4 6 -5 -6 18 8 -9 -10 16 11 23 -14 15 -16 -17 19 -19 -20 20 -22 -23 -24 -25 -26 -27
leaf_value=0.0031397473806284498 -0.026357995402966627 0.010536062112615105 0.022106251859474516 0.0072889881338000159 0.019780860702529813 -0.0032096108035215959 0.015047245111176203 -0.013194491287384938 -0.01203976393160157 -0.010555358536309636 0.018439268268093337 0.02755232779132212 -0.025451250519598831 -0.0028372113298671372 0.01581017017989168 0.0029002076190687261 -0.016526151778633019 0.030602724792969861 -0.027317782991615955 0.011453340198796689 -0.0053478585154888778 -0.0037913878192514633 0.015224458926663176 0.00037912011068419601 0.0013336458705177304 -0.0053888576914651962
leaf_weight=1256.9992950912565 99.047448119148612 105.02257481217384 44.012429593130946 17.147221434861422 35.227705180644989 124.94870952889323 22.788879629224539 26.639861814677715 155.26147457398474 45.077244797721505 20.113117747008801 66.78967846557498 21.165316598489881 1097.7280008094385 124.12587266601622 1014.9083607587963 118.29254441056401 28.337165206670761 28.238788632676005 97.381295204162598 129.71992027945817 338.54573986679316 27.256249438971281 23.11799494177103 11.443555176258085 39.62652499973774
leaf_count=3788 557 236 142 44 71 350 86 92 643 185 54 169 97 3858 327 2985 618 70 99 266 379 1254 70 65 39 107
internal_value=0.000509638 -0.00414794 -0.00879373 -0.0188672 0.00103312 -0.00120144 -0.00339491 0.00838616 -0.00827761 0.00126729 0.00209242 0.013162 -0.00350837 0.0016609 0.00432138 -6.66381e-05 -0.00250237 0.00854084 -0.00814185 -0.00419175 0.00176266 -0.00721194 -0.000289326 0.021052 -0.0232506 0.00595488
internal_weight=5118.96 709.405 376.341 127.638 333.064 297.837 248.703 70.6523 178.05 4409.56 3624.95 131.186 41.2784 3493.76 1381.13 2112.64 784.61 100.671 153.187 683.939 227.101 456.838 72.3335 89.9077 110.491 144.649
internal_count=16651 2466 1603 640 863 792 963 234 729 14185 11343 385 151 10958 4115 6843 2842 325 449 2517 645 1872 255 234 596 343
is_linear=0
shrinkage=0.03


end of trees

feature_importances:
credit_score=415
dti=378
loan_to_income_ratio=212
employment_length_yrs=196
annual_income=194
latest_roll3_avg_days_late=184
pct_balance_paid_down=183
avg_days_late_momentum=175
interest_rate=158
pctrank_avg_lateness=156
max_days_late_ever=144
credit_score_pctrank=131
latest_balance=131
age=122
loan_amount=113
dti_decile=100
delinq_2yrs=99
open_accounts=98
income_pctrank=51
n_inquiries_24mo=30
owns_home=26
is_renter=22
n_payments_observed=20
is_small_business=12
n_inquiries_6mo=10
total_late_payments=7
is_debt_consolidation=3

parameters:
[boosting: gbdt]
[objective: binary]
[metric: auc]
[tree_learner: serial]
[device_type: cpu]
[data_sample_strategy: bagging]
[data: ]
[valid: ]
[num_iterations: 800]
[learning_rate: 0.03]
[num_leaves: 31]
[num_threads: 0]
[seed: 42]
[deterministic: 0]
[force_col_wise: 0]
[force_row_wise: 0]
[histogram_pool_size: -1]
[max_depth: 5]
[min_data_in_leaf: 60]
[min_sum_hessian_in_leaf: 0.001]
[bagging_fraction: 0.8]
[pos_bagging_fraction: 1]
[neg_bagging_fraction: 1]
[bagging_freq: 5]
[bagging_seed: 400]
[bagging_by_query: 0]
[feature_fraction: 0.75]
[feature_fraction_bynode: 1]
[feature_fraction_seed: 30056]
[extra_trees: 0]
[extra_seed: 12879]
[early_stopping_round: 0]
[early_stopping_min_delta: 0]
[first_metric_only: 0]
[max_delta_step: 0]
[lambda_l1: 1]
[lambda_l2: 2]
[linear_lambda: 0]
[min_gain_to_split: 0]
[drop_rate: 0.1]
[max_drop: 50]
[skip_drop: 0.5]
[xgboost_dart_mode: 0]
[uniform_drop: 0]
[drop_seed: 17869]
[top_rate: 0.2]
[other_rate: 0.1]
[min_data_per_group: 100]
[max_cat_threshold: 32]
[cat_l2: 10]
[cat_smooth: 10]
[max_cat_to_onehot: 4]
[top_k: 20]
[monotone_constraints: ]
[monotone_constraints_method: basic]
[monotone_penalty: 0]
[feature_contri: ]
[forcedsplits_filename: ]
[refit_decay_rate: 0.9]
[cegb_tradeoff: 1]
[cegb_penalty_split: 0]
[cegb_penalty_feature_lazy: ]
[cegb_penalty_feature_coupled: ]
[path_smooth: 0]
[interaction_constraints: ]
[verbosity: -1]
[saved_feature_importance_type: 0]
[use_quantized_grad: 0]
[num_grad_quant_bins: 4]
[quant_train_renew_leaf: 0]
[stochastic_rounding: 1]
[linear_tree: 0]
[max_bin: 255]
[max_bin_by_feature: ]
[min_data_in_bin: 3]
[bin_construct_sample_cnt: 200000]
[data_random_seed: 175]
[is_enable_sparse: 1]
[enable_bundle: 1]
[use_missing: 1]
[zero_as_missing: 0]
[feature_pre_filter: 1]
[pre_partition: 0]
[two_round: 0]
[header: 0]
[label_column: ]
[weight_column: ]
[group_column: ]
[ignore_column: ]
[categorical_feature: ]
[forcedbins_filename: ]
[precise_float_parser: 0]
[parser_config_file: ]
[objective_seed: 16083]
[num_class: 1]
[is_unbalance: 0]
[scale_pos_weight: 5.03598]
[sigmoid: 1]
[boost_from_average: 1]
[reg_sqrt: 0]
[alpha: 0.9]
[fair_c: 1]
[poisson_max_delta_step: 0.7]
[tweedie_variance_power: 1.5]
[lambdarank_truncation_level: 30]
[lambdarank_norm: 1]
[label_gain: ]
[lambdarank_position_bias_regularization: 0]
[eval_at: ]
[multi_error_top_k: 1]
[auc_mu_weights: ]
[num_machines: 1]
[local_listen_port: 12400]
[time_out: 120]
[machine_list_filename: ]
[machines: ]
[gpu_platform_id: -1]
[gpu_device_id: -1]
[gpu_device_id_list: ]
[gpu_use_dp: 0]
[num_gpu: 1]

end of parameters

pandas_categorical:[]
